{"type": "FeatureCollection", "features": [{"type": "Feature", "geometry": {"type": "MultiPolygon", "coordinates": [[[[-56.749, -1.6519], [-56.755, -1.6361], [-56.7559, -1.6244], [-56.7503, -1.6169], [-56.7486, -1.608], [-56.7566, -1.6029], [-56.7701, -1.6], [-56.7818, -1.6016], [-56.7934, -1.5995], [-56.8062, -1.6063], [-56.8073, -1.6186], [-56.815, -1.6286], [-56.8204, -1.6266], [-56.8334, -1.6334], [-56.8423, -1.6481], [-56.8467, -1.6507], [-56.8553, -1.6468], [-56.8646, -1.6484], [-56.8731, -1.6552], [-56.8817, -1.6551], [-56.8891, -1.6513], [-56.908, -1.6465], [-56.9181, -1.6477], [-56.9239, -1.6412], [-56.9273, -1.6319], [-56.9402, -1.627], [-56.9559, -1.6305], [-56.9608, -1.6252], [-56.9435, -1.6126], [-56.9486, -1.5995], [-56.9587, -1.5931], [-56.959, -1.585], [-56.9635, -1.5811], [-56.9789, -1.5915], [-56.9897, -1.5896], [-56.995, -1.5809], [-56.9936, -1.5663], [-56.9979, -1.564], [-57.0005, -1.5499], [-57.0083, -1.5461], [-57.0088, -1.5359], [-57.0213, -1.5438], [-57.025, -1.5379], [-57.0394, -1.5378], [-57.0633, -1.5179], [-57.0772, -1.5132], [-57.0887, -1.5208], [-57.108, -1.5187], [-57.1149, -1.514], [-57.1267, -1.5159], [-57.133, -1.5131], [-57.1354, -1.5058], [-57.1466, -1.4963], [-57.1596, -1.4965], [-57.155, -1.4744], [-57.15, -1.4657], [-57.1449, -1.439], [-57.1436, -1.4232], [-57.1474, -1.418], [-57.1604, -1.4169], [-57.1721, -1.4244], [-57.1791, -1.4174], [-57.186, -1.4356], [-57.1937, -1.4384], [-57.1992, -1.4247], [-57.2131, -1.4195], [-57.216, -1.4111], [-57.2319, -1.4198], [-57.2372, -1.4332], [-57.2412, -1.4345], [-57.2494, -1.4253], [-57.2666, -1.4154], [-57.2694, -1.4084], [-57.2798, -1.3988], [-57.2757, -1.3795], [-57.2832, -1.3789], [-57.3, -1.3906], [-57.3066, -1.3903], [-57.3015, -1.3796], [-57.2932, -1.3688], [-57.2956, -1.3636], [-57.3105, -1.3683], [-57.314, -1.3525], [-57.3288, -1.3395], [-57.3455, -1.3398], [-57.3485, -1.3327], [-57.3552, -1.3322], [-57.3646, -1.337], [-57.3715, -1.3317], [-57.3837, -1.333], [-57.3887, -1.3383], [-57.4055, -1.3502], [-57.4112, -1.348], [-57.4136, -1.3374], [-57.4191, -1.3362], [-57.4286, -1.3476], [-57.4404, -1.3364], [-57.4546, -1.3426], [-57.4583, -1.3387], [-57.4516, -1.3225], [-57.4595, -1.3086], [-57.4661, -1.31], [-57.4665, -1.2883], [-57.4767, -1.2801], [-57.4775, -1.2655], [-57.4919, -1.259], [-57.4962, -1.2527], [-57.5002, -1.2382], [-57.508, -1.2319], [-57.5208, -1.2105], [-57.5268, -1.1926], [-57.5285, -1.1727], [-57.5408, -1.1648], [-57.5454, -1.1376], [-57.5534, -1.1263], [-57.5684, -1.1307], [-57.5809, -1.1241], [-57.5912, -1.0989], [-57.5985, -1.0963], [-57.6204, -1.0974], [-57.6316, -1.0875], [-57.6422, -1.089], [-57.6522, -1.0953], [-57.672, -1.0902], [-57.6824, -1.0917], [-57.6782, -1.0815], [-57.6823, -1.0778], [-57.6782, -1.0708], [-57.6793, -1.0508], [-57.6898, -1.0433], [-57.6985, -1.0409], [-57.7012, -1.0333], [-57.7085, -1.0325], [-57.7161, -1.0234], [-57.7133, -1.0168], [-57.719, -1.0061], [-57.712, -1.0004], [-57.7156, -0.9887], [-57.7272, -0.9941], [-57.734, -0.9945], [-57.7387, -0.9876], [-57.7577, -0.9887], [-57.7585, -0.9822], [-57.7649, -0.9734], [-57.7697, -0.9495], [-57.7862, -0.945], [-57.7932, -0.9399], [-57.8086, -0.9365], [-57.8157, -0.9221], [-57.822, -0.9263], [-57.8378, -0.9233], [-57.8428, -0.9278], [-57.8506, -0.9407], [-57.8562, -0.9429], [-57.8574, -0.9326], [-57.8546, -0.9242], [-57.8627, -0.911], [-57.8661, -0.91], [-57.8755, -0.8971], [-57.8763, -0.8882], [-57.8922, -0.8754], [-57.9122, -0.866], [-57.9145, -0.8598], [-57.9316, -0.8555], [-57.9381, -0.8509], [-57.9453, -0.8522], [-57.9515, -0.8479], [-57.953, -0.8371], [-57.9703, -0.8422], [-57.9824, -0.8426], [-57.9895, -0.839], [-57.9932, -0.8318], [-57.9842, -0.8063], [-58.0, -0.7921], [-58.0294, -0.7907], [-58.0429, -0.7891], [-58.0457, -0.7793], [-58.0507, -0.7756], [-58.0554, -0.786], [-58.0717, -0.7933], [-58.0773, -0.8074], [-58.0912, -0.8126], [-58.1119, -0.8055], [-58.1224, -0.8086], [-58.1384, -0.8005], [-58.1464, -0.7927], [-58.1579, -0.7986], [-58.162, -0.7936], [-58.1756, -0.7948], [-58.1869, -0.7902], [-58.2029, -0.8075], [-58.2131, -0.8039], [-58.2105, -0.7934], [-58.2169, -0.7835], [-58.2269, -0.784], [-58.2344, -0.7702], [-58.2235, -0.7577], [-58.2232, -0.7387], [-58.2342, -0.7205], [-58.2473, -0.7227], [-58.2496, -0.7178], [-58.2511, -0.6981], [-58.2592, -0.6895], [-58.2662, -0.6867], [-58.2756, -0.6687], [-58.283, -0.6613], [-58.2859, -0.6503], [-58.2999, -0.6358], [-58.3086, -0.6216], [-58.3173, -0.6155], [-58.3198, -0.6056], [-58.3182, -0.5885], [-58.3126, -0.5808], [-58.3131, -0.5733], [-58.3227, -0.5698], [-58.3332, -0.5753], [-58.3223, -0.5466], [-58.3272, -0.5297], [-58.3369, -0.527], [-58.3403, -0.5146], [-58.3424, -0.4881], [-58.3463, -0.4818], [-58.3693, -0.4841], [-58.3796, -0.477], [-58.3982, -0.4749], [-58.409, -0.4636], [-58.4133, -0.4468], [-58.4287, -0.4442], [-58.4405, -0.4392], [-58.4567, -0.4441], [-58.4721, -0.4405], [-58.4855, -0.45], [-58.5094, -0.4503], [-58.5206, -0.4408], [-58.5219, -0.4333], [-58.513, -0.4068], [-58.5422, -0.3889], [-58.5375, -0.3812], [-58.5204, -0.3838], [-58.5201, -0.3757], [-58.4909, -0.3798], [-58.48, -0.3752], [-58.4666, -0.3734], [-58.4555, -0.368], [-58.4482, -0.3607], [-58.4617, -0.3406], [-58.4687, -0.3384], [-58.4739, -0.3322], [-58.4641, -0.3212], [-58.4512, -0.321], [-58.4534, -0.3061], [-58.4411, -0.2946], [-58.4462, -0.2846], [-58.4532, -0.2804], [-58.4667, -0.2824], [-58.477, -0.2895], [-58.4821, -0.2899], [-58.487, -0.2803], [-58.4944, -0.2792], [-58.5134, -0.2821], [-58.5182, -0.2793], [-58.5235, -0.2867], [-58.5288, -0.2852], [-58.529, -0.272], [-58.5328, -0.2706], [-58.5424, -0.281], [-58.5505, -0.2865], [-58.5567, -0.282], [-58.5545, -0.2741], [-58.5621, -0.2718], [-58.5723, -0.2733], [-58.5793, -0.2701], [-58.5887, -0.2719], [-58.5919, -0.2641], [-58.5983, -0.2657], [-58.6061, -0.2558], [-58.6137, -0.2499], [-58.6191, -0.2407], [-58.6313, -0.2421], [-58.6359, -0.2156], [-58.639, -0.2084], [-58.6465, -0.2042], [-58.648, -0.1917], [-58.6541, -0.1865], [-58.658, -0.1775], [-58.6651, -0.1761], [-58.6634, -0.1675], [-58.6673, -0.1621], [-58.6769, -0.1632], [-58.6797, -0.1487], [-58.6845, -0.1514], [-58.7008, -0.1531], [-58.7037, -0.1401], [-58.6999, -0.1342], [-58.7061, -0.1263], [-58.7146, -0.1224], [-58.7065, -0.1061], [-58.7155, -0.0897], [-58.7183, -0.0811], [-58.7034, -0.0772], [-58.7023, -0.0725], [-58.7151, -0.0661], [-58.7367, -0.0649], [-58.7389, -0.0547], [-58.7456, -0.0612], [-58.7559, -0.0586], [-58.7594, -0.0676], [-58.7707, -0.0568], [-58.7764, -0.0682], [-58.7838, -0.0715], [-58.7903, -0.0691], [-58.7951, -0.0745], [-58.8033, -0.0707], [-58.8116, -0.0752], [-58.8224, -0.0719], [-58.8276, -0.0779], [-58.8371, -0.0755], [-58.8369, -0.0684], [-58.8428, -0.0624], [-58.834, -0.054], [-58.8243, -0.0493], [-58.8277, -0.0413], [-58.8236, -0.0334], [-58.8257, -0.0276], [-58.8332, -0.0269], [-58.8414, -0.0195], [-58.8503, -0.0319], [-58.8622, -0.0234], [-58.8636, -0.0168], [-58.8734, -0.0076], [-58.8853, -0.0055], [-58.895, -0.011], [-58.8955, 0.0009], [-58.8955, 0.2635], [-58.8956, 0.5922], [-58.8955, 0.9047], [-58.8955, 1.2277], [-58.8919, 1.2308], [-58.8822, 1.2288], [-58.8711, 1.2177], [-58.8708, 1.2088], [-58.8669, 1.2032], [-58.8594, 1.2041], [-58.8594, 1.1963], [-58.8544, 1.1835], [-58.8461, 1.1819], [-58.8319, 1.188], [-58.8241, 1.1833], [-58.8213, 1.171], [-58.8061, 1.1813], [-58.8002, 1.1766], [-58.7936, 1.1846], [-58.7794, 1.1907], [-58.7699, 1.1865], [-58.7641, 1.1971], [-58.7513, 1.2085], [-58.7372, 1.2063], [-58.7302, 1.2107], [-58.7252, 1.2188], [-58.7163, 1.241], [-58.7211, 1.2452], [-58.7183, 1.266], [-58.7099, 1.2835], [-58.7105, 1.2899], [-58.6947, 1.2974], [-58.6802, 1.2963], [-58.6761, 1.2852], [-58.6613, 1.2805], [-58.6527, 1.2883], [-58.6461, 1.2855], [-58.6288, 1.2886], [-58.6127, 1.2811], [-58.6083, 1.2738], [-58.6019, 1.2741], [-58.5886, 1.2699], [-58.5827, 1.2635], [-58.5777, 1.2747], [-58.5777, 1.2833], [-58.5699, 1.2861], [-58.5647, 1.2947], [-58.5597, 1.2902], [-58.5469, 1.2919], [-58.5402, 1.288], [-58.5383, 1.2677], [-58.5299, 1.2707], [-58.5202, 1.2657], [-58.513, 1.2777], [-58.4963, 1.268], [-58.4973, 1.279], [-58.4935, 1.2878], [-58.4952, 1.295], [-58.4835, 1.3004], [-58.4781, 1.3057], [-58.4711, 1.3194], [-58.4744, 1.3484], [-58.4709, 1.3509], [-58.4642, 1.3651], [-58.458, 1.3715], [-58.4649, 1.3754], [-58.4716, 1.3742], [-58.4851, 1.3848], [-58.4797, 1.3902], [-58.5052, 1.4032], [-58.5016, 1.415], [-58.5033, 1.4249], [-58.4982, 1.4302], [-58.5024, 1.4429], [-58.508, 1.4449], [-58.5097, 1.4594], [-58.5052, 1.4649], [-58.4905, 1.4665], [-58.4884, 1.4621], [-58.4729, 1.4611], [-58.4651, 1.4663], [-58.4485, 1.4561], [-58.4395, 1.4645], [-58.4254, 1.467], [-58.4129, 1.4727], [-58.4041, 1.4698], [-58.3857, 1.47], [-58.3719, 1.4816], [-58.3768, 1.488], [-58.3904, 1.4964], [-58.39, 1.5152], [-58.3951, 1.5229], [-58.3896, 1.5354], [-58.3632, 1.5381], [-58.3595, 1.5464], [-58.3605, 1.5602], [-58.3435, 1.5666], [-58.3446, 1.5758], [-58.3375, 1.5812], [-58.3325, 1.5907], [-58.3225, 1.5971], [-58.3144, 1.594], [-58.3142, 1.5846], [-58.3172, 1.5685], [-58.2929, 1.5643], [-58.2842, 1.5733], [-58.2718, 1.5674], [-58.2624, 1.5708], [-58.2546, 1.5619], [-58.2333, 1.5475], [-58.2294, 1.5538], [-58.2211, 1.5566], [-58.213, 1.5648], [-58.1974, 1.5672], [-58.1895, 1.5716], [-58.1798, 1.5655], [-58.1607, 1.5602], [-58.1567, 1.5437], [-58.1553, 1.5301], [-58.1462, 1.5154], [-58.1497, 1.5101], [-58.1295, 1.499], [-58.1114, 1.5012], [-58.0977, 1.514], [-58.0856, 1.5149], [-58.085, 1.508], [-58.0695, 1.5074], [-58.0653, 1.5223], [-58.061, 1.5254], [-58.0407, 1.521], [-58.0295, 1.5133], [-58.0273, 1.5087], [-58.0043, 1.5031], [-58.0056, 1.5168], [-58.0005, 1.5208], [-58.0013, 1.5282], [-57.9895, 1.5477], [-57.9944, 1.5532], [-57.99, 1.5674], [-57.9826, 1.5659], [-57.9787, 1.5728], [-57.984, 1.5863], [-57.9815, 1.5964], [-57.9827, 1.6266], [-57.9804, 1.6333], [-58.0025, 1.6495], [-57.9903, 1.6515], [-57.9902, 1.6585], [-57.9811, 1.6594], [-57.9705, 1.6544], [-57.962, 1.6572], [-57.9503, 1.6477], [-57.9406, 1.6485], [-57.9269, 1.6449], [-57.9136, 1.6477], [-57.9048, 1.6557], [-57.9022, 1.6678], [-57.8951, 1.6744], [-57.8847, 1.6698], [-57.8772, 1.6719], [-57.8772, 1.6804], [-57.8522, 1.6679], [-57.8532, 1.6779], [-57.8365, 1.6866], [-57.8196, 1.6839], [-57.8092, 1.6884], [-57.8031, 1.6846], [-57.7977, 1.6873], [-57.7984, 1.6971], [-57.7947, 1.7103], [-57.7924, 1.7267], [-57.7805, 1.7193], [-57.7771, 1.7283], [-57.7689, 1.7274], [-57.7523, 1.7191], [-57.7451, 1.7229], [-57.7363, 1.7195], [-57.7197, 1.7229], [-57.7102, 1.7177], [-57.712, 1.7286], [-57.7052, 1.731], [-57.6972, 1.7209], [-57.6981, 1.7138], [-57.6871, 1.7065], [-57.6752, 1.706], [-57.6683, 1.7027], [-57.6679, 1.6957], [-57.6606, 1.6892], [-57.6556, 1.6905], [-57.6505, 1.6824], [-57.633, 1.6915], [-57.6294, 1.6985], [-57.6049, 1.693], [-57.5979, 1.7005], [-57.5761, 1.7027], [-57.5772, 1.6904], [-57.5727, 1.6888], [-57.5646, 1.6959], [-57.5533, 1.6925], [-57.5504, 1.7007], [-57.5377, 1.7006], [-57.5343, 1.7083], [-57.5414, 1.7205], [-57.5319, 1.7216], [-57.5262, 1.7281], [-57.519, 1.7212], [-57.5161, 1.742], [-57.5086, 1.7575], [-57.5019, 1.758], [-57.497, 1.7735], [-57.502, 1.7862], [-57.4938, 1.7926], [-57.4777, 1.7948], [-57.451, 1.8064], [-57.4449, 1.8224], [-57.4378, 1.8301], [-57.4451, 1.8412], [-57.4401, 1.8508], [-57.432, 1.8586], [-57.4325, 1.8694], [-57.4293, 1.8739], [-57.4362, 1.8806], [-57.4326, 1.8909], [-57.4335, 1.906], [-57.4278, 1.9095], [-57.4107, 1.9098], [-57.403, 1.9128], [-57.3985, 1.9219], [-57.3851, 1.9275], [-57.3758, 1.9223], [-57.365, 1.9261], [-57.3571, 1.9472], [-57.3682, 1.9522], [-57.3692, 1.9565], [-57.3543, 1.9612], [-57.3563, 1.9705], [-57.3457, 1.9803], [-57.3383, 1.9754], [-57.3293, 1.9797], [-57.3133, 1.9773], [-57.3072, 1.9967], [-57.3013, 1.9954], [-57.2773, 1.9831], [-57.2689, 1.9837], [-57.2735, 1.9742], [-57.267, 1.9692], [-57.253, 1.9485], [-57.2443, 1.9473], [-57.2376, 1.9394], [-57.2293, 1.9377], [-57.2292, 1.9536], [-57.2148, 1.9614], [-57.2, 1.9787], [-57.1834, 1.9796], [-57.1792, 1.9902], [-57.164, 1.9948], [-57.1584, 1.9919], [-57.1465, 1.9952], [-57.1409, 2.0011], [-57.1201, 2.0102], [-57.1164, 2.0149], [-57.1167, 2.028], [-57.1066, 2.0268], [-57.1002, 2.0188], [-57.0868, 2.0265], [-57.0817, 2.0189], [-57.0826, 2.0076], [-57.0735, 2.0025], [-57.0702, 1.9895], [-57.0713, 1.9688], [-57.064, 1.956], [-57.0565, 1.9569], [-57.0347, 1.9486], [-57.025, 1.9398], [-57.0245, 1.9279], [-57.0143, 1.915], [-57.0092, 1.917], [-57.0008, 1.9074], [-56.9917, 1.9075], [-56.9762, 1.903], [-56.9716, 1.9056], [-56.9683, 1.9167], [-56.9593, 1.9245], [-56.9404, 1.9215], [-56.9198, 1.9304], [-56.9064, 1.9152], [-56.9073, 1.9105], [-56.8936, 1.8994], [-56.8667, 1.8932], [-56.8587, 1.8953], [-56.8563, 1.8893], [-56.8459, 1.8933], [-56.8379, 1.8881], [-56.831, 1.8889], [-56.8287, 1.8817], [-56.8093, 1.8738], [-56.8015, 1.8742], [-56.7958, 1.8614], [-56.798, 1.8534], [-56.7881, 1.8544], [-56.7887, 1.8642], [-56.7817, 1.8644], [-56.7682, 1.8761], [-56.765, 1.8884], [-56.7564, 1.8907], [-56.7506, 1.8962], [-56.7498, 1.9029], [-56.7377, 1.9087], [-56.7348, 1.9173], [-56.7269, 1.9186], [-56.7164, 1.9261], [-56.6924, 1.9152], [-56.6735, 1.9128], [-56.6547, 1.9182], [-56.6492, 1.9312], [-56.6411, 1.9314], [-56.63, 1.9425], [-56.6215, 1.946], [-56.6079, 1.9344], [-56.5985, 1.9365], [-56.5965, 1.926], [-56.5901, 1.9214], [-56.5867, 1.911], [-56.5798, 1.906], [-56.561, 1.9111], [-56.5556, 1.9174], [-56.5467, 1.9155], [-56.5353, 1.9218], [-56.525, 1.9248], [-56.5181, 1.9324], [-56.5039, 1.9344], [-56.4957, 1.9381], [-56.4829, 1.9542], [-56.469, 1.9493], [-56.4542, 1.9524], [-56.4448, 1.9486], [-56.4371, 1.9518], [-56.4239, 1.9421], [-56.4119, 1.9283], [-56.4037, 1.9303], [-56.3971, 1.9234], [-56.3901, 1.9235], [-56.3887, 1.933], [-56.3721, 1.9329], [-56.3691, 1.9374], [-56.3583, 1.9415], [-56.3394, 1.9355], [-56.335, 1.9372], [-56.3215, 1.9237], [-56.3121, 1.923], [-56.3028, 1.9118], [-56.2901, 1.9066], [-56.2761, 1.8968], [-56.2724, 1.8966], [-56.2632, 1.8857], [-56.2487, 1.8796], [-56.2415, 1.8797], [-56.2406, 1.8867], [-56.2345, 1.8987], [-56.2151, 1.9021], [-56.209, 1.8944], [-56.199, 1.8926], [-56.1825, 1.8927], [-56.171, 1.9006], [-56.1707, 1.8912], [-56.1527, 1.8908], [-56.151, 1.8856], [-56.1412, 1.8751], [-56.1326, 1.87], [-56.13, 1.8593], [-56.1129, 1.8551], [-56.0987, 1.8466], [-56.0903, 1.8538], [-56.0814, 1.846], [-56.0665, 1.8519], [-56.05, 1.8509], [-56.0435, 1.8473], [-56.0367, 1.8503], [-56.0291, 1.8417], [-56.0242, 1.8427], [-55.999, 1.8314], [-55.9958, 1.835], [-55.9833, 1.8356], [-55.9702, 1.8484], [-55.9543, 1.8486], [-55.94, 1.8619], [-55.9344, 1.8716], [-55.9099, 1.887], [-55.9039, 1.8881], [-55.9015, 1.8968], [-55.902, 1.9078], [-55.9101, 1.9105], [-55.9206, 1.9191], [-55.9205, 1.9283], [-55.9239, 1.9373], [-55.9231, 1.947], [-55.9283, 1.9694], [-55.932, 1.9713], [-55.9361, 1.9834], [-55.9352, 1.9966], [-55.9292, 1.9974], [-55.9228, 1.9913], [-55.9138, 1.9906], [-55.908, 2.0014], [-55.9109, 2.0145], [-55.9021, 2.0294], [-55.9032, 2.0412], [-55.9089, 2.0475], [-55.924, 2.0518], [-55.933, 2.0614], [-55.9268, 2.0752], [-55.9413, 2.0812], [-55.9488, 2.0918], [-55.9669, 2.0885], [-55.9731, 2.1033], [-55.9698, 2.1131], [-55.9757, 2.1196], [-55.9756, 2.1261], [-55.9822, 2.1319], [-55.9914, 2.1314], [-55.9938, 2.1396], [-55.9867, 2.1459], [-55.9921, 2.1511], [-55.9938, 2.1587], [-56.0031, 2.1677], [-56.0142, 2.1654], [-56.0273, 2.1696], [-56.0351, 2.1689], [-56.0459, 2.1772], [-56.0563, 2.1894], [-56.0469, 2.196], [-56.0426, 2.2063], [-56.0362, 2.2136], [-56.043, 2.2279], [-56.0487, 2.2322], [-56.0581, 2.2335], [-56.0689, 2.2429], [-56.0774, 2.2376], [-56.0881, 2.25], [-56.0958, 2.2462], [-56.109, 2.2448], [-56.1205, 2.2504], [-56.1202, 2.2551], [-56.1325, 2.2637], [-56.1371, 2.2708], [-56.1254, 2.2783], [-56.1281, 2.2865], [-56.1146, 2.2987], [-56.1135, 2.3111], [-56.1073, 2.3184], [-56.0938, 2.3213], [-56.092, 2.3299], [-56.0957, 2.3384], [-56.089, 2.3516], [-56.0923, 2.3602], [-56.0902, 2.3724], [-56.074, 2.3709], [-56.0687, 2.3615], [-56.0613, 2.355], [-56.0592, 2.343], [-56.0507, 2.3351], [-56.0296, 2.3325], [-56.0297, 2.3397], [-56.0226, 2.3475], [-56.0331, 2.3643], [-56.04, 2.3664], [-56.0367, 2.3743], [-56.0248, 2.3825], [-56.0233, 2.391], [-56.0148, 2.3999], [-56.0071, 2.4016], [-56.0015, 2.413], [-55.9899, 2.4173], [-55.9897, 2.4271], [-55.9858, 2.434], [-56.0033, 2.4459], [-56.009, 2.4444], [-56.0116, 2.4529], [-56.0003, 2.463], [-55.9912, 2.4671], [-55.9882, 2.4788], [-55.9798, 2.4852], [-55.978, 2.4965], [-55.993, 2.5046], [-55.9893, 2.5178], [-55.9797, 2.5189], [-55.9783, 2.5274], [-55.9706, 2.5294], [-55.9347, 2.5335], [-55.9242, 2.5306], [-55.9199, 2.5179], [-55.9103, 2.5201], [-55.9017, 2.5173], [-55.8976, 2.5056], [-55.8863, 2.5036], [-55.8809, 2.489], [-55.8739, 2.488], [-55.8662, 2.4815], [-55.8546, 2.4806], [-55.8508, 2.4692], [-55.8389, 2.4623], [-55.8108, 2.4576], [-55.8028, 2.4594], [-55.784, 2.4566], [-55.7814, 2.4618], [-55.7667, 2.4553], [-55.7616, 2.4406], [-55.7675, 2.438], [-55.7538, 2.4258], [-55.7528, 2.4178], [-55.747, 2.4105], [-55.7279, 2.4069], [-55.718, 2.4021], [-55.7293, 2.4006], [-55.7633, 2.3926], [-55.7856, 2.3936], [-55.8094, 2.4015], [-55.8148, 2.4011], [-55.8336, 2.4092], [-55.8419, 2.4055], [-55.8681, 2.3996], [-55.8778, 2.394], [-55.9023, 2.3836], [-55.9243, 2.3677], [-55.9321, 2.3605], [-55.9419, 2.3468], [-55.9466, 2.3315], [-55.9462, 2.3159], [-55.9432, 2.312], [-55.9454, 2.3021], [-55.944, 2.2942], [-55.9495, 2.2771], [-55.9568, 2.236], [-55.9498, 2.2169], [-55.9533, 2.2081], [-55.9493, 2.2037], [-55.9525, 2.1951], [-55.9446, 2.191], [-55.9439, 2.1792], [-55.9254, 2.1722], [-55.9159, 2.1584], [-55.9141, 2.1429], [-55.9072, 2.1452], [-55.8985, 2.128], [-55.8988, 2.1076], [-55.8869, 2.1011], [-55.8818, 2.0936], [-55.8857, 2.0899], [-55.8808, 2.0824], [-55.8713, 2.0741], [-55.8741, 2.0656], [-55.8724, 2.0591], [-55.8813, 2.0373], [-55.8709, 2.0366], [-55.8682, 2.024], [-55.862, 2.0183], [-55.8557, 2.0039], [-55.8562, 1.9959], [-55.8481, 1.9903], [-55.8526, 1.9732], [-55.8448, 1.9716], [-55.8403, 1.961], [-55.836, 1.9583], [-55.8355, 1.9417], [-55.8332, 1.9276], [-55.822, 1.9204], [-55.8212, 1.9152], [-55.83, 1.9106], [-55.8222, 1.8986], [-55.8293, 1.888], [-55.8242, 1.8828], [-55.8244, 1.8656], [-55.8178, 1.8529], [-55.8175, 1.8405], [-55.8114, 1.8302], [-55.8114, 1.805], [-55.8162, 1.7983], [-55.8239, 1.7979], [-55.8244, 1.7908], [-55.8374, 1.7721], [-55.8391, 1.7621], [-55.8326, 1.7529], [-55.8314, 1.7418], [-55.822, 1.7259], [-55.8247, 1.7218], [-55.8173, 1.7057], [-55.8202, 1.6966], [-55.8111, 1.6726], [-55.8098, 1.6523], [-55.8075, 1.6434], [-55.8119, 1.6285], [-55.8068, 1.6213], [-55.8007, 1.6234], [-55.7959, 1.615], [-55.798, 1.6055], [-55.7938, 1.5977], [-55.7846, 1.5919], [-55.7778, 1.5755], [-55.7695, 1.5718], [-55.7654, 1.5649], [-55.7672, 1.554], [-55.7539, 1.5564], [-55.7581, 1.5469], [-55.7468, 1.5352], [-55.7453, 1.5262], [-55.7481, 1.516], [-55.7363, 1.5143], [-55.7419, 1.5054], [-55.7383, 1.4951], [-55.7401, 1.4884], [-55.732, 1.4654], [-55.7264, 1.4669], [-55.7195, 1.4578], [-55.7131, 1.4609], [-55.6971, 1.4506], [-55.6864, 1.4479], [-55.6814, 1.4527], [-55.6615, 1.442], [-55.6605, 1.4344], [-55.6522, 1.4314], [-55.6394, 1.4191], [-55.6329, 1.4159], [-55.6302, 1.404], [-55.6209, 1.4006], [-55.6215, 1.3917], [-55.6158, 1.3849], [-55.6162, 1.3734], [-55.6121, 1.359], [-55.6004, 1.3591], [-55.6004, 1.3411], [-55.5905, 1.3313], [-55.5941, 1.3175], [-55.5886, 1.2969], [-55.6058, 1.2874], [-55.6048, 1.2759], [-55.6205, 1.2713], [-55.6102, 1.262], [-55.6075, 1.2503], [-55.6021, 1.2437], [-55.6101, 1.235], [-55.6002, 1.2267], [-55.6042, 1.2204], [-55.6137, 1.2182], [-55.6335, 1.196], [-55.6281, 1.1769], [-55.6405, 1.1659], [-55.6446, 1.1568], [-55.6577, 1.1528], [-55.6604, 1.1359], [-55.6569, 1.1274], [-55.6634, 1.1151], [-55.6717, 1.1109], [-55.6766, 1.1195], [-55.692, 1.113], [-55.7008, 1.1195], [-55.718, 1.1049], [-55.7188, 1.0996], [-55.7265, 1.0931], [-55.7185, 1.0873], [-55.7183, 1.0818], [-55.7272, 1.0761], [-55.7305, 1.0691], [-55.7268, 1.0492], [-55.735, 1.0413], [-55.7332, 1.0369], [-55.74, 1.0229], [-55.738, 1.0107], [-55.7301, 0.9859], [-55.734, 0.977], [-55.7445, 0.968], [-55.7478, 0.9607], [-55.75, 0.9467], [-55.7543, 0.9365], [-55.7583, 0.9174], [-55.7524, 0.9], [-55.7464, 0.8898], [-55.7488, 0.8748], [-55.7549, 0.8704], [-55.7669, 0.8752], [-55.7728, 0.8751], [-55.7882, 0.8415], [-55.8028, 0.8335], [-55.7949, 0.8202], [-55.803, 0.8128], [-55.8118, 0.8179], [-55.8176, 0.809], [-55.8226, 0.8162], [-55.8306, 0.8194], [-55.8432, 0.8166], [-55.8491, 0.8081], [-55.8581, 0.7898], [-55.8684, 0.7838], [-55.8758, 0.7898], [-55.8871, 0.7823], [-55.892, 0.7731], [-55.8951, 0.7593], [-55.8928, 0.7532], [-55.8948, 0.7382], [-55.9034, 0.7294], [-55.9127, 0.7262], [-55.9199, 0.735], [-55.9322, 0.7355], [-55.9263, 0.727], [-55.9483, 0.7186], [-55.9471, 0.7082], [-55.9512, 0.6958], [-55.9584, 0.6843], [-55.9625, 0.6623], [-55.9515, 0.6534], [-55.9701, 0.6299], [-55.9734, 0.6186], [-55.9729, 0.608], [-55.9652, 0.5957], [-55.9638, 0.5881], [-55.968, 0.5821], [-55.977, 0.5578], [-55.9737, 0.5479], [-55.959, 0.5357], [-55.9506, 0.5363], [-55.9382, 0.5456], [-55.9346, 0.5367], [-55.9194, 0.527], [-55.9172, 0.5182], [-55.9171, 0.4951], [-55.9153, 0.4805], [-55.917, 0.4602], [-55.9233, 0.4454], [-55.9221, 0.4409], [-55.9114, 0.4297], [-55.9042, 0.4253], [-55.8963, 0.4032], [-55.8966, 0.3961], [-55.902, 0.3881], [-55.8948, 0.3683], [-55.9013, 0.3607], [-55.9114, 0.3561], [-55.9278, 0.356], [-55.9478, 0.3466], [-55.9654, 0.3476], [-55.9794, 0.3467], [-55.9826, 0.3505], [-55.9986, 0.3505], [-56.0065, 0.3575], [-56.0163, 0.3595], [-56.0156, 0.3694], [-56.0231, 0.3787], [-56.0377, 0.3784], [-56.0425, 0.3819], [-56.0727, 0.3927], [-56.0841, 0.3931], [-56.0919, 0.398], [-56.1018, 0.3995], [-56.1274, 0.3674], [-56.1315, 0.3548], [-56.1406, 0.3371], [-56.1478, 0.3327], [-56.1613, 0.3173], [-56.1631, 0.3008], [-56.1546, 0.2909], [-56.1513, 0.2788], [-56.1501, 0.2626], [-56.1591, 0.2459], [-56.1622, 0.2293], [-56.1698, 0.2192], [-56.1748, 0.2051], [-56.1713, 0.1912], [-56.1711, 0.1803], [-56.1648, 0.1764], [-56.1563, 0.1612], [-56.148, 0.1525], [-56.1482, 0.1381], [-56.1417, 0.1269], [-56.1392, 0.1175], [-56.1277, 0.1091], [-56.122, 0.095], [-56.1139, 0.0817], [-56.0982, 0.0612], [-56.0896, 0.0539], [-56.0932, 0.0284], [-56.0901, 0.0158], [-56.0851, 0.0133], [-56.0786, 0.002], [-56.0673, 0.0027], [-56.0602, -0.0129], [-56.0534, -0.0176], [-56.0493, -0.0294], [-56.0453, -0.0314], [-56.0401, -0.0519], [-56.0294, -0.077], [-56.0281, -0.0869], [-56.0368, -0.0977], [-56.0272, -0.1055], [-56.0252, -0.1191], [-56.0256, -0.1424], [-56.0224, -0.1779], [-56.0292, -0.1972], [-56.0251, -0.2062], [-56.0228, -0.2198], [-56.0274, -0.2325], [-56.0366, -0.2332], [-56.0408, -0.2503], [-56.0517, -0.2669], [-56.0538, -0.2759], [-56.0531, -0.2895], [-56.0548, -0.2999], [-56.0476, -0.3193], [-56.0391, -0.3261], [-56.0383, -0.3324], [-56.0457, -0.3356], [-56.0519, -0.3497], [-56.0528, -0.3751], [-56.0455, -0.3918], [-56.0427, -0.4028], [-56.0462, -0.4092], [-56.0617, -0.4175], [-56.067, -0.4297], [-56.0735, -0.4323], [-56.0834, -0.4278], [-56.0912, -0.4333], [-56.0952, -0.4411], [-56.0917, -0.4598], [-56.1093, -0.4742], [-56.1109, -0.4969], [-56.1221, -0.5072], [-56.1243, -0.5149], [-56.1301, -0.5174], [-56.1404, -0.5155], [-56.1432, -0.5024], [-56.1549, -0.5027], [-56.164, -0.5184], [-56.1761, -0.5201], [-56.1776, -0.5332], [-56.185, -0.54], [-56.1993, -0.5454], [-56.2091, -0.5636], [-56.2077, -0.5676], [-56.2137, -0.5797], [-56.2129, -0.5937], [-56.2014, -0.5966], [-56.202, -0.6027], [-56.2083, -0.6106], [-56.2117, -0.6279], [-56.2114, -0.6376], [-56.2078, -0.643], [-56.2154, -0.6476], [-56.2135, -0.6641], [-56.2163, -0.6739], [-56.2306, -0.6867], [-56.2447, -0.6956], [-56.246, -0.7223], [-56.2617, -0.7306], [-56.2587, -0.7369], [-56.2669, -0.7521], [-56.2658, -0.762], [-56.2499, -0.774], [-56.2456, -0.8039], [-56.2384, -0.816], [-56.2305, -0.8458], [-56.2256, -0.8566], [-56.2153, -0.8603], [-56.209, -0.8458], [-56.2033, -0.8439], [-56.1956, -0.8527], [-56.1794, -0.8554], [-56.1751, -0.8496], [-56.146, -0.8539], [-56.1402, -0.8585], [-56.1382, -0.8668], [-56.142, -0.8748], [-56.1404, -0.8842], [-56.1147, -0.9049], [-56.1056, -0.9153], [-56.0917, -0.9447], [-56.0866, -0.9523], [-56.0856, -0.9621], [-56.0743, -0.9718], [-56.0761, -0.9922], [-56.0797, -1.0085], [-56.0808, -1.028], [-56.0684, -1.051], [-56.0532, -1.052], [-56.0497, -1.0546], [-56.0415, -1.0722], [-56.0402, -1.0824], [-56.0432, -1.1037], [-56.0516, -1.1052], [-56.0568, -1.1307], [-56.0578, -1.153], [-56.0619, -1.1699], [-56.0724, -1.1951], [-56.0695, -1.207], [-56.0432, -1.2199], [-56.0394, -1.2245], [-56.0391, -1.2455], [-56.0356, -1.2597], [-56.027, -1.2696], [-56.0184, -1.2747], [-56.009, -1.2893], [-55.9982, -1.2872], [-55.9893, -1.2975], [-55.9674, -1.2939], [-55.9553, -1.3009], [-55.9331, -1.2948], [-55.926, -1.2984], [-55.9259, -1.3043], [-55.9127, -1.3093], [-55.9036, -1.3012], [-55.9015, -1.2918], [-55.8941, -1.2924], [-55.8862, -1.2976], [-55.865, -1.2963], [-55.8572, -1.2924], [-55.848, -1.2958], [-55.8475, -1.2839], [-55.8413, -1.278], [-55.837, -1.2809], [-55.8157, -1.2779], [-55.8005, -1.2877], [-55.7998, -1.2989], [-55.794, -1.3062], [-55.7835, -1.3099], [-55.7767, -1.3067], [-55.7726, -1.3139], [-55.7566, -1.3236], [-55.7479, -1.3138], [-55.7307, -1.3177], [-55.7176, -1.3266], [-55.7104, -1.3273], [-55.6994, -1.3396], [-55.6974, -1.3458], [-55.6996, -1.356], [-55.7139, -1.3763], [-55.7192, -1.381], [-55.7225, -1.3952], [-55.7319, -1.4081], [-55.7311, -1.4209], [-55.7362, -1.4391], [-55.7251, -1.4584], [-55.7182, -1.4831], [-55.7093, -1.4902], [-55.6989, -1.493], [-55.6942, -1.4975], [-55.6954, -1.5184], [-55.6917, -1.5306], [-55.6846, -1.5306], [-55.6773, -1.6752], [-55.6717, -1.7853], [-55.6815, -1.7976], [-55.6909, -1.7992], [-55.7131, -1.8151], [-55.7324, -1.8205], [-55.7441, -1.8213], [-55.7516, -1.8309], [-55.7523, -1.837], [-55.7346, -1.8442], [-55.7232, -1.8565], [-55.7059, -1.8599], [-55.682, -1.867], [-55.6779, -1.8724], [-55.6968, -1.8787], [-55.7034, -1.8774], [-55.7085, -1.8818], [-55.7303, -1.8862], [-55.7368, -1.8911], [-55.7448, -1.8822], [-55.757, -1.8858], [-55.7662, -1.9005], [-55.7725, -1.9044], [-55.7838, -1.9057], [-55.8022, -1.927], [-55.8055, -1.9267], [-55.82, -1.9156], [-55.8353, -1.9354], [-55.8369, -1.9457], [-55.8476, -1.9588], [-55.8501, -1.9681], [-55.8691, -1.9676], [-55.888, -1.9818], [-55.9025, -1.9987], [-55.9283, -1.9866], [-55.9565, -1.9683], [-55.988, -1.9561], [-56.008, -1.9495], [-56.0238, -1.9419], [-56.0382, -1.9387], [-56.0534, -1.9422], [-56.0671, -1.9519], [-56.0857, -1.9715], [-56.0892, -1.9783], [-56.122, -1.9303], [-56.1375, -1.9238], [-56.1503, -1.9348], [-56.1523, -1.9546], [-56.1654, -1.9562], [-56.1766, -1.9636], [-56.1924, -1.9495], [-56.2012, -1.9461], [-56.2096, -1.9309], [-56.211, -1.9248], [-56.2194, -1.9195], [-56.2265, -1.9204], [-56.2265, -1.9096], [-56.2347, -1.8998], [-56.2441, -1.9044], [-56.2564, -1.906], [-56.2676, -1.915], [-56.2762, -1.9153], [-56.285, -1.9076], [-56.2955, -1.9093], [-56.3039, -1.9047], [-56.3159, -1.9067], [-56.3242, -1.9168], [-56.3447, -1.9107], [-56.3542, -1.8945], [-56.3702, -1.8809], [-56.3755, -1.8661], [-56.3881, -1.8588], [-56.4075, -1.8514], [-56.4089, -1.8454], [-56.4252, -1.8437], [-56.4362, -1.8377], [-56.444, -1.8432], [-56.459, -1.8486], [-56.4685, -1.8401], [-56.4712, -1.824], [-56.4664, -1.8183], [-56.4842, -1.7998], [-56.5031, -1.7971], [-56.5142, -1.8034], [-56.5255, -1.7895], [-56.5289, -1.7785], [-56.5412, -1.7687], [-56.5508, -1.7657], [-56.5534, -1.753], [-56.5588, -1.7476], [-56.5554, -1.739], [-56.5481, -1.7341], [-56.5486, -1.7093], [-56.5572, -1.6987], [-56.5526, -1.6844], [-56.561, -1.6774], [-56.5906, -1.6709], [-56.6036, -1.6701], [-56.6098, -1.6611], [-56.6188, -1.6557], [-56.6365, -1.6526], [-56.6394, -1.6462], [-56.6516, -1.6454], [-56.6568, -1.65], [-56.6735, -1.6499], [-56.6822, -1.6428], [-56.6913, -1.6407], [-56.6984, -1.6314], [-56.7056, -1.6327], [-56.7157, -1.6415], [-56.7288, -1.6446], [-56.749, -1.6519]]]]}, "properties": {"codigo": "1505304", "nome": "Oriximiná"}}, {"type": "Feature", "geometry": {"type": "MultiPolygon", "coordinates": [[[[-55.6216, -2.1583], [-55.6189, -2.1278], [-55.6189, -2.1166], [-55.6244, -2.0986], [-55.632, -2.0882], [-55.6427, -2.0789], [-55.6703, -2.0697], [-55.6806, -2.0626], [-55.688, -2.0514], [-55.6991, -2.0489], [-55.703, -2.0418], [-55.7133, -2.0366], [-55.7202, -2.0289], [-55.7285, -2.0265], [-55.7381, -2.0195], [-55.7378, -2.0085], [-55.748, -1.9923], [-55.7689, -2.0025], [-55.8205, -2.0073], [-55.8571, -2.0037], [-55.8785, -2.0044], [-55.9025, -1.9987], [-55.888, -1.9818], [-55.8691, -1.9676], [-55.8501, -1.9681], [-55.8476, -1.9588], [-55.8369, -1.9457], [-55.8353, -1.9354], [-55.82, -1.9156], [-55.8055, -1.9267], [-55.8022, -1.927], [-55.7838, -1.9057], [-55.7725, -1.9044], [-55.7662, -1.9005], [-55.757, -1.8858], [-55.7448, -1.8822], [-55.7368, -1.8911], [-55.7303, -1.8862], [-55.7085, -1.8818], [-55.7034, -1.8774], [-55.6968, -1.8787], [-55.6779, -1.8724], [-55.682, -1.867], [-55.7059, -1.8599], [-55.7232, -1.8565], [-55.7346, -1.8442], [-55.7523, -1.837], [-55.7516, -1.8309], [-55.7441, -1.8213], [-55.7324, -1.8205], [-55.7131, -1.8151], [-55.6909, -1.7992], [-55.6815, -1.7976], [-55.6717, -1.7853], [-55.6773, -1.6752], [-55.6846, -1.5306], [-55.6917, -1.5306], [-55.6954, -1.5184], [-55.6942, -1.4975], [-55.6989, -1.493], [-55.7093, -1.4902], [-55.7182, -1.4831], [-55.7251, -1.4584], [-55.7362, -1.4391], [-55.7311, -1.4209], [-55.7319, -1.4081], [-55.7225, -1.3952], [-55.7192, -1.381], [-55.7139, -1.3763], [-55.6996, -1.356], [-55.6974, -1.3458], [-55.6994, -1.3396], [-55.7104, -1.3273], [-55.7176, -1.3266], [-55.7307, -1.3177], [-55.7479, -1.3138], [-55.7566, -1.3236], [-55.7726, -1.3139], [-55.7767, -1.3067], [-55.7835, -1.3099], [-55.794, -1.3062], [-55.7998, -1.2989], [-55.8005, -1.2877], [-55.8157, -1.2779], [-55.837, -1.2809], [-55.8413, -1.278], [-55.8475, -1.2839], [-55.848, -1.2958], [-55.8572, -1.2924], [-55.865, -1.2963], [-55.8862, -1.2976], [-55.8941, -1.2924], [-55.9015, -1.2918], [-55.9036, -1.3012], [-55.9127, -1.3093], [-55.9259, -1.3043], [-55.926, -1.2984], [-55.9331, -1.2948], [-55.9553, -1.3009], [-55.9674, -1.2939], [-55.9893, -1.2975], [-55.9982, -1.2872], [-56.009, -1.2893], [-56.0184, -1.2747], [-56.027, -1.2696], [-56.0356, -1.2597], [-56.0391, -1.2455], [-56.0394, -1.2245], [-56.0432, -1.2199], [-56.0695, -1.207], [-56.0724, -1.1951], [-56.0619, -1.1699], [-56.0578, -1.153], [-56.0568, -1.1307], [-56.0516, -1.1052], [-56.0432, -1.1037], [-56.0402, -1.0824], [-56.0415, -1.0722], [-56.0497, -1.0546], [-56.0532, -1.052], [-56.0684, -1.051], [-56.0808, -1.028], [-56.0797, -1.0085], [-56.0761, -0.9922], [-56.0743, -0.9718], [-56.0856, -0.9621], [-56.0866, -0.9523], [-56.0917, -0.9447], [-56.1056, -0.9153], [-56.1147, -0.9049], [-56.1404, -0.8842], [-56.142, -0.8748], [-56.1382, -0.8668], [-56.1402, -0.8585], [-56.146, -0.8539], [-56.1751, -0.8496], [-56.1794, -0.8554], [-56.1956, -0.8527], [-56.2033, -0.8439], [-56.209, -0.8458], [-56.2153, -0.8603], [-56.2256, -0.8566], [-56.2305, -0.8458], [-56.2384, -0.816], [-56.2456, -0.8039], [-56.2499, -0.774], [-56.2658, -0.762], [-56.2669, -0.7521], [-56.2587, -0.7369], [-56.2617, -0.7306], [-56.246, -0.7223], [-56.2447, -0.6956], [-56.2306, -0.6867], [-56.2163, -0.6739], [-56.2135, -0.6641], [-56.2154, -0.6476], [-56.2078, -0.643], [-56.2114, -0.6376], [-56.2117, -0.6279], [-56.2083, -0.6106], [-56.202, -0.6027], [-56.2014, -0.5966], [-56.2129, -0.5937], [-56.2137, -0.5797], [-56.2077, -0.5676], [-56.2091, -0.5636], [-56.1993, -0.5454], [-56.185, -0.54], [-56.1776, -0.5332], [-56.1761, -0.5201], [-56.164, -0.5184], [-56.1549, -0.5027], [-56.1432, -0.5024], [-56.1404, -0.5155], [-56.1301, -0.5174], [-56.1243, -0.5149], [-56.1221, -0.5072], [-56.1109, -0.4969], [-56.1093, -0.4742], [-56.0917, -0.4598], [-56.0952, -0.4411], [-56.0912, -0.4333], [-56.0834, -0.4278], [-56.0735, -0.4323], [-56.067, -0.4297], [-56.0617, -0.4175], [-56.0462, -0.4092], [-56.0427, -0.4028], [-56.0455, -0.3918], [-56.0528, -0.3751], [-56.0519, -0.3497], [-56.0457, -0.3356], [-56.0383, -0.3324], [-56.0391, -0.3261], [-56.0476, -0.3193], [-56.0548, -0.2999], [-56.0531, -0.2895], [-56.0538, -0.2759], [-56.0517, -0.2669], [-56.0408, -0.2503], [-56.0366, -0.2332], [-56.0274, -0.2325], [-56.0228, -0.2198], [-56.0251, -0.2062], [-56.0292, -0.1972], [-56.0224, -0.1779], [-56.0256, -0.1424], [-56.0252, -0.1191], [-56.0272, -0.1055], [-56.0368, -0.0977], [-56.0281, -0.0869], [-56.0294, -0.077], [-56.0401, -0.0519], [-56.0453, -0.0314], [-56.0493, -0.0294], [-56.0534, -0.0176], [-56.0602, -0.0129], [-56.0673, 0.0027], [-56.0786, 0.002], [-56.0851, 0.0133], [-56.0901, 0.0158], [-56.0932, 0.0284], [-56.0896, 0.0539], [-56.0982, 0.0612], [-56.1139, 0.0817], [-56.122, 0.095], [-56.1277, 0.1091], [-56.1392, 0.1175], [-56.1417, 0.1269], [-56.1482, 0.1381], [-56.148, 0.1525], [-56.1563, 0.1612], [-56.1648, 0.1764], [-56.1711, 0.1803], [-56.1713, 0.1912], [-56.1748, 0.2051], [-56.1698, 0.2192], [-56.1622, 0.2293], [-56.1591, 0.2459], [-56.1501, 0.2626], [-56.1513, 0.2788], [-56.1546, 0.2909], [-56.1631, 0.3008], [-56.1613, 0.3173], [-56.1478, 0.3327], [-56.1406, 0.3371], [-56.1315, 0.3548], [-56.1274, 0.3674], [-56.1018, 0.3995], [-56.0919, 0.398], [-56.0841, 0.3931], [-56.0727, 0.3927], [-56.0425, 0.3819], [-56.0377, 0.3784], [-56.0231, 0.3787], [-56.0156, 0.3694], [-56.0163, 0.3595], [-56.0065, 0.3575], [-55.9986, 0.3505], [-55.9826, 0.3505], [-55.9794, 0.3467], [-55.9654, 0.3476], [-55.9478, 0.3466], [-55.9278, 0.356], [-55.9114, 0.3561], [-55.9013, 0.3607], [-55.8948, 0.3683], [-55.902, 0.3881], [-55.8966, 0.3961], [-55.8963, 0.4032], [-55.9042, 0.4253], [-55.9114, 0.4297], [-55.9221, 0.4409], [-55.9233, 0.4454], [-55.917, 0.4602], [-55.9153, 0.4805], [-55.9171, 0.4951], [-55.9172, 0.5182], [-55.9194, 0.527], [-55.9346, 0.5367], [-55.9382, 0.5456], [-55.9506, 0.5363], [-55.959, 0.5357], [-55.9737, 0.5479], [-55.977, 0.5578], [-55.968, 0.5821], [-55.9638, 0.5881], [-55.9652, 0.5957], [-55.9729, 0.608], [-55.9734, 0.6186], [-55.9701, 0.6299], [-55.9515, 0.6534], [-55.9625, 0.6623], [-55.9584, 0.6843], [-55.9512, 0.6958], [-55.9471, 0.7082], [-55.9483, 0.7186], [-55.9263, 0.727], [-55.9322, 0.7355], [-55.9199, 0.735], [-55.9127, 0.7262], [-55.9034, 0.7294], [-55.8948, 0.7382], [-55.8928, 0.7532], [-55.8951, 0.7593], [-55.892, 0.7731], [-55.8871, 0.7823], [-55.8758, 0.7898], [-55.8684, 0.7838], [-55.8581, 0.7898], [-55.8491, 0.8081], [-55.8432, 0.8166], [-55.8306, 0.8194], [-55.8226, 0.8162], [-55.8176, 0.809], [-55.8118, 0.8179], [-55.803, 0.8128], [-55.7949, 0.8202], [-55.8028, 0.8335], [-55.7882, 0.8415], [-55.7728, 0.8751], [-55.7669, 0.8752], [-55.7549, 0.8704], [-55.7488, 0.8748], [-55.7464, 0.8898], [-55.7524, 0.9], [-55.7583, 0.9174], [-55.7543, 0.9365], [-55.75, 0.9467], [-55.7478, 0.9607], [-55.7445, 0.968], [-55.734, 0.977], [-55.7301, 0.9859], [-55.738, 1.0107], [-55.74, 1.0229], [-55.7332, 1.0369], [-55.735, 1.0413], [-55.7268, 1.0492], [-55.7305, 1.0691], [-55.7272, 1.0761], [-55.7183, 1.0818], [-55.7185, 1.0873], [-55.7265, 1.0931], [-55.7188, 1.0996], [-55.718, 1.1049], [-55.7008, 1.1195], [-55.692, 1.113], [-55.6766, 1.1195], [-55.6717, 1.1109], [-55.6634, 1.1151], [-55.6569, 1.1274], [-55.6604, 1.1359], [-55.6577, 1.1528], [-55.6446, 1.1568], [-55.6405, 1.1659], [-55.6281, 1.1769], [-55.6335, 1.196], [-55.6137, 1.2182], [-55.6042, 1.2204], [-55.6002, 1.2267], [-55.6101, 1.235], [-55.6021, 1.2437], [-55.6075, 1.2503], [-55.6102, 1.262], [-55.6205, 1.2713], [-55.6048, 1.2759], [-55.6058, 1.2874], [-55.5886, 1.2969], [-55.5941, 1.3175], [-55.5905, 1.3313], [-55.6004, 1.3411], [-55.6004, 1.3591], [-55.6121, 1.359], [-55.6162, 1.3734], [-55.6158, 1.3849], [-55.6215, 1.3917], [-55.6209, 1.4006], [-55.6302, 1.404], [-55.6329, 1.4159], [-55.6394, 1.4191], [-55.6522, 1.4314], [-55.6605, 1.4344], [-55.6615, 1.442], [-55.6814, 1.4527], [-55.6864, 1.4479], [-55.6971, 1.4506], [-55.7131, 1.4609], [-55.7195, 1.4578], [-55.7264, 1.4669], [-55.732, 1.4654], [-55.7401, 1.4884], [-55.7383, 1.4951], [-55.7419, 1.5054], [-55.7363, 1.5143], [-55.7481, 1.516], [-55.7453, 1.5262], [-55.7468, 1.5352], [-55.7581, 1.5469], [-55.7539, 1.5564], [-55.7672, 1.554], [-55.7654, 1.5649], [-55.7695, 1.5718], [-55.7778, 1.5755], [-55.7846, 1.5919], [-55.7938, 1.5977], [-55.798, 1.6055], [-55.7959, 1.615], [-55.8007, 1.6234], [-55.8068, 1.6213], [-55.8119, 1.6285], [-55.8075, 1.6434], [-55.8098, 1.6523], [-55.8111, 1.6726], [-55.8202, 1.6966], [-55.8173, 1.7057], [-55.8247, 1.7218], [-55.822, 1.7259], [-55.8314, 1.7418], [-55.8326, 1.7529], [-55.8391, 1.7621], [-55.8374, 1.7721], [-55.8244, 1.7908], [-55.8239, 1.7979], [-55.8162, 1.7983], [-55.8114, 1.805], [-55.8114, 1.8302], [-55.8175, 1.8405], [-55.8178, 1.8529], [-55.8244, 1.8656], [-55.8242, 1.8828], [-55.8293, 1.888], [-55.8222, 1.8986], [-55.83, 1.9106], [-55.8212, 1.9152], [-55.822, 1.9204], [-55.8332, 1.9276], [-55.8355, 1.9417], [-55.836, 1.9583], [-55.8403, 1.961], [-55.8448, 1.9716], [-55.8526, 1.9732], [-55.8481, 1.9903], [-55.8562, 1.9959], [-55.8557, 2.0039], [-55.862, 2.0183], [-55.8682, 2.024], [-55.8709, 2.0366], [-55.8813, 2.0373], [-55.8724, 2.0591], [-55.8741, 2.0656], [-55.8713, 2.0741], [-55.8808, 2.0824], [-55.8857, 2.0899], [-55.8818, 2.0936], [-55.8869, 2.1011], [-55.8988, 2.1076], [-55.8985, 2.128], [-55.9072, 2.1452], [-55.9141, 2.1429], [-55.9159, 2.1584], [-55.9254, 2.1722], [-55.9439, 2.1792], [-55.9446, 2.191], [-55.9525, 2.1951], [-55.9493, 2.2037], [-55.9533, 2.2081], [-55.9498, 2.2169], [-55.9568, 2.236], [-55.9495, 2.2771], [-55.944, 2.2942], [-55.9454, 2.3021], [-55.9432, 2.312], [-55.9462, 2.3159], [-55.9466, 2.3315], [-55.9419, 2.3468], [-55.9321, 2.3605], [-55.9243, 2.3677], [-55.9023, 2.3836], [-55.8778, 2.394], [-55.8681, 2.3996], [-55.8419, 2.4055], [-55.8336, 2.4092], [-55.8148, 2.4011], [-55.8094, 2.4015], [-55.7856, 2.3936], [-55.7633, 2.3926], [-55.7293, 2.4006], [-55.718, 2.4021], [-55.7077, 2.4032], [-55.7022, 2.3937], [-55.6955, 2.3657], [-55.695, 2.3571], [-55.6899, 2.3403], [-55.678, 2.3161], [-55.6699, 2.2906], [-55.664, 2.2805], [-55.6588, 2.2657], [-55.6396, 2.2431], [-55.6274, 2.2226], [-55.6246, 2.2126], [-55.626, 2.2047], [-55.6226, 2.1855], [-55.6096, 2.1774], [-55.6054, 2.1706], [-55.6073, 2.1636], [-55.6167, 2.1497], [-55.6182, 2.1432], [-55.615, 2.1355], [-55.6052, 2.1235], [-55.5895, 2.1126], [-55.5771, 2.1076], [-55.5562, 2.1023], [-55.5574, 2.0883], [-55.5547, 2.0787], [-55.5425, 2.0693], [-55.5249, 2.0655], [-55.5124, 2.0569], [-55.5104, 2.048], [-55.5118, 2.0345], [-55.517, 2.0231], [-55.5408, 1.9955], [-55.5658, 1.9776], [-55.5836, 1.9596], [-55.5906, 1.9422], [-55.5913, 1.92], [-55.5857, 1.8995], [-55.5808, 1.8914], [-55.5717, 1.8859], [-55.5513, 1.8667], [-55.5231, 1.8531], [-55.492, 1.8465], [-55.4619, 1.8281], [-55.4568, 1.8231], [-55.4475, 1.8058], [-55.4462, 1.7973], [-55.438, 1.7766], [-55.439, 1.7667], [-55.456, 1.7452], [-55.4572, 1.7285], [-55.455, 1.7207], [-55.4387, 1.6971], [-55.4276, 1.6686], [-55.4275, 1.6604], [-55.4321, 1.6435], [-55.4384, 1.6314], [-55.4619, 1.6029], [-55.4699, 1.585], [-55.4644, 1.5709], [-55.4492, 1.5581], [-55.4454, 1.5528], [-55.4226, 1.5466], [-55.4136, 1.5457], [-55.4133, 1.5456], [-55.4131, 1.421], [-55.4134, 1.0008], [-55.4135, 0.7896], [-55.4136, 0.213], [-55.4136, -0.3736], [-55.4136, -0.9199], [-55.4136, -0.9377], [-55.4134, -1.3991], [-55.4134, -1.3998], [-55.2664, -1.5715], [-55.174, -1.6793], [-55.1665, -1.7312], [-55.1767, -1.9222], [-55.1661, -1.934], [-55.1667, -1.9381], [-55.1575, -1.9437], [-55.1526, -1.9526], [-55.1606, -1.9568], [-55.1602, -1.9662], [-55.1671, -1.9721], [-55.1703, -1.966], [-55.1792, -1.9688], [-55.1744, -1.9781], [-55.1859, -1.9906], [-55.1843, -1.9995], [-55.1848, -2.047], [-55.209, -2.104], [-55.2665, -2.1064], [-55.263, -2.1185], [-55.2573, -2.127], [-55.2509, -2.131], [-55.1802, -2.1522], [-55.1742, -2.1572], [-55.1425, -2.165], [-55.1203, -2.1676], [-55.0949, -2.1669], [-55.0933, -2.1806], [-55.0718, -2.2212], [-55.0699, -2.2328], [-55.0817, -2.2447], [-55.1034, -2.2567], [-55.128, -2.2632], [-55.144, -2.2619], [-55.1615, -2.2561], [-55.1763, -2.2464], [-55.1857, -2.2349], [-55.1977, -2.2268], [-55.235, -2.217], [-55.2839, -2.2159], [-55.2938, -2.2139], [-55.3111, -2.2044], [-55.321, -2.1928], [-55.3311, -2.1899], [-55.3486, -2.1812], [-55.3592, -2.1741], [-55.3613, -2.1672], [-55.3601, -2.1538], [-55.3708, -2.1376], [-55.3908, -2.1311], [-55.4068, -2.1301], [-55.4689, -2.1317], [-55.4873, -2.1345], [-55.5005, -2.1388], [-55.5237, -2.1552], [-55.5415, -2.1625], [-55.5535, -2.1655], [-55.5653, -2.1644], [-55.5766, -2.1703], [-55.5899, -2.1656], [-55.5892, -2.1559], [-55.6133, -2.1563], [-55.6216, -2.1583]]]]}, "properties": {"codigo": "1505106", "nome": "Óbidos"}}, {"type": "Feature", "geometry": {"type": "MultiPolygon", "coordinates": [[[[-56.0892, -1.9783], [-56.0953, -1.9974], [-56.0957, -2.0104], [-56.0987, -2.0269], [-56.1067, -2.027], [-56.1367, -2.0373], [-56.1628, -2.042], [-56.1725, -2.0392], [-56.1867, -2.0428], [-56.194, -2.0489], [-56.1971, -2.0569], [-56.2076, -2.06], [-56.2197, -2.0597], [-56.2284, -2.0562], [-56.2497, -2.0821], [-56.2562, -2.0883], [-56.2807, -2.0931], [-56.2975, -2.1008], [-56.3085, -2.121], [-56.3168, -2.1401], [-56.3355, -2.1487], [-56.3511, -2.1489], [-56.3678, -2.1371], [-56.382, -2.1442], [-56.3927, -2.1592], [-56.4139, -2.1759], [-56.4243, -2.1715], [-56.4368, -2.1576], [-56.4442, -2.1539], [-56.4535, -2.154], [-56.461, -2.1576], [-56.4676, -2.1656], [-56.4779, -2.1704], [-56.487, -2.1636], [-56.4931, -2.1555], [-56.5076, -2.1437], [-56.5195, -2.1383], [-56.5271, -2.1392], [-56.5408, -2.1538], [-56.5572, -2.1625], [-56.5696, -2.1748], [-56.5804, -2.1794], [-56.5856, -2.1765], [-56.5808, -2.165], [-56.592, -2.1619], [-56.5964, -2.1556], [-56.6099, -2.1587], [-56.6152, -2.1665], [-56.6248, -2.1661], [-56.6331, -2.1523], [-56.6334, -2.1318], [-56.6282, -2.1077], [-56.6193, -2.084], [-56.6194, -2.0701], [-56.6284, -2.0554], [-56.6445, -2.0406], [-56.6456, -2.0339], [-56.6393, -2.0189], [-56.6418, -2.0118], [-56.6538, -2.0067], [-56.6594, -2.001], [-56.6527, -1.9887], [-56.6452, -1.9843], [-56.6289, -1.9812], [-56.6189, -1.9734], [-56.6128, -1.9599], [-56.5994, -1.9537], [-56.5962, -1.9445], [-56.599, -1.9328], [-56.5922, -1.9175], [-56.6032, -1.9045], [-56.6028, -1.8951], [-56.5976, -1.8907], [-56.5983, -1.8767], [-56.6089, -1.8695], [-56.6155, -1.8594], [-56.6313, -1.8559], [-56.6376, -1.8584], [-56.6432, -1.8516], [-56.6595, -1.8452], [-56.6652, -1.8204], [-56.6748, -1.8141], [-56.682, -1.8039], [-56.6812, -1.7855], [-56.6751, -1.7775], [-56.6723, -1.7666], [-56.6736, -1.758], [-56.6939, -1.7417], [-56.7047, -1.7411], [-56.7143, -1.7368], [-56.727, -1.7272], [-56.7295, -1.7162], [-56.7253, -1.706], [-56.7325, -1.7035], [-56.7269, -1.6911], [-56.7244, -1.6788], [-56.7363, -1.6766], [-56.7411, -1.6686], [-56.7497, -1.6647], [-56.749, -1.6519], [-56.7288, -1.6446], [-56.7157, -1.6415], [-56.7056, -1.6327], [-56.6984, -1.6314], [-56.6913, -1.6407], [-56.6822, -1.6428], [-56.6735, -1.6499], [-56.6568, -1.65], [-56.6516, -1.6454], [-56.6394, -1.6462], [-56.6365, -1.6526], [-56.6188, -1.6557], [-56.6098, -1.6611], [-56.6036, -1.6701], [-56.5906, -1.6709], [-56.561, -1.6774], [-56.5526, -1.6844], [-56.5572, -1.6987], [-56.5486, -1.7093], [-56.5481, -1.7341], [-56.5554, -1.739], [-56.5588, -1.7476], [-56.5534, -1.753], [-56.5508, -1.7657], [-56.5412, -1.7687], [-56.5289, -1.7785], [-56.5255, -1.7895], [-56.5142, -1.8034], [-56.5031, -1.7971], [-56.4842, -1.7998], [-56.4664, -1.8183], [-56.4712, -1.824], [-56.4685, -1.8401], [-56.459, -1.8486], [-56.444, -1.8432], [-56.4362, -1.8377], [-56.4252, -1.8437], [-56.4089, -1.8454], [-56.4075, -1.8514], [-56.3881, -1.8588], [-56.3755, -1.8661], [-56.3702, -1.8809], [-56.3542, -1.8945], [-56.3447, -1.9107], [-56.3242, -1.9168], [-56.3159, -1.9067], [-56.3039, -1.9047], [-56.2955, -1.9093], [-56.285, -1.9076], [-56.2762, -1.9153], [-56.2676, -1.915], [-56.2564, -1.906], [-56.2441, -1.9044], [-56.2347, -1.8998], [-56.2265, -1.9096], [-56.2265, -1.9204], [-56.2194, -1.9195], [-56.211, -1.9248], [-56.2096, -1.9309], [-56.2012, -1.9461], [-56.1924, -1.9495], [-56.1766, -1.9636], [-56.1654, -1.9562], [-56.1523, -1.9546], [-56.1503, -1.9348], [-56.1375, -1.9238], [-56.122, -1.9303], [-56.0892, -1.9783]]]]}, "properties": {"codigo": "1507979", "nome": "Terra Santa"}}, {"type": "Feature", "geometry": {"type": "MultiPolygon", "coordinates": [[[[-58.895, -0.011], [-58.8853, -0.0055], [-58.8734, -0.0076], [-58.8636, -0.0168], [-58.8622, -0.0234], [-58.8503, -0.0319], [-58.8414, -0.0195], [-58.8332, -0.0269], [-58.8257, -0.0276], [-58.8236, -0.0334], [-58.8277, -0.0413], [-58.8243, -0.0493], [-58.834, -0.054], [-58.8428, -0.0624], [-58.8369, -0.0684], [-58.8371, -0.0755], [-58.8276, -0.0779], [-58.8224, -0.0719], [-58.8116, -0.0752], [-58.8033, -0.0707], [-58.7951, -0.0745], [-58.7903, -0.0691], [-58.7838, -0.0715], [-58.7764, -0.0682], [-58.7707, -0.0568], [-58.7594, -0.0676], [-58.7559, -0.0586], [-58.7456, -0.0612], [-58.7389, -0.0547], [-58.7367, -0.0649], [-58.7151, -0.0661], [-58.7023, -0.0725], [-58.7034, -0.0772], [-58.7183, -0.0811], [-58.7155, -0.0897], [-58.7065, -0.1061], [-58.7146, -0.1224], [-58.7061, -0.1263], [-58.6999, -0.1342], [-58.7037, -0.1401], [-58.7008, -0.1531], [-58.6845, -0.1514], [-58.6797, -0.1487], [-58.6769, -0.1632], [-58.6673, -0.1621], [-58.6634, -0.1675], [-58.6651, -0.1761], [-58.658, -0.1775], [-58.6541, -0.1865], [-58.648, -0.1917], [-58.6465, -0.2042], [-58.639, -0.2084], [-58.6359, -0.2156], [-58.6313, -0.2421], [-58.6191, -0.2407], [-58.6137, -0.2499], [-58.6061, -0.2558], [-58.5983, -0.2657], [-58.5919, -0.2641], [-58.5887, -0.2719], [-58.5793, -0.2701], [-58.5723, -0.2733], [-58.5621, -0.2718], [-58.5545, -0.2741], [-58.5567, -0.282], [-58.5505, -0.2865], [-58.5424, -0.281], [-58.5328, -0.2706], [-58.529, -0.272], [-58.5288, -0.2852], [-58.5235, -0.2867], [-58.5182, -0.2793], [-58.5134, -0.2821], [-58.4944, -0.2792], [-58.487, -0.2803], [-58.4821, -0.2899], [-58.477, -0.2895], [-58.4667, -0.2824], [-58.4532, -0.2804], [-58.4462, -0.2846], [-58.4411, -0.2946], [-58.4534, -0.3061], [-58.4512, -0.321], [-58.4641, -0.3212], [-58.4739, -0.3322], [-58.4687, -0.3384], [-58.4617, -0.3406], [-58.4482, -0.3607], [-58.4555, -0.368], [-58.4666, -0.3734], [-58.48, -0.3752], [-58.4909, -0.3798], [-58.5201, -0.3757], [-58.5204, -0.3838], [-58.5375, -0.3812], [-58.5422, -0.3889], [-58.513, -0.4068], [-58.5219, -0.4333], [-58.5206, -0.4408], [-58.5094, -0.4503], [-58.4855, -0.45], [-58.4721, -0.4405], [-58.4567, -0.4441], [-58.4405, -0.4392], [-58.4287, -0.4442], [-58.4133, -0.4468], [-58.409, -0.4636], [-58.3982, -0.4749], [-58.3796, -0.477], [-58.3693, -0.4841], [-58.3463, -0.4818], [-58.3424, -0.4881], [-58.3403, -0.5146], [-58.3369, -0.527], [-58.3272, -0.5297], [-58.3223, -0.5466], [-58.3332, -0.5753], [-58.3227, -0.5698], [-58.3131, -0.5733], [-58.3126, -0.5808], [-58.3182, -0.5885], [-58.3198, -0.6056], [-58.3173, -0.6155], [-58.3086, -0.6216], [-58.2999, -0.6358], [-58.2859, -0.6503], [-58.283, -0.6613], [-58.2756, -0.6687], [-58.2662, -0.6867], [-58.2592, -0.6895], [-58.2511, -0.6981], [-58.2496, -0.7178], [-58.2473, -0.7227], [-58.2342, -0.7205], [-58.2232, -0.7387], [-58.2235, -0.7577], [-58.2344, -0.7702], [-58.2269, -0.784], [-58.2169, -0.7835], [-58.2105, -0.7934], [-58.2131, -0.8039], [-58.2029, -0.8075], [-58.1869, -0.7902], [-58.1756, -0.7948], [-58.162, -0.7936], [-58.1579, -0.7986], [-58.1464, -0.7927], [-58.1384, -0.8005], [-58.1224, -0.8086], [-58.1119, -0.8055], [-58.0912, -0.8126], [-58.0773, -0.8074], [-58.0717, -0.7933], [-58.0554, -0.786], [-58.0507, -0.7756], [-58.0457, -0.7793], [-58.0429, -0.7891], [-58.0294, -0.7907], [-58.0, -0.7921], [-57.9842, -0.8063], [-57.9932, -0.8318], [-57.9895, -0.839], [-57.9824, -0.8426], [-57.9703, -0.8422], [-57.953, -0.8371], [-57.9515, -0.8479], [-57.9453, -0.8522], [-57.9381, -0.8509], [-57.9316, -0.8555], [-57.9145, -0.8598], [-57.9122, -0.866], [-57.8922, -0.8754], [-57.8763, -0.8882], [-57.8755, -0.8971], [-57.8661, -0.91], [-57.8627, -0.911], [-57.8546, -0.9242], [-57.8574, -0.9326], [-57.8562, -0.9429], [-57.8506, -0.9407], [-57.8428, -0.9278], [-57.8378, -0.9233], [-57.822, -0.9263], [-57.8157, -0.9221], [-57.8086, -0.9365], [-57.7932, -0.9399], [-57.7862, -0.945], [-57.7697, -0.9495], [-57.7649, -0.9734], [-57.7585, -0.9822], [-57.7577, -0.9887], [-57.7387, -0.9876], [-57.734, -0.9945], [-57.7272, -0.9941], [-57.7156, -0.9887], [-57.712, -1.0004], [-57.719, -1.0061], [-57.7133, -1.0168], [-57.7161, -1.0234], [-57.7085, -1.0325], [-57.7012, -1.0333], [-57.6985, -1.0409], [-57.6898, -1.0433], [-57.6793, -1.0508], [-57.6782, -1.0708], [-57.6823, -1.0778], [-57.6782, -1.0815], [-57.6824, -1.0917], [-57.672, -1.0902], [-57.6522, -1.0953], [-57.6422, -1.089], [-57.6316, -1.0875], [-57.6204, -1.0974], [-57.5985, -1.0963], [-57.5912, -1.0989], [-57.5809, -1.1241], [-57.5684, -1.1307], [-57.5534, -1.1263], [-57.5454, -1.1376], [-57.5408, -1.1648], [-57.5285, -1.1727], [-57.5268, -1.1926], [-57.5208, -1.2105], [-57.508, -1.2319], [-57.5002, -1.2382], [-57.4962, -1.2527], [-57.4919, -1.259], [-57.4775, -1.2655], [-57.4767, -1.2801], [-57.4665, -1.2883], [-57.4661, -1.31], [-57.4595, -1.3086], [-57.4516, -1.3225], [-57.4583, -1.3387], [-57.4546, -1.3426], [-57.4404, -1.3364], [-57.4286, -1.3476], [-57.4191, -1.3362], [-57.4136, -1.3374], [-57.4112, -1.348], [-57.4055, -1.3502], [-57.3887, -1.3383], [-57.3837, -1.333], [-57.3715, -1.3317], [-57.3646, -1.337], [-57.3552, -1.3322], [-57.3485, -1.3327], [-57.3455, -1.3398], [-57.3288, -1.3395], [-57.314, -1.3525], [-57.3105, -1.3683], [-57.2956, -1.3636], [-57.2932, -1.3688], [-57.3015, -1.3796], [-57.3066, -1.3903], [-57.3, -1.3906], [-57.2832, -1.3789], [-57.2757, -1.3795], [-57.2798, -1.3988], [-57.2694, -1.4084], [-57.2666, -1.4154], [-57.2494, -1.4253], [-57.2412, -1.4345], [-57.2372, -1.4332], [-57.2319, -1.4198], [-57.216, -1.4111], [-57.2131, -1.4195], [-57.1992, -1.4247], [-57.1937, -1.4384], [-57.186, -1.4356], [-57.1791, -1.4174], [-57.1721, -1.4244], [-57.1604, -1.4169], [-57.1474, -1.418], [-57.1436, -1.4232], [-57.1449, -1.439], [-57.15, -1.4657], [-57.155, -1.4744], [-57.1596, -1.4965], [-57.1466, -1.4963], [-57.1354, -1.5058], [-57.133, -1.5131], [-57.1267, -1.5159], [-57.1149, -1.514], [-57.108, -1.5187], [-57.0887, -1.5208], [-57.0772, -1.5132], [-57.0633, -1.5179], [-57.0394, -1.5378], [-57.025, -1.5379], [-57.0213, -1.5438], [-57.0088, -1.5359], [-57.0083, -1.5461], [-57.0005, -1.5499], [-56.9979, -1.564], [-56.9936, -1.5663], [-56.995, -1.5809], [-56.9897, -1.5896], [-56.9789, -1.5915], [-56.9635, -1.5811], [-56.959, -1.585], [-56.9587, -1.5931], [-56.9486, -1.5995], [-56.9435, -1.6126], [-56.9608, -1.6252], [-56.9559, -1.6305], [-56.9402, -1.627], [-56.9273, -1.6319], [-56.9239, -1.6412], [-56.9181, -1.6477], [-56.908, -1.6465], [-56.8891, -1.6513], [-56.8817, -1.6551], [-56.8731, -1.6552], [-56.8646, -1.6484], [-56.8553, -1.6468], [-56.8467, -1.6507], [-56.8423, -1.6481], [-56.8334, -1.6334], [-56.8204, -1.6266], [-56.815, -1.6286], [-56.8073, -1.6186], [-56.8062, -1.6063], [-56.7934, -1.5995], [-56.7818, -1.6016], [-56.7701, -1.6], [-56.7566, -1.6029], [-56.7486, -1.608], [-56.7503, -1.6169], [-56.7559, -1.6244], [-56.755, -1.6361], [-56.749, -1.6519], [-56.7497, -1.6647], [-56.7411, -1.6686], [-56.7363, -1.6766], [-56.7244, -1.6788], [-56.7269, -1.6911], [-56.7325, -1.7035], [-56.7253, -1.706], [-56.7295, -1.7162], [-56.727, -1.7272], [-56.7143, -1.7368], [-56.7047, -1.7411], [-56.6939, -1.7417], [-56.6736, -1.758], [-56.6723, -1.7666], [-56.6751, -1.7775], [-56.6812, -1.7855], [-56.682, -1.8039], [-56.6748, -1.8141], [-56.6652, -1.8204], [-56.6595, -1.8452], [-56.6432, -1.8516], [-56.6376, -1.8584], [-56.6313, -1.8559], [-56.6155, -1.8594], [-56.6089, -1.8695], [-56.5983, -1.8767], [-56.5976, -1.8907], [-56.6028, -1.8951], [-56.6032, -1.9045], [-56.5922, -1.9175], [-56.599, -1.9328], [-56.5962, -1.9445], [-56.5994, -1.9537], [-56.6128, -1.9599], [-56.6189, -1.9734], [-56.6289, -1.9812], [-56.6452, -1.9843], [-56.6527, -1.9887], [-56.6594, -2.001], [-56.6538, -2.0067], [-56.6418, -2.0118], [-56.6393, -2.0189], [-56.6456, -2.0339], [-56.6445, -2.0406], [-56.6284, -2.0554], [-56.6194, -2.0701], [-56.6193, -2.084], [-56.6282, -2.1077], [-56.6334, -2.1318], [-56.6331, -2.1523], [-56.6248, -2.1661], [-56.6152, -2.1665], [-56.6099, -2.1587], [-56.5964, -2.1556], [-56.592, -2.1619], [-56.5808, -2.165], [-56.5856, -2.1765], [-56.5978, -2.175], [-56.6025, -2.1821], [-56.6075, -2.205], [-56.6129, -2.2102], [-56.6244, -2.2045], [-56.6354, -2.2036], [-56.658, -2.2106], [-56.6791, -2.2126], [-56.6899, -2.2089], [-56.7026, -2.2018], [-56.7078, -2.1839], [-56.717, -2.179], [-56.7277, -2.1768], [-56.7435, -2.1785], [-56.761, -2.1741], [-56.7685, -2.1658], [-56.7704, -2.1528], [-56.7694, -2.1407], [-56.7532, -2.1117], [-56.7328, -2.0917], [-56.7269, -2.0814], [-56.7214, -2.0592], [-56.7213, -2.0491], [-56.7266, -2.031], [-56.739, -2.017], [-56.7479, -2.0115], [-56.767, -2.0087], [-56.7777, -2.0122], [-56.7932, -2.021], [-56.8168, -2.023], [-56.8412, -2.0216], [-56.859, -2.0159], [-56.8664, -2.008], [-56.8763, -1.9923], [-56.8974, -1.9762], [-56.9237, -1.9643], [-56.9445, -1.9639], [-56.9611, -1.953], [-56.9663, -1.935], [-56.9802, -1.9237], [-56.9884, -1.9072], [-57.0193, -1.9171], [-57.0284, -1.918], [-57.0381, -1.9067], [-57.0396, -1.8956], [-57.0465, -1.8908], [-57.0447, -1.8856], [-57.0513, -1.8728], [-57.0627, -1.8619], [-57.0676, -1.8545], [-57.0659, -1.8483], [-57.0725, -1.8386], [-57.0711, -1.8296], [-57.0615, -1.8216], [-57.059, -1.8158], [-57.0668, -1.8123], [-57.0688, -1.8044], [-57.0793, -1.8026], [-57.0844, -1.7904], [-57.0825, -1.7824], [-57.0916, -1.778], [-57.1008, -1.7803], [-57.1103, -1.7923], [-57.119, -1.7888], [-57.1192, -1.7797], [-57.125, -1.7681], [-57.1457, -1.7647], [-57.1581, -1.7708], [-57.1642, -1.7685], [-57.1603, -1.7553], [-57.1711, -1.7509], [-57.1707, -1.7435], [-57.1617, -1.7403], [-57.159, -1.7296], [-57.1656, -1.7199], [-57.1708, -1.7204], [-57.1717, -1.7306], [-57.1777, -1.7316], [-57.1893, -1.7204], [-57.1913, -1.7278], [-57.1988, -1.7351], [-57.2022, -1.7131], [-57.207, -1.7106], [-57.2187, -1.7232], [-57.2308, -1.7275], [-57.2472, -1.7208], [-57.2483, -1.7152], [-57.243, -1.7033], [-57.2586, -1.6969], [-57.2614, -1.7018], [-57.259, -1.7147], [-57.2636, -1.7222], [-57.2704, -1.7208], [-57.2723, -1.7137], [-57.2923, -1.7083], [-57.3011, -1.7231], [-57.3027, -1.7319], [-57.3087, -1.7325], [-57.3183, -1.7262], [-57.3277, -1.7162], [-57.3432, -1.7149], [-57.3429, -1.7269], [-57.3534, -1.7368], [-57.3729, -1.7142], [-57.3924, -1.7248], [-57.3997, -1.7165], [-57.3908, -1.7087], [-57.3858, -1.6977], [-57.4025, -1.6865], [-57.4004, -1.6788], [-57.4056, -1.6751], [-57.4176, -1.6743], [-57.4222, -1.6912], [-57.4356, -1.6912], [-57.4405, -1.6871], [-57.4341, -1.6754], [-57.4371, -1.6674], [-57.4435, -1.6646], [-57.4623, -1.6766], [-57.4731, -1.6789], [-57.4795, -1.6654], [-57.4779, -1.6593], [-57.4899, -1.6593], [-57.4992, -1.6547], [-57.5081, -1.6419], [-57.5179, -1.6495], [-57.5193, -1.6552], [-57.5281, -1.6541], [-57.5288, -1.6478], [-57.522, -1.6373], [-57.5218, -1.6292], [-57.5365, -1.6275], [-57.5432, -1.6218], [-57.5441, -1.6111], [-57.5532, -1.6068], [-57.5634, -1.6069], [-57.57, -1.6022], [-57.5795, -1.6044], [-57.585, -1.5968], [-57.5951, -1.6002], [-57.5977, -1.5959], [-57.5891, -1.5795], [-57.6007, -1.5722], [-57.6081, -1.5729], [-57.6095, -1.5839], [-57.6219, -1.5892], [-57.6288, -1.5842], [-57.6346, -1.5898], [-57.6481, -1.5902], [-57.6604, -1.581], [-57.6617, -1.5882], [-57.6746, -1.595], [-57.6817, -1.5885], [-57.6888, -1.587], [-57.6925, -1.5763], [-57.7036, -1.577], [-57.7062, -1.5724], [-57.6977, -1.5585], [-57.7045, -1.5412], [-57.7098, -1.5353], [-57.7082, -1.5265], [-57.712, -1.5169], [-57.7121, -1.5033], [-57.7177, -1.5033], [-57.7287, -1.5136], [-57.7401, -1.503], [-57.7513, -1.5092], [-57.758, -1.5022], [-57.7705, -1.5097], [-57.78, -1.51], [-57.7762, -1.4844], [-57.7881, -1.4907], [-57.7953, -1.4872], [-57.8019, -1.4713], [-57.8117, -1.4657], [-57.8104, -1.4538], [-57.8195, -1.4507], [-57.8247, -1.4378], [-57.8387, -1.4373], [-57.8418, -1.4319], [-57.8565, -1.4267], [-57.8652, -1.4293], [-57.8771, -1.4233], [-57.8909, -1.4321], [-57.9022, -1.4257], [-57.9096, -1.4286], [-57.9164, -1.4211], [-57.9089, -1.4103], [-57.9115, -1.4047], [-57.9305, -1.3993], [-57.9396, -1.3991], [-57.9496, -1.4056], [-57.9579, -1.4035], [-57.9597, -1.3969], [-57.9534, -1.3858], [-57.9565, -1.3783], [-57.9733, -1.3748], [-57.9711, -1.3567], [-57.9814, -1.3562], [-57.9912, -1.3513], [-57.9987, -1.3313], [-57.9944, -1.3161], [-57.9886, -1.3121], [-57.9872, -1.3006], [-57.9938, -1.2895], [-57.9831, -1.2817], [-57.9787, -1.2697], [-57.9783, -1.2569], [-57.9723, -1.2458], [-57.9752, -1.2398], [-57.9707, -1.2278], [-57.9667, -1.2294], [-57.9587, -1.2225], [-57.9642, -1.2153], [-57.9639, -1.2043], [-57.9757, -1.1929], [-57.9705, -1.1759], [-57.9658, -1.171], [-57.9688, -1.1626], [-57.9784, -1.1527], [-58.0013, -1.1481], [-58.0141, -1.1311], [-58.0095, -1.116], [-58.0173, -1.1036], [-58.03, -1.1023], [-58.0333, -1.098], [-58.0421, -1.1056], [-58.0587, -1.1065], [-58.0674, -1.1194], [-58.0811, -1.1312], [-58.0799, -1.1469], [-58.0928, -1.1616], [-58.1019, -1.1606], [-58.1144, -1.1646], [-58.1236, -1.1641], [-58.1198, -1.1746], [-58.1225, -1.1804], [-58.118, -1.1855], [-58.1228, -1.1921], [-58.1337, -1.1964], [-58.1376, -1.205], [-58.1467, -1.211], [-58.154, -1.2327], [-58.163, -1.2301], [-58.1736, -1.2163], [-58.1773, -1.208], [-58.1895, -1.2033], [-58.1949, -1.1921], [-58.208, -1.1754], [-58.2052, -1.1693], [-58.2126, -1.1665], [-58.2193, -1.1687], [-58.2318, -1.1602], [-58.235, -1.1525], [-58.2576, -1.1308], [-58.2677, -1.134], [-58.2742, -1.1416], [-58.2832, -1.1427], [-58.293, -1.1388], [-58.3167, -1.1477], [-58.322, -1.142], [-58.3196, -1.1342], [-58.3307, -1.1316], [-58.337, -1.1215], [-58.3356, -1.1157], [-58.3412, -1.111], [-58.3484, -1.1129], [-58.3591, -1.1051], [-58.3566, -1.0998], [-58.3653, -1.0851], [-58.3637, -1.0711], [-58.3756, -1.0644], [-58.385, -1.0523], [-58.4061, -1.04], [-58.412, -1.0478], [-58.4217, -1.0385], [-58.4284, -1.0246], [-58.42, -1.0106], [-58.4262, -1.0071], [-58.4241, -0.991], [-58.4106, -0.9822], [-58.4171, -0.9652], [-58.4267, -0.9615], [-58.4313, -0.951], [-58.439, -0.9407], [-58.449, -0.9354], [-58.452, -0.9241], [-58.4486, -0.9158], [-58.4487, -0.9034], [-58.446, -0.8981], [-58.4342, -0.8922], [-58.4422, -0.8801], [-58.4418, -0.8729], [-58.4506, -0.8708], [-58.4606, -0.8629], [-58.4743, -0.8692], [-58.4797, -0.859], [-58.4862, -0.8591], [-58.4877, -0.8514], [-58.4948, -0.8497], [-58.4936, -0.8395], [-58.4985, -0.8357], [-58.5137, -0.8401], [-58.5192, -0.8292], [-58.536, -0.8222], [-58.5334, -0.8178], [-58.544, -0.8095], [-58.5598, -0.8072], [-58.5602, -0.7977], [-58.5737, -0.7906], [-58.5731, -0.7818], [-58.5806, -0.7813], [-58.5988, -0.7619], [-58.609, -0.7616], [-58.6205, -0.7389], [-58.6286, -0.7276], [-58.6367, -0.7201], [-58.6481, -0.7148], [-58.6555, -0.7189], [-58.6637, -0.7176], [-58.6656, -0.7055], [-58.6794, -0.6942], [-58.6841, -0.6881], [-58.6926, -0.6867], [-58.6937, -0.6819], [-58.7065, -0.6796], [-58.7083, -0.6568], [-58.7138, -0.6526], [-58.7127, -0.6446], [-58.7207, -0.6371], [-58.7289, -0.6354], [-58.732, -0.6291], [-58.7292, -0.6196], [-58.7363, -0.6194], [-58.7306, -0.6048], [-58.7309, -0.594], [-58.7267, -0.5906], [-58.7313, -0.5807], [-58.7298, -0.5636], [-58.7224, -0.5626], [-58.7156, -0.5487], [-58.709, -0.5459], [-58.7112, -0.5185], [-58.7171, -0.5118], [-58.7174, -0.5049], [-58.7254, -0.4996], [-58.7273, -0.4912], [-58.7365, -0.4717], [-58.7318, -0.468], [-58.7315, -0.4583], [-58.7267, -0.4532], [-58.7253, -0.4383], [-58.7304, -0.4328], [-58.7401, -0.4316], [-58.7405, -0.4212], [-58.7467, -0.4148], [-58.7621, -0.4128], [-58.7835, -0.389], [-58.7932, -0.3852], [-58.8109, -0.3817], [-58.8242, -0.3748], [-58.8362, -0.3727], [-58.8531, -0.3586], [-58.8695, -0.3475], [-58.8748, -0.3366], [-58.8718, -0.3286], [-58.876, -0.3114], [-58.875, -0.2958], [-58.8707, -0.2806], [-58.8655, -0.2741], [-58.8654, -0.2655], [-58.8718, -0.2611], [-58.8793, -0.2293], [-58.881, -0.1966], [-58.8753, -0.1815], [-58.8653, -0.1689], [-58.8631, -0.1609], [-58.8631, -0.1448], [-58.8668, -0.1379], [-58.8639, -0.078], [-58.8721, -0.0645], [-58.8806, -0.0645], [-58.8866, -0.0592], [-58.8851, -0.0432], [-58.8867, -0.0343], [-58.8983, -0.0179], [-58.895, -0.011]]]]}, "properties": {"codigo": "1503002", "nome": "Faro"}}, {"type": "Feature", "geometry": {"type": "MultiPolygon", "coordinates": [[[[-55.4134, -1.3991], [-55.4136, -0.9377], [-55.4136, -0.9199], [-55.4136, -0.3736], [-55.4136, 0.213], [-55.4135, 0.7896], [-55.4134, 1.0008], [-55.4131, 1.421], [-55.4133, 1.5456], [-55.4136, 1.5457], [-55.3873, 1.5499], [-55.3776, 1.5503], [-55.3612, 1.5458], [-55.3524, 1.5327], [-55.353, 1.525], [-55.3645, 1.5049], [-55.3668, 1.4964], [-55.3634, 1.4849], [-55.3546, 1.4824], [-55.3336, 1.4859], [-55.3308, 1.4766], [-55.3351, 1.4615], [-55.3426, 1.4519], [-55.341, 1.4429], [-55.3341, 1.4358], [-55.3257, 1.4111], [-55.3225, 1.3952], [-55.3126, 1.3808], [-55.2848, 1.3712], [-55.2745, 1.3623], [-55.2576, 1.3448], [-55.247, 1.3289], [-55.2531, 1.3111], [-55.2488, 1.2978], [-55.2512, 1.2862], [-55.2494, 1.2771], [-55.2434, 1.2652], [-55.2496, 1.2579], [-55.2624, 1.2506], [-55.2656, 1.2421], [-55.2609, 1.2318], [-55.231, 1.2203], [-55.2132, 1.2104], [-55.2035, 1.1977], [-55.207, 1.1433], [-55.2104, 1.1274], [-55.2151, 1.1164], [-55.2268, 1.1019], [-55.2293, 1.0914], [-55.2234, 1.0784], [-55.2165, 1.0734], [-55.1969, 1.068], [-55.1821, 1.0673], [-55.1623, 1.0614], [-55.1453, 1.0538], [-55.1331, 1.0581], [-55.1205, 1.0666], [-55.1024, 1.0631], [-55.0844, 1.0398], [-55.0712, 1.0195], [-55.0657, 1.0081], [-55.0647, 1.0004], [-55.0754, 0.9835], [-55.0899, 0.9503], [-55.0914, 0.9434], [-55.0889, 0.9264], [-55.0849, 0.9214], [-55.0671, 0.909], [-55.0396, 0.8957], [-55.0274, 0.886], [-55.0227, 0.8759], [-55.0213, 0.8584], [-55.0264, 0.8318], [-55.0336, 0.8204], [-55.0329, 0.8087], [-55.023, 0.7944], [-55.023, 0.7851], [-55.0349, 0.7297], [-55.0586, 0.7172], [-55.0611, 0.7034], [-55.0497, 0.6809], [-55.0667, 0.6536], [-55.0671, 0.6489], [-55.0566, 0.6277], [-55.0475, 0.6192], [-55.0283, 0.606], [-55.0112, 0.6017], [-54.9897, 0.599], [-54.9826, 0.5948], [-54.9777, 0.5862], [-54.9764, 0.5742], [-54.9802, 0.5636], [-54.9933, 0.5377], [-54.9993, 0.5301], [-55.0076, 0.5078], [-55.0105, 0.4887], [-55.0011, 0.4821], [-54.9365, 0.5037], [-54.8959, 0.4902], [-54.8879, 0.4846], [-54.8688, 0.4827], [-54.8603, 0.4765], [-54.8536, 0.4587], [-54.8473, 0.4333], [-54.8489, 0.4218], [-54.8564, 0.4045], [-54.8575, 0.3916], [-54.8643, 0.3797], [-54.8621, 0.3725], [-54.8731, 0.3504], [-54.9048, 0.3283], [-54.908, 0.3181], [-54.9008, 0.2836], [-54.8999, 0.2458], [-54.9092, 0.2027], [-54.9056, 0.1953], [-54.9033, 0.1761], [-54.9257, 0.1418], [-54.9316, 0.1242], [-54.9188, 0.1187], [-54.909, 0.102], [-54.8998, 0.0897], [-54.8957, 0.0653], [-54.8903, 0.0491], [-54.8802, 0.034], [-54.8744, 0.0289], [-54.8523, 0.0275], [-54.8514, 0.0212], [-54.8559, 0.013], [-54.8596, -0.0034], [-54.8686, -0.0141], [-54.8683, -0.0272], [-54.8699, -0.0537], [-54.8875, -0.0802], [-54.8958, -0.0865], [-54.8998, -0.0979], [-54.9105, -0.0981], [-54.9102, -0.1126], [-54.9153, -0.1391], [-54.9236, -0.159], [-54.9219, -0.1806], [-54.9221, -0.2044], [-54.9169, -0.2112], [-54.9154, -0.2228], [-54.9236, -0.2425], [-54.9257, -0.254], [-54.9174, -0.2833], [-54.9109, -0.2856], [-54.8953, -0.2836], [-54.8909, -0.297], [-54.8891, -0.3099], [-54.8723, -0.3256], [-54.868, -0.3424], [-54.8651, -0.3628], [-54.8578, -0.374], [-54.8519, -0.374], [-54.8419, -0.3661], [-54.8336, -0.367], [-54.8215, -0.3773], [-54.8179, -0.3832], [-54.8148, -0.4052], [-54.8232, -0.4298], [-54.8311, -0.445], [-54.8268, -0.4489], [-54.8198, -0.4419], [-54.7995, -0.4798], [-54.7973, -0.4948], [-54.7978, -0.5097], [-54.7906, -0.5231], [-54.768, -0.5484], [-54.7549, -0.5659], [-54.7343, -0.58], [-54.7259, -0.5818], [-54.7167, -0.5943], [-54.7066, -0.5966], [-54.6938, -0.6035], [-54.6772, -0.6214], [-54.6759, -0.6341], [-54.6822, -0.6461], [-54.6861, -0.6749], [-54.6909, -0.6958], [-54.6803, -0.7049], [-54.6847, -0.7234], [-54.6854, -0.7404], [-54.6769, -0.7638], [-54.6623, -0.7768], [-54.6483, -0.7784], [-54.6477, -0.7895], [-54.6572, -0.7995], [-54.6518, -0.8088], [-54.6487, -0.8206], [-54.6472, -0.8581], [-54.6421, -0.8603], [-54.6288, -0.8577], [-54.6207, -0.8609], [-54.6127, -0.8685], [-54.6053, -0.8818], [-54.6011, -0.9295], [-54.6016, -0.9478], [-54.6096, -0.9728], [-54.6173, -0.9913], [-54.6238, -1.0003], [-54.6155, -1.0088], [-54.6183, -1.0161], [-54.626, -1.0223], [-54.6323, -1.0169], [-54.6541, -1.0205], [-54.6595, -1.0174], [-54.6662, -1.0232], [-54.6679, -1.0344], [-54.6637, -1.0407], [-54.6705, -1.0481], [-54.6773, -1.0493], [-54.6749, -1.0615], [-54.6654, -1.0591], [-54.6629, -1.0644], [-54.6704, -1.0785], [-54.6758, -1.0793], [-54.6988, -1.0694], [-54.7016, -1.0792], [-54.7004, -1.0882], [-54.6909, -1.0896], [-54.6883, -1.0938], [-54.69, -1.1093], [-54.6982, -1.1199], [-54.6901, -1.1261], [-54.6818, -1.1221], [-54.6786, -1.1285], [-54.6838, -1.1327], [-54.6866, -1.1446], [-54.686, -1.1564], [-54.6907, -1.1688], [-54.6987, -1.1787], [-54.6933, -1.1883], [-54.6937, -1.2195], [-54.6887, -1.2224], [-54.6857, -1.2381], [-54.6777, -1.2388], [-54.6769, -1.2453], [-54.6712, -1.2496], [-54.6476, -1.2407], [-54.6416, -1.2448], [-54.6343, -1.2446], [-54.625, -1.2362], [-54.6253, -1.225], [-54.6143, -1.218], [-54.608, -1.2201], [-54.6074, -1.2282], [-54.6161, -1.2304], [-54.6171, -1.2382], [-54.612, -1.247], [-54.6157, -1.2526], [-54.6241, -1.2562], [-54.6265, -1.2656], [-54.6236, -1.2752], [-54.6252, -1.2815], [-54.6351, -1.2969], [-54.631, -1.3089], [-54.6393, -1.3223], [-54.6415, -1.3301], [-54.6359, -1.3355], [-54.6295, -1.3325], [-54.6241, -1.3371], [-54.6328, -1.3504], [-54.6362, -1.361], [-54.6366, -1.3848], [-54.6458, -1.3937], [-54.6302, -1.4022], [-54.6366, -1.4178], [-54.6453, -1.4294], [-54.6408, -1.4426], [-54.6282, -1.4427], [-54.622, -1.4589], [-54.6102, -1.4751], [-54.6018, -1.4779], [-54.5937, -1.4843], [-54.5857, -1.4791], [-54.5745, -1.484], [-54.5723, -1.4954], [-54.5633, -1.5021], [-54.5603, -1.5116], [-54.5541, -1.5209], [-54.5254, -1.5117], [-54.519, -1.5017], [-54.5137, -1.5043], [-54.5097, -1.513], [-54.5023, -1.5179], [-54.4788, -1.5088], [-54.459, -1.4931], [-54.4436, -1.4949], [-54.4367, -1.493], [-54.4324, -1.5018], [-54.4174, -1.5174], [-54.4093, -1.5339], [-54.4107, -1.5488], [-54.4017, -1.5562], [-54.4018, -1.5662], [-54.3946, -1.5724], [-54.3886, -1.5587], [-54.3921, -1.5503], [-54.3915, -1.5396], [-54.386, -1.5357], [-54.3783, -1.5377], [-54.3748, -1.5432], [-54.3782, -1.551], [-54.3771, -1.5581], [-54.3658, -1.5825], [-54.3691, -1.5867], [-54.3638, -1.595], [-54.3665, -1.6069], [-54.3758, -1.6097], [-54.3794, -1.623], [-54.393, -1.6134], [-54.4027, -1.6234], [-54.4031, -1.6303], [-54.3897, -1.63], [-54.3826, -1.6385], [-54.3762, -1.656], [-54.3822, -1.662], [-54.3813, -1.6672], [-54.3675, -1.6695], [-54.3673, -1.6835], [-54.3649, -1.6937], [-54.3598, -1.7005], [-54.3657, -1.7101], [-54.3621, -1.7211], [-54.3721, -1.7299], [-54.3784, -1.7246], [-54.3959, -1.7227], [-54.4036, -1.7261], [-54.4087, -1.7366], [-54.4006, -1.7415], [-54.3936, -1.7581], [-54.397, -1.7635], [-54.4082, -1.7688], [-54.3992, -1.7754], [-54.389, -1.7994], [-54.393, -1.808], [-54.4101, -1.8119], [-54.4197, -1.8233], [-54.4221, -1.845], [-54.4122, -1.861], [-54.4133, -1.8708], [-54.4084, -1.8775], [-54.4091, -1.8843], [-54.4186, -1.8906], [-54.422, -1.9073], [-54.435, -1.908], [-54.4437, -1.9166], [-54.454, -1.9423], [-54.4624, -1.9475], [-54.4727, -1.9621], [-54.4755, -1.9754], [-54.4789, -1.98], [-54.4826, -1.9968], [-54.4945, -2.0173], [-54.5102, -2.0228], [-54.5171, -2.037], [-54.5325, -2.0482], [-54.535, -2.059], [-54.5237, -2.0686], [-54.5117, -2.0725], [-54.4976, -2.0907], [-54.4952, -2.0987], [-54.488, -2.1095], [-54.4991, -2.1165], [-54.5048, -2.116], [-54.5123, -2.1094], [-54.5231, -2.1065], [-54.5325, -2.0979], [-54.5514, -2.0886], [-54.5792, -2.0837], [-54.5968, -2.0794], [-54.6161, -2.0781], [-54.658, -2.0801], [-54.6927, -2.0827], [-54.7194, -2.0805], [-54.7388, -2.0715], [-54.7458, -2.0791], [-54.755, -2.0978], [-54.7645, -2.1071], [-54.7843, -2.1175], [-54.8121, -2.1244], [-54.8278, -2.14], [-54.8429, -2.1416], [-54.888, -2.1291], [-54.9085, -2.1275], [-54.9219, -2.128], [-54.9395, -2.1323], [-54.9685, -2.1483], [-54.9888, -2.1616], [-55.0331, -2.1628], [-55.064, -2.1662], [-55.0949, -2.1669], [-55.0919, -2.1622], [-55.073, -2.149], [-55.064, -2.1405], [-55.0518, -2.119], [-55.044, -2.0993], [-55.0346, -2.0692], [-55.023, -2.0496], [-55.0148, -2.0404], [-55.0044, -2.0338], [-54.9848, -2.026], [-54.9485, -2.0166], [-54.9265, -2.008], [-54.918, -2.0033], [-54.9137, -1.9968], [-54.9021, -1.9925], [-54.8801, -1.9928], [-54.8575, -1.9972], [-54.8505, -1.9809], [-54.8522, -1.9722], [-54.8698, -1.9761], [-54.875, -1.9656], [-54.8858, -1.9685], [-54.9021, -1.9632], [-54.9094, -1.9714], [-54.9193, -1.9669], [-54.9233, -1.9801], [-54.9308, -1.9795], [-54.9405, -1.9633], [-54.966, -1.9639], [-54.9688, -1.949], [-54.9809, -1.9142], [-54.9884, -1.9104], [-55.0045, -1.9197], [-55.0123, -1.9172], [-55.0169, -1.9205], [-55.033, -1.9201], [-55.0395, -1.9326], [-55.0481, -1.9268], [-55.0448, -1.905], [-54.9957, -1.9039], [-54.9602, -1.9043], [-54.9508, -1.9028], [-54.9415, -1.894], [-54.9342, -1.8625], [-54.9182, -1.8453], [-54.9199, -1.8411], [-54.931, -1.839], [-54.9306, -1.8305], [-54.9377, -1.8246], [-54.9435, -1.8254], [-54.9496, -1.814], [-54.9584, -1.81], [-54.9674, -1.8152], [-54.9841, -1.8139], [-54.9839, -1.7997], [-55.0013, -1.7956], [-55.0044, -1.7884], [-55.0168, -1.7936], [-55.0277, -1.7859], [-55.0314, -1.7916], [-55.0395, -1.7917], [-55.0377, -1.7823], [-55.0411, -1.776], [-55.0507, -1.7738], [-55.0558, -1.7671], [-55.066, -1.7726], [-55.0745, -1.7579], [-55.0618, -1.7434], [-55.0704, -1.7405], [-55.0727, -1.735], [-55.0611, -1.73], [-55.0676, -1.7241], [-55.0593, -1.7176], [-55.0563, -1.6948], [-55.0624, -1.6804], [-55.0696, -1.6729], [-55.0809, -1.6713], [-55.0724, -1.6631], [-55.0805, -1.6562], [-55.0837, -1.6477], [-55.0785, -1.6388], [-55.0814, -1.6344], [-55.0998, -1.6342], [-55.0957, -1.624], [-55.1019, -1.6144], [-55.1095, -1.6093], [-55.1117, -1.5981], [-55.1181, -1.5977], [-55.1225, -1.5868], [-55.1177, -1.5831], [-55.1265, -1.5722], [-55.1348, -1.5691], [-55.1402, -1.562], [-55.147, -1.5669], [-55.155, -1.5551], [-55.1658, -1.5486], [-55.1639, -1.5445], [-55.1766, -1.5357], [-55.1784, -1.5241], [-55.1823, -1.5161], [-55.1843, -1.5008], [-55.1951, -1.4962], [-55.1988, -1.4858], [-55.2045, -1.4846], [-55.211, -1.493], [-55.2224, -1.4963], [-55.2353, -1.4913], [-55.2427, -1.4912], [-55.2446, -1.4786], [-55.261, -1.4749], [-55.2662, -1.4632], [-55.2848, -1.4701], [-55.2977, -1.461], [-55.317, -1.4434], [-55.3229, -1.4423], [-55.3371, -1.4456], [-55.3513, -1.4357], [-55.3655, -1.4319], [-55.3697, -1.4281], [-55.3864, -1.4238], [-55.3976, -1.4175], [-55.4002, -1.4104], [-55.4134, -1.3991]]]]}, "properties": {"codigo": "1500404", "nome": "Alenquer"}}, {"type": "Feature", "geometry": {"type": "MultiPolygon", "coordinates": [[[[-55.4134, -1.3991], [-55.4002, -1.4104], [-55.3976, -1.4175], [-55.3864, -1.4238], [-55.3697, -1.4281], [-55.3655, -1.4319], [-55.3513, -1.4357], [-55.3371, -1.4456], [-55.3229, -1.4423], [-55.317, -1.4434], [-55.2977, -1.461], [-55.2848, -1.4701], [-55.2662, -1.4632], [-55.261, -1.4749], [-55.2446, -1.4786], [-55.2427, -1.4912], [-55.2353, -1.4913], [-55.2224, -1.4963], [-55.211, -1.493], [-55.2045, -1.4846], [-55.1988, -1.4858], [-55.1951, -1.4962], [-55.1843, -1.5008], [-55.1823, -1.5161], [-55.1784, -1.5241], [-55.1766, -1.5357], [-55.1639, -1.5445], [-55.1658, -1.5486], [-55.155, -1.5551], [-55.147, -1.5669], [-55.1402, -1.562], [-55.1348, -1.5691], [-55.1265, -1.5722], [-55.1177, -1.5831], [-55.1225, -1.5868], [-55.1181, -1.5977], [-55.1117, -1.5981], [-55.1095, -1.6093], [-55.1019, -1.6144], [-55.0957, -1.624], [-55.0998, -1.6342], [-55.0814, -1.6344], [-55.0785, -1.6388], [-55.0837, -1.6477], [-55.0805, -1.6562], [-55.0724, -1.6631], [-55.0809, -1.6713], [-55.0696, -1.6729], [-55.0624, -1.6804], [-55.0563, -1.6948], [-55.0593, -1.7176], [-55.0676, -1.7241], [-55.0611, -1.73], [-55.0727, -1.735], [-55.0704, -1.7405], [-55.0618, -1.7434], [-55.0745, -1.7579], [-55.066, -1.7726], [-55.0558, -1.7671], [-55.0507, -1.7738], [-55.0411, -1.776], [-55.0377, -1.7823], [-55.0395, -1.7917], [-55.0314, -1.7916], [-55.0277, -1.7859], [-55.0168, -1.7936], [-55.0044, -1.7884], [-55.0013, -1.7956], [-54.9839, -1.7997], [-54.9841, -1.8139], [-54.9674, -1.8152], [-54.9584, -1.81], [-54.9496, -1.814], [-54.9435, -1.8254], [-54.9377, -1.8246], [-54.9306, -1.8305], [-54.931, -1.839], [-54.9199, -1.8411], [-54.9182, -1.8453], [-54.9342, -1.8625], [-54.9415, -1.894], [-54.9508, -1.9028], [-54.9602, -1.9043], [-54.9957, -1.9039], [-55.0448, -1.905], [-55.0481, -1.9268], [-55.0395, -1.9326], [-55.033, -1.9201], [-55.0169, -1.9205], [-55.0123, -1.9172], [-55.0045, -1.9197], [-54.9884, -1.9104], [-54.9809, -1.9142], [-54.9688, -1.949], [-54.966, -1.9639], [-54.9405, -1.9633], [-54.9308, -1.9795], [-54.9233, -1.9801], [-54.9193, -1.9669], [-54.9094, -1.9714], [-54.9021, -1.9632], [-54.8858, -1.9685], [-54.875, -1.9656], [-54.8698, -1.9761], [-54.8522, -1.9722], [-54.8505, -1.9809], [-54.8575, -1.9972], [-54.8801, -1.9928], [-54.9021, -1.9925], [-54.9137, -1.9968], [-54.918, -2.0033], [-54.9265, -2.008], [-54.9485, -2.0166], [-54.9848, -2.026], [-55.0044, -2.0338], [-55.0148, -2.0404], [-55.023, -2.0496], [-55.0346, -2.0692], [-55.044, -2.0993], [-55.0518, -2.119], [-55.064, -2.1405], [-55.073, -2.149], [-55.0919, -2.1622], [-55.0949, -2.1669], [-55.1203, -2.1676], [-55.1425, -2.165], [-55.1742, -2.1572], [-55.1802, -2.1522], [-55.2509, -2.131], [-55.2573, -2.127], [-55.263, -2.1185], [-55.2665, -2.1064], [-55.209, -2.104], [-55.1848, -2.047], [-55.1843, -1.9995], [-55.1859, -1.9906], [-55.1744, -1.9781], [-55.1792, -1.9688], [-55.1703, -1.966], [-55.1671, -1.9721], [-55.1602, -1.9662], [-55.1606, -1.9568], [-55.1526, -1.9526], [-55.1575, -1.9437], [-55.1667, -1.9381], [-55.1661, -1.934], [-55.1767, -1.9222], [-55.1665, -1.7312], [-55.174, -1.6793], [-55.2664, -1.5715], [-55.4134, -1.3998], [-55.4134, -1.3991]]]]}, "properties": {"codigo": "1502855", "nome": "Curuá"}}, {"type": "Feature", "geometry": {"type": "MultiPolygon", "coordinates": [[[[-54.2659, -2.4154], [-54.2789, -2.4094], [-54.3111, -2.4015], [-54.3282, -2.3995], [-54.3322, -2.3912], [-54.4355, -2.2304], [-54.5102, -2.1141], [-54.5123, -2.1094], [-54.5048, -2.116], [-54.4991, -2.1165], [-54.488, -2.1095], [-54.4952, -2.0987], [-54.4976, -2.0907], [-54.5117, -2.0725], [-54.5237, -2.0686], [-54.535, -2.059], [-54.5325, -2.0482], [-54.5171, -2.037], [-54.5102, -2.0228], [-54.4945, -2.0173], [-54.4826, -1.9968], [-54.4789, -1.98], [-54.4755, -1.9754], [-54.4727, -1.9621], [-54.4624, -1.9475], [-54.454, -1.9423], [-54.4437, -1.9166], [-54.435, -1.908], [-54.422, -1.9073], [-54.4186, -1.8906], [-54.4091, -1.8843], [-54.4084, -1.8775], [-54.4133, -1.8708], [-54.4122, -1.861], [-54.4221, -1.845], [-54.4197, -1.8233], [-54.4101, -1.8119], [-54.393, -1.808], [-54.389, -1.7994], [-54.3992, -1.7754], [-54.4082, -1.7688], [-54.397, -1.7635], [-54.3936, -1.7581], [-54.4006, -1.7415], [-54.4087, -1.7366], [-54.4036, -1.7261], [-54.3959, -1.7227], [-54.3784, -1.7246], [-54.3721, -1.7299], [-54.3621, -1.7211], [-54.3657, -1.7101], [-54.3598, -1.7005], [-54.3649, -1.6937], [-54.3673, -1.6835], [-54.3675, -1.6695], [-54.3813, -1.6672], [-54.3822, -1.662], [-54.3762, -1.656], [-54.3826, -1.6385], [-54.3897, -1.63], [-54.4031, -1.6303], [-54.4027, -1.6234], [-54.393, -1.6134], [-54.3794, -1.623], [-54.3758, -1.6097], [-54.3665, -1.6069], [-54.3638, -1.595], [-54.3691, -1.5867], [-54.3658, -1.5825], [-54.3771, -1.5581], [-54.3782, -1.551], [-54.3748, -1.5432], [-54.3783, -1.5377], [-54.386, -1.5357], [-54.3915, -1.5396], [-54.3921, -1.5503], [-54.3886, -1.5587], [-54.3946, -1.5724], [-54.4018, -1.5662], [-54.4017, -1.5562], [-54.4107, -1.5488], [-54.4093, -1.5339], [-54.4174, -1.5174], [-54.4324, -1.5018], [-54.4367, -1.493], [-54.4436, -1.4949], [-54.459, -1.4931], [-54.4788, -1.5088], [-54.5023, -1.5179], [-54.5097, -1.513], [-54.5137, -1.5043], [-54.519, -1.5017], [-54.5254, -1.5117], [-54.5541, -1.5209], [-54.5603, -1.5116], [-54.5633, -1.5021], [-54.5723, -1.4954], [-54.5745, -1.484], [-54.5857, -1.4791], [-54.5937, -1.4843], [-54.6018, -1.4779], [-54.6102, -1.4751], [-54.622, -1.4589], [-54.6282, -1.4427], [-54.6408, -1.4426], [-54.6453, -1.4294], [-54.6366, -1.4178], [-54.6302, -1.4022], [-54.6458, -1.3937], [-54.6366, -1.3848], [-54.6362, -1.361], [-54.6328, -1.3504], [-54.6241, -1.3371], [-54.6295, -1.3325], [-54.6359, -1.3355], [-54.6415, -1.3301], [-54.6393, -1.3223], [-54.631, -1.3089], [-54.6351, -1.2969], [-54.6252, -1.2815], [-54.6236, -1.2752], [-54.6265, -1.2656], [-54.6241, -1.2562], [-54.6157, -1.2526], [-54.612, -1.247], [-54.6171, -1.2382], [-54.6161, -1.2304], [-54.6074, -1.2282], [-54.608, -1.2201], [-54.6143, -1.218], [-54.6253, -1.225], [-54.625, -1.2362], [-54.6343, -1.2446], [-54.6416, -1.2448], [-54.6476, -1.2407], [-54.6712, -1.2496], [-54.6769, -1.2453], [-54.6777, -1.2388], [-54.6857, -1.2381], [-54.6887, -1.2224], [-54.6937, -1.2195], [-54.6933, -1.1883], [-54.6987, -1.1787], [-54.6907, -1.1688], [-54.686, -1.1564], [-54.6866, -1.1446], [-54.6838, -1.1327], [-54.6786, -1.1285], [-54.6818, -1.1221], [-54.6901, -1.1261], [-54.6982, -1.1199], [-54.69, -1.1093], [-54.6883, -1.0938], [-54.6909, -1.0896], [-54.7004, -1.0882], [-54.7016, -1.0792], [-54.6988, -1.0694], [-54.6758, -1.0793], [-54.6704, -1.0785], [-54.6629, -1.0644], [-54.6654, -1.0591], [-54.6749, -1.0615], [-54.6773, -1.0493], [-54.6705, -1.0481], [-54.6637, -1.0407], [-54.6679, -1.0344], [-54.6662, -1.0232], [-54.6595, -1.0174], [-54.6541, -1.0205], [-54.6323, -1.0169], [-54.626, -1.0223], [-54.6183, -1.0161], [-54.6155, -1.0088], [-54.6238, -1.0003], [-54.6173, -0.9913], [-54.6096, -0.9728], [-54.6016, -0.9478], [-54.6011, -0.9295], [-54.6053, -0.8818], [-54.6127, -0.8685], [-54.6207, -0.8609], [-54.6288, -0.8577], [-54.6421, -0.8603], [-54.6472, -0.8581], [-54.6487, -0.8206], [-54.6518, -0.8088], [-54.6572, -0.7995], [-54.6477, -0.7895], [-54.6483, -0.7784], [-54.6623, -0.7768], [-54.6769, -0.7638], [-54.6854, -0.7404], [-54.6847, -0.7234], [-54.6803, -0.7049], [-54.6909, -0.6958], [-54.6861, -0.6749], [-54.6822, -0.6461], [-54.6759, -0.6341], [-54.6772, -0.6214], [-54.6938, -0.6035], [-54.7066, -0.5966], [-54.7167, -0.5943], [-54.7259, -0.5818], [-54.7343, -0.58], [-54.7549, -0.5659], [-54.768, -0.5484], [-54.7906, -0.5231], [-54.7978, -0.5097], [-54.7973, -0.4948], [-54.7995, -0.4798], [-54.8198, -0.4419], [-54.8268, -0.4489], [-54.8311, -0.445], [-54.8232, -0.4298], [-54.8148, -0.4052], [-54.8179, -0.3832], [-54.8215, -0.3773], [-54.8336, -0.367], [-54.8419, -0.3661], [-54.8519, -0.374], [-54.8578, -0.374], [-54.8651, -0.3628], [-54.868, -0.3424], [-54.8723, -0.3256], [-54.8891, -0.3099], [-54.8909, -0.297], [-54.8953, -0.2836], [-54.9109, -0.2856], [-54.9174, -0.2833], [-54.9257, -0.254], [-54.9236, -0.2425], [-54.9154, -0.2228], [-54.9169, -0.2112], [-54.9221, -0.2044], [-54.9219, -0.1806], [-54.9236, -0.159], [-54.9153, -0.1391], [-54.9102, -0.1126], [-54.9105, -0.0981], [-54.8998, -0.0979], [-54.8958, -0.0865], [-54.8875, -0.0802], [-54.8699, -0.0537], [-54.8683, -0.0272], [-54.8686, -0.0141], [-54.8596, -0.0034], [-54.8559, 0.013], [-54.8514, 0.0212], [-54.8523, 0.0275], [-54.8744, 0.0289], [-54.8802, 0.034], [-54.8903, 0.0491], [-54.8957, 0.0653], [-54.8998, 0.0897], [-54.909, 0.102], [-54.9188, 0.1187], [-54.9316, 0.1242], [-54.9257, 0.1418], [-54.9033, 0.1761], [-54.9056, 0.1953], [-54.9092, 0.2027], [-54.8999, 0.2458], [-54.9008, 0.2836], [-54.908, 0.3181], [-54.9048, 0.3283], [-54.8731, 0.3504], [-54.8621, 0.3725], [-54.8593, 0.3649], [-54.8457, 0.3549], [-54.8397, 0.3595], [-54.8338, 0.3553], [-54.8138, 0.3577], [-54.8021, 0.3503], [-54.7969, 0.3295], [-54.7937, 0.3271], [-54.7791, 0.3259], [-54.774, 0.321], [-54.7452, 0.3044], [-54.7274, 0.2874], [-54.7057, 0.262], [-54.6899, 0.2514], [-54.6842, 0.2449], [-54.6812, 0.2108], [-54.6681, 0.2004], [-54.6614, 0.1917], [-54.6612, 0.1846], [-54.6537, 0.1577], [-54.6469, 0.1407], [-54.6407, 0.1336], [-54.6226, 0.1286], [-54.6105, 0.1375], [-54.6022, 0.1383], [-54.5876, 0.1277], [-54.5806, 0.1192], [-54.5596, 0.103], [-54.5485, 0.1012], [-54.5361, 0.0868], [-54.5002, 0.0874], [-54.4789, 0.0848], [-54.4469, 0.0857], [-54.4349, 0.0839], [-54.4316, 0.0769], [-54.4448, 0.0643], [-54.4423, 0.0508], [-54.4224, 0.0447], [-54.4044, 0.0339], [-54.3953, 0.0186], [-54.3879, -0.0079], [-54.3871, -0.0279], [-54.3899, -0.0376], [-54.3905, -0.0521], [-54.3946, -0.0639], [-54.4017, -0.0718], [-54.4146, -0.0754], [-54.4227, -0.0735], [-54.4303, -0.0672], [-54.4347, -0.0699], [-54.4337, -0.0814], [-54.4266, -0.0962], [-54.4312, -0.1052], [-54.4236, -0.1116], [-54.4331, -0.1349], [-54.4313, -0.1399], [-54.4088, -0.1459], [-54.4016, -0.1464], [-54.396, -0.1545], [-54.3918, -0.167], [-54.3824, -0.1702], [-54.3762, -0.1807], [-54.3688, -0.2038], [-54.3671, -0.2151], [-54.3685, -0.2233], [-54.3791, -0.234], [-54.3902, -0.2525], [-54.3864, -0.2623], [-54.3729, -0.2709], [-54.3676, -0.2807], [-54.3599, -0.2832], [-54.35, -0.2986], [-54.3512, -0.3132], [-54.3474, -0.3213], [-54.3312, -0.3268], [-54.3244, -0.3364], [-54.3191, -0.3577], [-54.3279, -0.3846], [-54.3287, -0.3957], [-54.3208, -0.4046], [-54.3238, -0.4193], [-54.3227, -0.4291], [-54.331, -0.4377], [-54.3437, -0.4453], [-54.3468, -0.4526], [-54.3467, -0.4707], [-54.3198, -0.4708], [-54.2928, -0.4808], [-54.2827, -0.4872], [-54.2712, -0.4909], [-54.2512, -0.4816], [-54.2332, -0.4781], [-54.2232, -0.484], [-54.2163, -0.4953], [-54.2168, -0.5046], [-54.2139, -0.5185], [-54.2081, -0.5237], [-54.1833, -0.5351], [-54.1778, -0.5514], [-54.1808, -0.5736], [-54.1799, -0.5956], [-54.1736, -0.5999], [-54.1549, -0.5821], [-54.1454, -0.5817], [-54.136, -0.5851], [-54.1238, -0.5856], [-54.1254, -0.5992], [-54.1358, -0.6132], [-54.1298, -0.618], [-54.0881, -0.6086], [-54.0759, -0.6136], [-54.0667, -0.629], [-54.046, -0.6252], [-54.0256, -0.6296], [-54.0249, -0.6375], [-54.0292, -0.6504], [-54.0292, -0.6622], [-54.0365, -0.6749], [-54.0383, -0.6898], [-54.0474, -0.7077], [-54.0479, -0.7227], [-54.0564, -0.7294], [-54.0574, -0.7446], [-54.0609, -0.7615], [-54.071, -0.7829], [-54.0888, -0.7982], [-54.1052, -0.8048], [-54.1044, -0.8118], [-54.1096, -0.8179], [-54.1235, -0.8276], [-54.1247, -0.8346], [-54.1214, -0.8491], [-54.1034, -0.8714], [-54.0892, -0.8696], [-54.0845, -0.8726], [-54.078, -0.8896], [-54.069, -0.8937], [-54.0506, -0.8949], [-54.035, -0.9017], [-54.0146, -0.9231], [-54.0139, -0.9274], [-54.0036, -0.9444], [-53.994, -0.9524], [-53.9791, -0.9701], [-53.9701, -0.9839], [-53.9594, -0.9945], [-53.9503, -1.0252], [-53.9441, -1.0365], [-53.9259, -1.0424], [-53.9024, -1.0483], [-53.8959, -1.0542], [-53.8928, -1.072], [-53.9034, -1.0929], [-53.8994, -1.1246], [-53.891, -1.1526], [-53.8929, -1.1653], [-53.8791, -1.2049], [-53.8547, -1.244], [-53.8554, -1.2582], [-53.8582, -1.2635], [-53.8798, -1.285], [-53.8817, -1.2927], [-53.8761, -1.3054], [-53.8686, -1.3122], [-53.8439, -1.3285], [-53.8301, -1.3406], [-53.821, -1.3604], [-53.8167, -1.3791], [-53.8243, -1.4293], [-53.828, -1.4384], [-53.8409, -1.447], [-53.8471, -1.4541], [-53.8553, -1.4709], [-53.8851, -1.5075], [-53.8849, -1.5554], [-53.8774, -1.5776], [-53.8707, -1.5816], [-53.864, -1.5904], [-53.864, -1.6114], [-53.8922, -1.6264], [-53.8985, -1.6387], [-53.9267, -1.6442], [-53.9255, -1.6605], [-53.9272, -1.6653], [-53.9204, -1.6758], [-53.9083, -1.6819], [-53.9039, -1.6869], [-53.8854, -1.6817], [-53.8746, -1.6859], [-53.8696, -1.6922], [-53.8612, -1.6945], [-53.8483, -1.6904], [-53.8221, -1.6997], [-53.8037, -1.7134], [-53.7938, -1.7161], [-53.791, -1.7243], [-53.8819, -1.856], [-53.9184, -1.9095], [-53.8972, -1.8979], [-53.8647, -1.8964], [-53.8601, -1.8936], [-53.8341, -1.8849], [-53.8182, -1.883], [-53.7936, -1.8841], [-53.7892, -1.8887], [-53.7858, -1.9004], [-53.7872, -1.9128], [-53.7907, -1.9217], [-53.8003, -1.9341], [-53.8204, -1.9456], [-53.8301, -1.9539], [-53.8464, -1.9636], [-53.8775, -1.9785], [-53.8995, -1.9907], [-53.92, -2.0007], [-53.9583, -2.0271], [-53.9702, -2.0424], [-53.9981, -2.0699], [-54.0083, -2.0738], [-54.0244, -2.0902], [-54.0361, -2.1126], [-54.0374, -2.125], [-54.0354, -2.1772], [-54.0391, -2.2041], [-54.0492, -2.2335], [-54.0612, -2.2572], [-54.0701, -2.2723], [-54.0933, -2.3074], [-54.1187, -2.3375], [-54.1484, -2.3602], [-54.1679, -2.3708], [-54.2117, -2.3885], [-54.2327, -2.3986], [-54.2531, -2.4106], [-54.2659, -2.4154]]]]}, "properties": {"codigo": "1504802", "nome": "Monte Alegre"}}, {"type": "Feature", "geometry": {"type": "MultiPolygon", "coordinates": [[[[-53.0015, -2.6716], [-53.0106, -2.6779], [-53.0288, -2.682], [-53.0349, -2.6777], [-53.0469, -2.6828], [-53.0639, -2.6805], [-53.0692, -2.6866], [-53.0761, -2.6882], [-53.0849, -2.6823], [-53.0954, -2.6845], [-53.0997, -2.6813], [-53.1069, -2.686], [-53.1196, -2.6781], [-53.1269, -2.6698], [-53.1464, -2.6653], [-53.1653, -2.6771], [-53.1706, -2.6844], [-53.1701, -2.6952], [-53.1905, -2.7076], [-53.1989, -2.7158], [-53.2079, -2.7207], [-53.2121, -2.7299], [-53.2272, -2.74], [-53.2356, -2.7481], [-53.2331, -2.7535], [-53.2421, -2.759], [-53.247, -2.7697], [-53.2529, -2.7743], [-53.2595, -2.7694], [-53.2716, -2.7711], [-53.2834, -2.7622], [-53.2844, -2.756], [-53.2934, -2.7503], [-53.3097, -2.7433], [-53.3298, -2.7431], [-53.3362, -2.7373], [-53.358, -2.7373], [-53.3614, -2.7412], [-53.3706, -2.739], [-53.3863, -2.7428], [-53.3906, -2.7381], [-53.4085, -2.7499], [-53.4124, -2.7629], [-53.4172, -2.7659], [-53.4276, -2.7624], [-53.4416, -2.7685], [-53.447, -2.7744], [-53.4544, -2.7765], [-53.4787, -2.7724], [-53.4872, -2.7649], [-53.5017, -2.7716], [-53.5028, -2.7829], [-53.5236, -2.7752], [-53.5452, -2.7911], [-53.559, -2.7933], [-53.5649, -2.7918], [-53.5858, -2.8046], [-53.5943, -2.8131], [-53.5926, -2.8233], [-53.5955, -2.8346], [-53.6083, -2.8533], [-53.6084, -2.8652], [-53.8554, -2.8875], [-54.103, -2.8865], [-54.1122, -2.8865], [-54.1106, -2.7754], [-54.1116, -2.7546], [-54.1294, -2.7397], [-54.1408, -2.732], [-54.149, -2.7298], [-54.1589, -2.7229], [-54.1607, -2.7161], [-54.151, -2.7125], [-54.1484, -2.7016], [-54.1574, -2.6926], [-54.1662, -2.6885], [-54.163, -2.6748], [-54.1701, -2.664], [-54.1799, -2.6612], [-54.1853, -2.6521], [-54.1785, -2.6403], [-54.1832, -2.6289], [-54.1951, -2.6212], [-54.2118, -2.6168], [-54.2272, -2.6036], [-54.24, -2.5968], [-54.2522, -2.5865], [-54.2546, -2.5785], [-54.2483, -2.55], [-54.2429, -2.5377], [-54.2406, -2.525], [-54.2429, -2.5152], [-54.231, -2.5038], [-54.23, -2.4919], [-54.2263, -2.4818], [-54.2287, -2.4736], [-54.2373, -2.461], [-54.2522, -2.4516], [-54.2603, -2.4364], [-54.2601, -2.4252], [-54.2659, -2.4154], [-54.2531, -2.4106], [-54.2327, -2.3986], [-54.2117, -2.3885], [-54.1679, -2.3708], [-54.1484, -2.3602], [-54.1187, -2.3375], [-54.0933, -2.3074], [-54.0701, -2.2723], [-54.0612, -2.2572], [-54.0492, -2.2335], [-54.0391, -2.2041], [-54.0354, -2.1772], [-54.0374, -2.125], [-54.0361, -2.1126], [-54.0244, -2.0902], [-54.0083, -2.0738], [-53.9981, -2.0699], [-53.9702, -2.0424], [-53.9583, -2.0271], [-53.92, -2.0007], [-53.8995, -1.9907], [-53.8775, -1.9785], [-53.8464, -1.9636], [-53.8301, -1.9539], [-53.8204, -1.9456], [-53.8003, -1.9341], [-53.7907, -1.9217], [-53.7872, -1.9128], [-53.7858, -1.9004], [-53.7892, -1.8887], [-53.7936, -1.8841], [-53.8182, -1.883], [-53.8341, -1.8849], [-53.8601, -1.8936], [-53.8647, -1.8964], [-53.8972, -1.8979], [-53.9184, -1.9095], [-53.8819, -1.856], [-53.791, -1.7243], [-53.7938, -1.7161], [-53.8037, -1.7134], [-53.8221, -1.6997], [-53.8483, -1.6904], [-53.8612, -1.6945], [-53.8696, -1.6922], [-53.8746, -1.6859], [-53.8854, -1.6817], [-53.9039, -1.6869], [-53.9083, -1.6819], [-53.9204, -1.6758], [-53.9272, -1.6653], [-53.9255, -1.6605], [-53.9267, -1.6442], [-53.8985, -1.6387], [-53.8922, -1.6264], [-53.864, -1.6114], [-53.864, -1.5904], [-53.8707, -1.5816], [-53.8774, -1.5776], [-53.8849, -1.5554], [-53.8851, -1.5075], [-53.8553, -1.4709], [-53.8471, -1.4541], [-53.8409, -1.447], [-53.828, -1.4384], [-53.8243, -1.4293], [-53.8167, -1.3791], [-53.821, -1.3604], [-53.8301, -1.3406], [-53.8439, -1.3285], [-53.8686, -1.3122], [-53.8761, -1.3054], [-53.8817, -1.2927], [-53.8798, -1.285], [-53.8582, -1.2635], [-53.8554, -1.2582], [-53.8547, -1.244], [-53.8791, -1.2049], [-53.8929, -1.1653], [-53.891, -1.1526], [-53.8994, -1.1246], [-53.9034, -1.0929], [-53.8928, -1.072], [-53.8959, -1.0542], [-53.9024, -1.0483], [-53.9259, -1.0424], [-53.9441, -1.0365], [-53.9503, -1.0252], [-53.9594, -0.9945], [-53.9542, -0.9969], [-53.9351, -0.9986], [-53.9149, -0.9968], [-53.8991, -0.9924], [-53.8816, -0.984], [-53.8589, -0.9697], [-53.841, -0.9608], [-53.8172, -0.9511], [-53.7962, -0.9501], [-53.7711, -0.9589], [-53.7528, -0.9701], [-53.7272, -0.9795], [-53.7059, -0.9809], [-53.7005, -0.9858], [-53.6841, -1.0165], [-53.6854, -1.0376], [-53.6784, -1.0494], [-53.6789, -1.0609], [-53.6754, -1.0915], [-53.6582, -1.1169], [-53.6476, -1.1343], [-53.6336, -1.1401], [-53.6283, -1.1534], [-53.6364, -1.1739], [-53.6329, -1.1881], [-53.6132, -1.2047], [-53.6023, -1.2049], [-53.5892, -1.2106], [-53.5745, -1.2145], [-53.5644, -1.2229], [-53.5596, -1.2431], [-53.5503, -1.2615], [-53.5313, -1.2842], [-53.5257, -1.2936], [-53.5223, -1.3053], [-53.5126, -1.3137], [-53.5045, -1.3302], [-53.4952, -1.3418], [-53.4855, -1.3784], [-53.4873, -1.3868], [-53.4829, -1.4078], [-53.4773, -1.4167], [-53.4782, -1.4251], [-53.4845, -1.4324], [-53.4819, -1.4403], [-53.4736, -1.4493], [-53.4641, -1.4545], [-53.4577, -1.4654], [-53.453, -1.4806], [-53.4454, -1.4943], [-53.4449, -1.514], [-53.4416, -1.5183], [-53.4266, -1.5279], [-53.4128, -1.5565], [-53.4104, -1.5682], [-53.4005, -1.5847], [-53.3976, -1.6007], [-53.3905, -1.6155], [-53.3831, -1.6258], [-53.377, -1.6465], [-53.3674, -1.668], [-53.3665, -1.679], [-53.3612, -1.688], [-53.3619, -1.7021], [-53.3598, -1.7181], [-53.3557, -1.7353], [-53.3594, -1.7427], [-53.3536, -1.7489], [-53.3371, -1.7427], [-53.3268, -1.7441], [-53.3204, -1.7494], [-53.3109, -1.7688], [-53.2907, -1.7693], [-53.2429, -1.7574], [-53.2162, -1.7586], [-53.1505, -1.7756], [-53.1393, -1.7753], [-53.118, -1.7811], [-53.1065, -1.7797], [-53.0903, -1.7745], [-53.0687, -1.7724], [-53.0473, -1.7688], [-53.0185, -1.7574], [-52.9998, -1.7434], [-52.9939, -1.762], [-52.9988, -1.7715], [-53.0112, -1.7788], [-53.0292, -1.7833], [-53.0335, -1.7906], [-53.0344, -1.8009], [-53.0392, -1.814], [-53.0368, -1.8274], [-53.0457, -1.8339], [-53.0487, -1.84], [-53.0541, -1.8632], [-53.0605, -1.8815], [-53.0735, -1.896], [-53.087, -1.9018], [-53.0931, -1.9077], [-53.1049, -1.9111], [-53.1166, -1.9182], [-53.1297, -1.9324], [-53.1382, -1.9505], [-53.1574, -1.9684], [-53.1728, -1.9779], [-53.184, -1.9826], [-53.1951, -1.9846], [-53.2065, -1.9919], [-53.2082, -1.9962], [-53.2181, -1.9949], [-53.2224, -1.9887], [-53.2346, -1.988], [-53.2634, -1.9756], [-53.2739, -1.9792], [-53.2876, -1.9812], [-53.3012, -1.9875], [-53.3004, -1.9979], [-53.3058, -2.006], [-53.3147, -2.0041], [-53.334, -2.0083], [-53.3402, -2.0123], [-53.3449, -2.0207], [-53.3596, -2.0254], [-53.359, -2.0376], [-53.3479, -2.0401], [-53.3454, -2.0532], [-53.3418, -2.0555], [-53.331, -2.0532], [-53.3268, -2.0664], [-53.3168, -2.076], [-53.305, -2.0816], [-53.286, -2.0787], [-53.2767, -2.0879], [-53.2798, -2.0987], [-53.2775, -2.1144], [-53.2795, -2.1189], [-53.2723, -2.1397], [-53.2722, -2.1447], [-53.2531, -2.1668], [-53.2429, -2.2032], [-53.2442, -2.2289], [-53.2356, -2.2444], [-53.236, -2.2561], [-53.2394, -2.2649], [-53.2387, -2.2854], [-53.235, -2.294], [-53.231, -2.3248], [-53.2268, -2.3331], [-53.2257, -2.3653], [-53.2334, -2.378], [-53.2526, -2.394], [-53.2602, -2.3954], [-53.271, -2.4049], [-53.2788, -2.4282], [-53.2938, -2.4496], [-53.3075, -2.4551], [-53.3255, -2.4537], [-53.3431, -2.4685], [-53.3495, -2.4712], [-53.3618, -2.4822], [-53.3632, -2.4905], [-53.3727, -2.5005], [-53.3843, -2.505], [-53.1426, -2.593], [-52.9668, -2.657], [-52.9786, -2.6641], [-52.9838, -2.66], [-52.9921, -2.6675], [-53.0015, -2.6716]]]]}, "properties": {"codigo": "1506005", "nome": "Prainha"}}, {"type": "Feature", "geometry": {"type": "MultiPolygon", "coordinates": [[[[-52.9998, -1.7434], [-53.0185, -1.7574], [-53.0473, -1.7688], [-53.0687, -1.7724], [-53.0903, -1.7745], [-53.1065, -1.7797], [-53.118, -1.7811], [-53.1393, -1.7753], [-53.1505, -1.7756], [-53.2162, -1.7586], [-53.2429, -1.7574], [-53.2907, -1.7693], [-53.3109, -1.7688], [-53.3204, -1.7494], [-53.3268, -1.7441], [-53.3371, -1.7427], [-53.3536, -1.7489], [-53.3594, -1.7427], [-53.3557, -1.7353], [-53.3598, -1.7181], [-53.3619, -1.7021], [-53.3612, -1.688], [-53.3665, -1.679], [-53.3674, -1.668], [-53.377, -1.6465], [-53.3831, -1.6258], [-53.3905, -1.6155], [-53.3976, -1.6007], [-53.4005, -1.5847], [-53.4104, -1.5682], [-53.4128, -1.5565], [-53.4266, -1.5279], [-53.4416, -1.5183], [-53.4449, -1.514], [-53.4454, -1.4943], [-53.453, -1.4806], [-53.4577, -1.4654], [-53.4641, -1.4545], [-53.4736, -1.4493], [-53.4819, -1.4403], [-53.4845, -1.4324], [-53.4782, -1.4251], [-53.4773, -1.4167], [-53.4829, -1.4078], [-53.4873, -1.3868], [-53.4855, -1.3784], [-53.4952, -1.3418], [-53.5045, -1.3302], [-53.5126, -1.3137], [-53.5223, -1.3053], [-53.5257, -1.2936], [-53.5313, -1.2842], [-53.5503, -1.2615], [-53.5596, -1.2431], [-53.5644, -1.2229], [-53.5745, -1.2145], [-53.5892, -1.2106], [-53.6023, -1.2049], [-53.6132, -1.2047], [-53.6329, -1.1881], [-53.6364, -1.1739], [-53.6283, -1.1534], [-53.6336, -1.1401], [-53.6476, -1.1343], [-53.6582, -1.1169], [-53.6754, -1.0915], [-53.6789, -1.0609], [-53.6784, -1.0494], [-53.6854, -1.0376], [-53.6841, -1.0165], [-53.7005, -0.9858], [-53.7059, -0.9809], [-53.7272, -0.9795], [-53.7528, -0.9701], [-53.7711, -0.9589], [-53.7962, -0.9501], [-53.8172, -0.9511], [-53.841, -0.9608], [-53.8589, -0.9697], [-53.8816, -0.984], [-53.8991, -0.9924], [-53.9149, -0.9968], [-53.9351, -0.9986], [-53.9542, -0.9969], [-53.9594, -0.9945], [-53.9701, -0.9839], [-53.9791, -0.9701], [-53.994, -0.9524], [-54.0036, -0.9444], [-54.0139, -0.9274], [-54.0146, -0.9231], [-54.035, -0.9017], [-54.0506, -0.8949], [-54.069, -0.8937], [-54.078, -0.8896], [-54.0845, -0.8726], [-54.0892, -0.8696], [-54.1034, -0.8714], [-54.1214, -0.8491], [-54.1247, -0.8346], [-54.1235, -0.8276], [-54.1096, -0.8179], [-54.1044, -0.8118], [-54.1052, -0.8048], [-54.0888, -0.7982], [-54.071, -0.7829], [-54.0609, -0.7615], [-54.0574, -0.7446], [-54.0564, -0.7294], [-54.0479, -0.7227], [-54.0474, -0.7077], [-54.0383, -0.6898], [-54.0365, -0.6749], [-54.0292, -0.6622], [-54.0292, -0.6504], [-54.0249, -0.6375], [-54.0256, -0.6296], [-54.046, -0.6252], [-54.0667, -0.629], [-54.0759, -0.6136], [-54.0881, -0.6086], [-54.1298, -0.618], [-54.1358, -0.6132], [-54.1254, -0.5992], [-54.1238, -0.5856], [-54.136, -0.5851], [-54.1454, -0.5817], [-54.1549, -0.5821], [-54.1736, -0.5999], [-54.1799, -0.5956], [-54.1808, -0.5736], [-54.1778, -0.5514], [-54.1833, -0.5351], [-54.2081, -0.5237], [-54.2139, -0.5185], [-54.2168, -0.5046], [-54.2163, -0.4953], [-54.2232, -0.484], [-54.2332, -0.4781], [-54.2512, -0.4816], [-54.2712, -0.4909], [-54.2827, -0.4872], [-54.2928, -0.4808], [-54.3198, -0.4708], [-54.3467, -0.4707], [-54.3468, -0.4526], [-54.3437, -0.4453], [-54.331, -0.4377], [-54.3227, -0.4291], [-54.3238, -0.4193], [-54.3208, -0.4046], [-54.3287, -0.3957], [-54.3279, -0.3846], [-54.3191, -0.3577], [-54.3244, -0.3364], [-54.3312, -0.3268], [-54.3474, -0.3213], [-54.3512, -0.3132], [-54.35, -0.2986], [-54.3599, -0.2832], [-54.3676, -0.2807], [-54.3729, -0.2709], [-54.3864, -0.2623], [-54.3902, -0.2525], [-54.3791, -0.234], [-54.3685, -0.2233], [-54.3671, -0.2151], [-54.3688, -0.2038], [-54.3762, -0.1807], [-54.3824, -0.1702], [-54.3918, -0.167], [-54.396, -0.1545], [-54.4016, -0.1464], [-54.4088, -0.1459], [-54.4313, -0.1399], [-54.4331, -0.1349], [-54.4236, -0.1116], [-54.4312, -0.1052], [-54.4266, -0.0962], [-54.4337, -0.0814], [-54.4347, -0.0699], [-54.4303, -0.0672], [-54.4227, -0.0735], [-54.4146, -0.0754], [-54.4017, -0.0718], [-54.3946, -0.0639], [-54.3905, -0.0521], [-54.3899, -0.0376], [-54.3871, -0.0279], [-54.3879, -0.0079], [-54.3953, 0.0186], [-54.4044, 0.0339], [-54.4224, 0.0447], [-54.4423, 0.0508], [-54.4448, 0.0643], [-54.4316, 0.0769], [-54.4349, 0.0839], [-54.4469, 0.0857], [-54.4789, 0.0848], [-54.5002, 0.0874], [-54.5361, 0.0868], [-54.5485, 0.1012], [-54.5596, 0.103], [-54.5806, 0.1192], [-54.5876, 0.1277], [-54.6022, 0.1383], [-54.6105, 0.1375], [-54.6226, 0.1286], [-54.6407, 0.1336], [-54.6469, 0.1407], [-54.6537, 0.1577], [-54.6612, 0.1846], [-54.6614, 0.1917], [-54.6681, 0.2004], [-54.6812, 0.2108], [-54.6842, 0.2449], [-54.6899, 0.2514], [-54.7057, 0.262], [-54.7274, 0.2874], [-54.7452, 0.3044], [-54.774, 0.321], [-54.7791, 0.3259], [-54.7937, 0.3271], [-54.7969, 0.3295], [-54.8021, 0.3503], [-54.8138, 0.3577], [-54.8338, 0.3553], [-54.8397, 0.3595], [-54.8457, 0.3549], [-54.8593, 0.3649], [-54.8621, 0.3725], [-54.8643, 0.3797], [-54.8575, 0.3916], [-54.8564, 0.4045], [-54.8489, 0.4218], [-54.8473, 0.4333], [-54.8536, 0.4587], [-54.8603, 0.4765], [-54.8688, 0.4827], [-54.8879, 0.4846], [-54.8959, 0.4902], [-54.9365, 0.5037], [-55.0011, 0.4821], [-55.0105, 0.4887], [-55.0076, 0.5078], [-54.9993, 0.5301], [-54.9933, 0.5377], [-54.9802, 0.5636], [-54.9764, 0.5742], [-54.9777, 0.5862], [-54.9826, 0.5948], [-54.9897, 0.599], [-55.0112, 0.6017], [-55.0283, 0.606], [-55.0475, 0.6192], [-55.0566, 0.6277], [-55.0671, 0.6489], [-55.0667, 0.6536], [-55.0497, 0.6809], [-55.0611, 0.7034], [-55.0586, 0.7172], [-55.0349, 0.7297], [-55.023, 0.7851], [-55.023, 0.7944], [-55.0329, 0.8087], [-55.0336, 0.8204], [-55.0264, 0.8318], [-55.0213, 0.8584], [-55.0227, 0.8759], [-55.0274, 0.886], [-55.0396, 0.8957], [-55.0671, 0.909], [-55.0849, 0.9214], [-55.0889, 0.9264], [-55.0914, 0.9434], [-55.0899, 0.9503], [-55.0754, 0.9835], [-55.0647, 1.0004], [-55.0657, 1.0081], [-55.0712, 1.0195], [-55.0844, 1.0398], [-55.1024, 1.0631], [-55.1205, 1.0666], [-55.1331, 1.0581], [-55.1453, 1.0538], [-55.1623, 1.0614], [-55.1821, 1.0673], [-55.1969, 1.068], [-55.2165, 1.0734], [-55.2234, 1.0784], [-55.2293, 1.0914], [-55.2268, 1.1019], [-55.2151, 1.1164], [-55.2104, 1.1274], [-55.207, 1.1433], [-55.2035, 1.1977], [-55.2132, 1.2104], [-55.231, 1.2203], [-55.2609, 1.2318], [-55.2656, 1.2421], [-55.2624, 1.2506], [-55.2496, 1.2579], [-55.2434, 1.2652], [-55.2494, 1.2771], [-55.2512, 1.2862], [-55.2488, 1.2978], [-55.2531, 1.3111], [-55.247, 1.3289], [-55.2576, 1.3448], [-55.2745, 1.3623], [-55.2848, 1.3712], [-55.3126, 1.3808], [-55.3225, 1.3952], [-55.3257, 1.4111], [-55.3341, 1.4358], [-55.341, 1.4429], [-55.3426, 1.4519], [-55.3351, 1.4615], [-55.3308, 1.4766], [-55.3336, 1.4859], [-55.3546, 1.4824], [-55.3634, 1.4849], [-55.3668, 1.4964], [-55.3645, 1.5049], [-55.353, 1.525], [-55.3524, 1.5327], [-55.3612, 1.5458], [-55.3776, 1.5503], [-55.3873, 1.5499], [-55.4136, 1.5457], [-55.4226, 1.5466], [-55.4454, 1.5528], [-55.4492, 1.5581], [-55.4644, 1.5709], [-55.4699, 1.585], [-55.4619, 1.6029], [-55.4384, 1.6314], [-55.4321, 1.6435], [-55.4275, 1.6604], [-55.4276, 1.6686], [-55.4387, 1.6971], [-55.455, 1.7207], [-55.4572, 1.7285], [-55.456, 1.7452], [-55.439, 1.7667], [-55.438, 1.7766], [-55.4462, 1.7973], [-55.4475, 1.8058], [-55.4568, 1.8231], [-55.4619, 1.8281], [-55.492, 1.8465], [-55.5231, 1.8531], [-55.5513, 1.8667], [-55.5717, 1.8859], [-55.5808, 1.8914], [-55.5857, 1.8995], [-55.5913, 1.92], [-55.5906, 1.9422], [-55.5836, 1.9596], [-55.5658, 1.9776], [-55.5408, 1.9955], [-55.517, 2.0231], [-55.5118, 2.0345], [-55.5104, 2.048], [-55.5124, 2.0569], [-55.5249, 2.0655], [-55.5425, 2.0693], [-55.5547, 2.0787], [-55.5574, 2.0883], [-55.5562, 2.1023], [-55.5771, 2.1076], [-55.5895, 2.1126], [-55.6052, 2.1235], [-55.615, 2.1355], [-55.6182, 2.1432], [-55.6167, 2.1497], [-55.6073, 2.1636], [-55.6054, 2.1706], [-55.6096, 2.1774], [-55.6226, 2.1855], [-55.626, 2.2047], [-55.6246, 2.2126], [-55.6274, 2.2226], [-55.6396, 2.2431], [-55.6588, 2.2657], [-55.664, 2.2805], [-55.6699, 2.2906], [-55.678, 2.3161], [-55.6899, 2.3403], [-55.695, 2.3571], [-55.6955, 2.3657], [-55.7022, 2.3937], [-55.7077, 2.4032], [-55.7002, 2.4136], [-55.6984, 2.4216], [-55.6741, 2.4137], [-55.6675, 2.4143], [-55.6573, 2.4207], [-55.6423, 2.4161], [-55.6171, 2.4199], [-55.6127, 2.4263], [-55.5936, 2.4334], [-55.5779, 2.4355], [-55.5707, 2.4236], [-55.5577, 2.4259], [-55.5515, 2.4295], [-55.528, 2.4287], [-55.5248, 2.4359], [-55.5043, 2.4394], [-55.4998, 2.4433], [-55.4823, 2.4387], [-55.4294, 2.439], [-55.3854, 2.4185], [-55.3456, 2.4481], [-55.3562, 2.4757], [-55.3203, 2.5155], [-55.2774, 2.5124], [-55.2348, 2.5035], [-55.2076, 2.5229], [-55.1729, 2.5594], [-55.1235, 2.5677], [-55.1031, 2.5257], [-55.0563, 2.5532], [-55.0038, 2.591], [-54.9543, 2.5837], [-54.9354, 2.5186], [-54.9112, 2.4897], [-54.8723, 2.4337], [-54.8763, 2.4267], [-54.8747, 2.4153], [-54.8677, 2.4089], [-54.8661, 2.4029], [-54.8426, 2.38], [-54.8076, 2.3417], [-54.8051, 2.3292], [-54.7962, 2.318], [-54.7958, 2.3095], [-54.802, 2.3077], [-54.8072, 2.2979], [-54.8029, 2.2901], [-54.8091, 2.2864], [-54.8114, 2.2664], [-54.8025, 2.254], [-54.7989, 2.2456], [-54.7866, 2.2323], [-54.7816, 2.2234], [-54.7751, 2.2203], [-54.7706, 2.2084], [-54.7631, 2.2023], [-54.7628, 2.192], [-54.7695, 2.1876], [-54.7679, 2.1809], [-54.7832, 2.1742], [-54.7835, 2.1641], [-54.7896, 2.1562], [-54.7985, 2.1501], [-54.8063, 2.1389], [-54.8036, 2.1323], [-54.8092, 2.1228], [-54.8047, 2.1079], [-54.8138, 2.1008], [-54.808, 2.0885], [-54.8062, 2.0764], [-54.8121, 2.071], [-54.8128, 2.0628], [-54.806, 2.0537], [-54.8073, 2.0374], [-54.8038, 2.0258], [-54.795, 2.0168], [-54.791, 2.0073], [-54.7809, 1.9996], [-54.769, 1.9962], [-54.7692, 1.9846], [-54.756, 1.9742], [-54.7559, 1.9603], [-54.7635, 1.9504], [-54.769, 1.935], [-54.7702, 1.9257], [-54.7619, 1.9056], [-54.7635, 1.8925], [-54.7591, 1.8902], [-54.7531, 1.8757], [-54.7532, 1.851], [-54.7485, 1.8423], [-54.7439, 1.8429], [-54.7385, 1.8248], [-54.7507, 1.8142], [-54.7469, 1.8058], [-54.7544, 1.7978], [-54.7527, 1.7907], [-54.7464, 1.7864], [-54.7448, 1.7758], [-54.7261, 1.7739], [-54.7237, 1.7713], [-54.6952, 1.7735], [-54.6922, 1.7679], [-54.679, 1.7689], [-54.6712, 1.7657], [-54.6516, 1.7717], [-54.6436, 1.7686], [-54.6281, 1.7773], [-54.6259, 1.7806], [-54.6117, 1.7793], [-54.6019, 1.7846], [-54.5943, 1.7802], [-54.5811, 1.7777], [-54.5758, 1.7799], [-54.5642, 1.7743], [-54.5305, 1.7671], [-54.524, 1.756], [-54.5124, 1.7534], [-54.5086, 1.7483], [-54.5018, 1.7511], [-54.4959, 1.7469], [-54.4856, 1.7513], [-54.4713, 1.7515], [-54.4706, 1.7557], [-54.4572, 1.7583], [-54.4346, 1.7541], [-54.4247, 1.7604], [-54.4179, 1.7566], [-54.4039, 1.7598], [-54.3874, 1.7452], [-54.3791, 1.7574], [-54.3698, 1.7591], [-54.3517, 1.7541], [-54.3508, 1.7474], [-54.3442, 1.7467], [-54.3415, 1.7398], [-54.3296, 1.7438], [-54.3234, 1.7375], [-54.3169, 1.7368], [-54.3004, 1.7238], [-54.2932, 1.726], [-54.2829, 1.7163], [-54.2888, 1.7078], [-54.2745, 1.7105], [-54.2696, 1.7048], [-54.2627, 1.6884], [-54.2637, 1.6802], [-54.2538, 1.6839], [-54.2468, 1.6819], [-54.2444, 1.6761], [-54.2301, 1.676], [-54.2284, 1.6653], [-54.2193, 1.6568], [-54.2101, 1.6544], [-54.2009, 1.6456], [-54.1975, 1.6318], [-54.1874, 1.628], [-54.1883, 1.6392], [-54.1858, 1.6537], [-54.1784, 1.6574], [-54.1761, 1.648], [-54.1689, 1.644], [-54.1569, 1.6428], [-54.1525, 1.6393], [-54.1437, 1.6406], [-54.1424, 1.6285], [-54.1328, 1.6271], [-54.1335, 1.6171], [-54.1231, 1.6074], [-54.1226, 1.6018], [-54.1314, 1.5969], [-54.1228, 1.5909], [-54.1186, 1.5815], [-54.1111, 1.588], [-54.1019, 1.5843], [-54.1104, 1.575], [-54.1175, 1.5582], [-54.1145, 1.5512], [-54.0988, 1.5505], [-54.0846, 1.5263], [-54.089, 1.5137], [-54.0852, 1.5055], [-54.0887, 1.492], [-54.078, 1.4857], [-54.0794, 1.4949], [-54.0692, 1.501], [-54.0624, 1.4947], [-54.052, 1.4945], [-54.04, 1.5062], [-54.0355, 1.5022], [-54.0246, 1.4999], [-54.0203, 1.5158], [-54.013, 1.52], [-54.0062, 1.5173], [-53.9995, 1.5048], [-54.003, 1.4949], [-54.0018, 1.4836], [-53.9947, 1.4748], [-53.9862, 1.479], [-53.9761, 1.4723], [-53.9671, 1.4844], [-53.9545, 1.4771], [-53.9541, 1.468], [-53.9436, 1.4713], [-53.9352, 1.4667], [-53.9259, 1.4655], [-53.9306, 1.4577], [-53.9304, 1.4499], [-53.9384, 1.446], [-53.9351, 1.4364], [-53.9225, 1.4423], [-53.9175, 1.4569], [-53.9121, 1.4584], [-53.896, 1.4551], [-53.8932, 1.4434], [-53.8807, 1.4402], [-53.8773, 1.4317], [-53.8839, 1.4197], [-53.8878, 1.4078], [-53.8828, 1.4007], [-53.8763, 1.4075], [-53.8647, 1.406], [-53.855, 1.4016], [-53.8443, 1.4063], [-53.8439, 1.3943], [-53.8308, 1.3939], [-53.8236, 1.3896], [-53.8071, 1.3918], [-53.8075, 1.402], [-53.8228, 1.4138], [-53.8157, 1.4219], [-53.804, 1.4235], [-53.7885, 1.4132], [-53.7837, 1.4029], [-53.7681, 1.3959], [-53.7625, 1.4084], [-53.7551, 1.3946], [-53.7323, 1.3863], [-53.7314, 1.3958], [-53.7154, 1.4054], [-53.716, 1.4179], [-53.7241, 1.4282], [-53.7172, 1.4318], [-53.7105, 1.4266], [-53.6999, 1.4248], [-53.6958, 1.4181], [-53.7066, 1.4071], [-53.7134, 1.3964], [-53.7115, 1.384], [-53.7015, 1.3779], [-53.6875, 1.3858], [-53.683, 1.3844], [-53.6805, 1.3725], [-53.6706, 1.372], [-53.6649, 1.3752], [-53.6626, 1.3931], [-53.6552, 1.4067], [-53.6446, 1.4055], [-53.6413, 1.3991], [-53.6409, 1.3885], [-53.6451, 1.3802], [-53.6435, 1.3639], [-53.6614, 1.345], [-53.651, 1.3362], [-53.6419, 1.335], [-53.6332, 1.3474], [-53.6126, 1.3512], [-53.5952, 1.3582], [-53.5842, 1.3473], [-53.5707, 1.3373], [-53.5655, 1.3398], [-53.5639, 1.3497], [-53.5485, 1.3485], [-53.5385, 1.3409], [-53.5338, 1.3306], [-53.5334, 1.3224], [-53.5441, 1.3156], [-53.5567, 1.3132], [-53.5626, 1.3066], [-53.5592, 1.2906], [-53.5527, 1.2803], [-53.5376, 1.2778], [-53.5305, 1.2736], [-53.5233, 1.2613], [-53.5306, 1.2453], [-53.5463, 1.2285], [-53.5453, 1.2215], [-53.539, 1.2124], [-53.5252, 1.2117], [-53.503, 1.2247], [-53.493, 1.2267], [-53.4737, 1.2393], [-53.4509, 1.2327], [-53.4388, 1.2321], [-53.4265, 1.2427], [-53.4261, 1.2259], [-53.4174, 1.2028], [-53.403, 1.1939], [-53.3961, 1.1793], [-53.3968, 1.1704], [-53.4021, 1.154], [-53.4075, 1.149], [-53.4213, 1.1474], [-53.4347, 1.1537], [-53.4444, 1.1513], [-53.4534, 1.1436], [-53.4592, 1.1337], [-53.4559, 1.1104], [-53.4558, 1.0774], [-53.4527, 1.0712], [-53.436, 1.0596], [-53.4347, 1.048], [-53.4275, 1.0433], [-53.4223, 1.0337], [-53.4299, 1.0198], [-53.4268, 0.9924], [-53.4175, 0.9893], [-53.4108, 0.982], [-53.4128, 0.9717], [-53.4107, 0.9566], [-53.4137, 0.9474], [-53.4115, 0.9293], [-53.3995, 0.9192], [-53.3614, 0.8961], [-53.3549, 0.8883], [-53.322, 0.872], [-53.3023, 0.859], [-53.2875, 0.8457], [-53.2787, 0.8343], [-53.2748, 0.8249], [-53.2705, 0.8236], [-53.2551, 0.8092], [-53.2343, 0.7976], [-53.1903, 0.7684], [-53.1885, 0.7552], [-53.1846, 0.7475], [-53.172, 0.737], [-53.1574, 0.7291], [-53.1511, 0.7194], [-53.1469, 0.6998], [-53.1399, 0.6931], [-53.1241, 0.6974], [-53.1152, 0.6881], [-53.1063, 0.684], [-53.1057, 0.6795], [-53.1144, 0.6616], [-53.1152, 0.647], [-53.1227, 0.6301], [-53.1303, 0.623], [-53.1341, 0.6147], [-53.1473, 0.6003], [-53.1535, 0.5765], [-53.1548, 0.5634], [-53.1482, 0.5521], [-53.1484, 0.5417], [-53.1521, 0.5319], [-53.1627, 0.5225], [-53.1596, 0.5138], [-53.1698, 0.4937], [-53.1595, 0.4882], [-53.1551, 0.4802], [-53.1639, 0.4529], [-53.1677, 0.4457], [-53.1652, 0.4322], [-53.1592, 0.4203], [-53.1612, 0.3985], [-53.1753, 0.3817], [-53.175, 0.3771], [-53.1664, 0.3626], [-53.1513, 0.3519], [-53.1434, 0.335], [-53.1365, 0.326], [-53.1366, 0.3092], [-53.1314, 0.2962], [-53.1119, 0.2865], [-53.1084, 0.2783], [-53.0949, 0.2622], [-53.0941, 0.259], [-53.1059, 0.2373], [-53.1005, 0.2154], [-53.0943, 0.1953], [-53.0834, 0.1886], [-53.0701, 0.1695], [-53.0632, 0.1667], [-53.0521, 0.1573], [-53.0495, 0.149], [-53.0396, 0.136], [-53.0365, 0.1198], [-53.0293, 0.1047], [-53.0111, 0.095], [-53.015, 0.0597], [-53.0037, 0.0439], [-52.9895, 0.0388], [-52.9834, 0.0334], [-52.9759, 0.0185], [-52.9773, -0.0003], [-52.9751, -0.0224], [-52.969, -0.0498], [-52.96, -0.0632], [-52.9492, -0.0971], [-52.9373, -0.1232], [-52.9327, -0.1423], [-52.904, -0.1549], [-52.8976, -0.1545], [-52.8818, -0.1437], [-52.8717, -0.1427], [-52.8515, -0.1502], [-52.8448, -0.1597], [-52.8361, -0.1861], [-52.8165, -0.1986], [-52.7604, -0.2376], [-52.7565, -0.2461], [-52.7544, -0.2622], [-52.7402, -0.2766], [-52.7162, -0.2927], [-52.7009, -0.2928], [-52.6918, -0.2997], [-52.6842, -0.3143], [-52.6818, -0.34], [-52.6851, -0.3522], [-52.696, -0.372], [-52.6986, -0.3872], [-52.6973, -0.3929], [-52.6811, -0.4151], [-52.6792, -0.4237], [-52.6872, -0.4377], [-52.6931, -0.4422], [-52.7027, -0.4592], [-52.691, -0.4772], [-52.6958, -0.4901], [-52.6954, -0.4964], [-52.6822, -0.5163], [-52.6673, -0.5251], [-52.6698, -0.5382], [-52.64, -0.5849], [-52.6292, -0.5938], [-52.613, -0.5949], [-52.5989, -0.5851], [-52.5858, -0.5786], [-52.5763, -0.5764], [-52.5352, -0.5741], [-52.5281, -0.5803], [-52.5232, -0.5891], [-52.5175, -0.6131], [-52.5132, -0.6196], [-52.5101, -0.6514], [-52.5125, -0.6651], [-52.5104, -0.6792], [-52.5017, -0.6928], [-52.4974, -0.7113], [-52.4979, -0.7307], [-52.5018, -0.7468], [-52.5182, -0.7755], [-52.5228, -0.7961], [-52.517, -0.809], [-52.5251, -0.8193], [-52.5418, -0.8365], [-52.5438, -0.8515], [-52.5375, -0.8584], [-52.5237, -0.8592], [-52.5111, -0.8567], [-52.4968, -0.8495], [-52.4843, -0.8467], [-52.4633, -0.8385], [-52.4555, -0.8303], [-52.4443, -0.8342], [-52.4322, -0.8478], [-52.4199, -0.8547], [-52.4124, -0.8627], [-52.4012, -0.8819], [-52.4047, -0.9127], [-52.4085, -0.9167], [-52.4267, -0.9191], [-52.4377, -0.9289], [-52.4387, -0.9436], [-52.4356, -0.9502], [-52.4248, -0.9595], [-52.4187, -0.9722], [-52.4182, -0.999], [-52.4145, -1.0093], [-52.4168, -1.0256], [-52.4275, -1.0378], [-52.4283, -1.0481], [-52.4201, -1.0527], [-52.4065, -1.0447], [-52.4002, -1.0436], [-52.3831, -1.054], [-52.3582, -1.0626], [-52.352, -1.0698], [-52.3388, -1.1056], [-52.333, -1.1159], [-52.3128, -1.1142], [-52.2958, -1.1175], [-52.2854, -1.1249], [-52.2733, -1.1285], [-52.259, -1.1282], [-52.2508, -1.1259], [-52.2387, -1.1262], [-52.229, -1.1323], [-52.2147, -1.135], [-52.1878, -1.1325], [-52.1789, -1.1296], [-52.1624, -1.1341], [-52.1467, -1.1488], [-52.1203, -1.1462], [-52.1166, -1.15], [-52.1068, -1.1831], [-52.1095, -1.1947], [-52.111, -1.215], [-52.1077, -1.2211], [-52.0988, -1.2279], [-52.0705, -1.236], [-52.0602, -1.2362], [-52.0515, -1.2306], [-52.0476, -1.2143], [-52.063, -1.1929], [-52.064, -1.1859], [-52.0551, -1.1769], [-52.0409, -1.1701], [-52.0168, -1.1679], [-51.9911, -1.1718], [-51.987, -1.1645], [-51.9888, -1.1491], [-51.994, -1.1347], [-51.9934, -1.129], [-51.9853, -1.1214], [-51.975, -1.1206], [-51.9656, -1.1258], [-51.962, -1.1344], [-51.9659, -1.1531], [-51.9645, -1.1635], [-51.9589, -1.169], [-51.9494, -1.1688], [-51.9447, -1.1627], [-51.9388, -1.1476], [-51.931, -1.1341], [-51.9229, -1.133], [-51.9084, -1.1515], [-51.8972, -1.162], [-51.882, -1.1663], [-51.8445, -1.1597], [-51.8091, -1.1571], [-51.7885, -1.1476], [-51.7784, -1.1404], [-51.7793, -1.1661], [-51.783, -1.1839], [-51.7907, -1.1986], [-51.8163, -1.2172], [-51.843, -1.232], [-51.8523, -1.2352], [-51.8627, -1.2423], [-51.8758, -1.2636], [-51.8891, -1.275], [-51.8909, -1.3095], [-51.8971, -1.3308], [-51.9097, -1.353], [-51.9193, -1.3647], [-51.9365, -1.3824], [-51.9558, -1.406], [-51.9911, -1.4351], [-52.0173, -1.4389], [-52.0357, -1.4437], [-52.0464, -1.4482], [-52.0618, -1.4497], [-52.0814, -1.457], [-52.0955, -1.4644], [-52.1116, -1.4701], [-52.1244, -1.4701], [-52.1355, -1.4747], [-52.1559, -1.478], [-52.19, -1.4819], [-52.2132, -1.4833], [-52.2302, -1.486], [-52.2388, -1.4904], [-52.2462, -1.5014], [-52.2519, -1.5041], [-52.272, -1.5171], [-52.2895, -1.5243], [-52.3203, -1.5306], [-52.3324, -1.5362], [-52.3532, -1.5403], [-52.3708, -1.5509], [-52.3974, -1.5596], [-52.4155, -1.5632], [-52.4805, -1.5675], [-52.4947, -1.566], [-52.5137, -1.5659], [-52.5332, -1.5705], [-52.5579, -1.5723], [-52.5689, -1.5745], [-52.5932, -1.5753], [-52.6111, -1.5785], [-52.6271, -1.5835], [-52.6416, -1.5787], [-52.6651, -1.5832], [-52.6827, -1.5843], [-52.7044, -1.5935], [-52.7147, -1.5947], [-52.7397, -1.6062], [-52.7504, -1.6128], [-52.7924, -1.6252], [-52.8004, -1.6252], [-52.8109, -1.6311], [-52.839, -1.6369], [-52.8484, -1.6377], [-52.8643, -1.6424], [-52.9106, -1.6501], [-52.9392, -1.6563], [-52.952, -1.667], [-52.9708, -1.696], [-52.9735, -1.7033], [-52.9933, -1.7374], [-52.9998, -1.7434]]]]}, "properties": {"codigo": "1500503", "nome": "Almeirim"}}]}