{"type": "FeatureCollection", "features": [{"type": "Feature", "properties": {"nome": "Travessa Emídio Ferreira Martins", "tipo": "Vias locais", "classe_osm": "residential", "comprimento_m": 1493}, "geometry": {"type": "LineString", "coordinates": [[-55.8662754, -1.7724313], [-55.8650219, -1.7713797], [-55.8639514, -1.7704379], [-55.8628383, -1.7694599], [-55.8617722, -1.768543], [-55.8603673, -1.767298], [-55.8593203, -1.7662343], [-55.858307, -1.7651502], [-55.8572583, -1.7639979], [-55.856526, -1.7632251]]}}, {"type": "Feature", "properties": {"nome": "Passagem da Serraria", "tipo": "Vias locais", "classe_osm": "residential", "comprimento_m": 129}, "geometry": {"type": "LineString", "coordinates": [[-55.8717692, -1.7608193], [-55.8710884, -1.7607028], [-55.8707172, -1.7606324], [-55.8706746, -1.7606306], [-55.870628, -1.7606413]]}}, {"type": "Feature", "properties": {"nome": "Avenida Vinte e Quatro de Dezembro", "tipo": "Vias principais", "classe_osm": "tertiary", "comprimento_m": 2358}, "geometry": {"type": "LineString", "coordinates": [[-55.869769, -1.7677553], [-55.868902, -1.7689236], [-55.8681746, -1.769883], [-55.8676989, -1.7705039], [-55.867306, -1.7710549], [-55.8667129, -1.7718471], [-55.8662754, -1.7724313], [-55.8652744, -1.7738199], [-55.864864, -1.7743826], [-55.8642111, -1.7752699], [-55.8636581, -1.7759781], [-55.8627413, -1.7774628], [-55.8626005, -1.7776572], [-55.8616989, -1.7786375], [-55.8612248, -1.7791633], [-55.8611, -1.7792676], [-55.8607121, -1.7797032], [-55.8602811, -1.7801839], [-55.8600012, -1.780496], [-55.859687, -1.7808464], [-55.8589524, -1.7816608], [-55.8585626, -1.7820379], [-55.858539, -1.7820445], [-55.8585125, -1.7820506], [-55.8584059, -1.7822266], [-55.8582862, -1.7823823], [-55.8581534, -1.7825204], [-55.8579965, -1.7826383], [-55.8578999, -1.782704], [-55.8578369, -1.7827644], [-55.8578057, -1.7827953], [-55.8577806, -1.7828542], [-55.8577511, -1.7829118], [-55.8577216, -1.7829574], [-55.8571301, -1.783578], [-55.8565368, -1.7842397]]}}, {"type": "Feature", "properties": {"nome": "Travessa Magalhães Barata", "tipo": "Vias locais", "classe_osm": "residential", "comprimento_m": 803}, "geometry": {"type": "LineString", "coordinates": [[-55.8581311, -1.7617825], [-55.8588377, -1.7625249], [-55.8598887, -1.7636305], [-55.8608819, -1.7647165], [-55.8619215, -1.7657916], [-55.8632382, -1.7668774]]}}, {"type": "Feature", "properties": {"nome": "Avenida Barão do Rio Branco", "tipo": "Vias locais", "classe_osm": "residential", "comprimento_m": 2775}, "geometry": {"type": "LineString", "coordinates": [[-55.87102, -1.764307], [-55.8707363, -1.7646943], [-55.8704343, -1.7650408], [-55.8701524, -1.7653832], [-55.8698599, -1.765739], [-55.8688694, -1.7668964], [-55.8684958, -1.7673326], [-55.8681781, -1.767708], [-55.8678621, -1.7680815], [-55.8665605, -1.7695959], [-55.866545, -1.7696137], [-55.8661254, -1.7700952], [-55.8656236, -1.7706546], [-55.8650219, -1.7713797], [-55.8639423, -1.772663], [-55.862791, -1.7739781], [-55.8621908, -1.7747042], [-55.861808, -1.7751545], [-55.8614804, -1.7755489], [-55.8609482, -1.7761896], [-55.8608716, -1.7762819], [-55.8600955, -1.7771894], [-55.8597525, -1.7775945], [-55.8591609, -1.7782827], [-55.858168, -1.7794528], [-55.8570625, -1.7807561], [-55.85622, -1.7817363], [-55.8552012, -1.7829614], [-55.8548677, -1.7833342]]}}, {"type": "Feature", "properties": {"nome": "Avenida Pedro Carlos de Oliveira", "tipo": "Vias locais", "classe_osm": "residential", "comprimento_m": 1941}, "geometry": {"type": "LineString", "coordinates": [[-55.8715239, -1.7562479], [-55.8704563, -1.7573329], [-55.869584, -1.7584202], [-55.8685106, -1.7595165], [-55.867363, -1.7605861], [-55.8659701, -1.761948], [-55.8653167, -1.7625494], [-55.8649188, -1.7629312], [-55.863391, -1.7644037], [-55.8619215, -1.7657916], [-55.8603673, -1.767298], [-55.8591048, -1.7684996]]}}, {"type": "Feature", "properties": {"nome": "Avenida Braz Antônio Mileo", "tipo": "Vias locais", "classe_osm": "residential", "comprimento_m": 3304}, "geometry": {"type": "LineString", "coordinates": [[-55.8716049, -1.7502267], [-55.8714207, -1.7504333], [-55.8708523, -1.7510708], [-55.8697392, -1.7521974], [-55.8686875, -1.7531743], [-55.8676228, -1.7542093], [-55.8665633, -1.7552573], [-55.8654547, -1.7563201], [-55.8643225, -1.7573661], [-55.8629218, -1.7587009], [-55.8619024, -1.7596505], [-55.8618496, -1.7597027], [-55.8603392, -1.7611228], [-55.8588377, -1.7625249], [-55.8572583, -1.7639979], [-55.8559673, -1.7652007], [-55.8547047, -1.7663778], [-55.8536069, -1.7673981], [-55.8524936, -1.7684293], [-55.8517209, -1.7691515], [-55.8513553, -1.7695201], [-55.8503449, -1.7705485], [-55.8501126, -1.7707406]]}}, {"type": "Feature", "properties": {"nome": "Avenida Independência", "tipo": "Vias locais", "classe_osm": "residential", "comprimento_m": 791}, "geometry": {"type": "LineString", "coordinates": [[-55.8658877, -1.7639565], [-55.8663005, -1.763502], [-55.8668811, -1.7628615], [-55.8673395, -1.7623408], [-55.8683143, -1.7612676], [-55.8692104, -1.7602449], [-55.8692795, -1.7601691], [-55.8702, -1.7591176], [-55.8702301, -1.7590833], [-55.8705747, -1.7587044], [-55.8706156, -1.7586635], [-55.8706351, -1.7586541]]}}, {"type": "Feature", "properties": {"nome": "Avenida Doutor Lauro Sodre", "tipo": "Vias principais", "classe_osm": "tertiary", "comprimento_m": 3673}, "geometry": {"type": "LineString", "coordinates": [[-55.8727606, -1.753201], [-55.8717163, -1.7542459], [-55.8706841, -1.7553338], [-55.8696132, -1.7564266], [-55.8686256, -1.7573783], [-55.8675283, -1.7584195], [-55.8663776, -1.7595043], [-55.8649413, -1.7608662], [-55.8639522, -1.7618111], [-55.8638932, -1.7618693], [-55.8630987, -1.7626395], [-55.8623864, -1.76333], [-55.8608819, -1.7647165], [-55.8593203, -1.7662343], [-55.8580917, -1.7674181], [-55.8568406, -1.7686215], [-55.8562439, -1.76917], [-55.8557832, -1.7696318], [-55.8545856, -1.7707796], [-55.8535168, -1.7717742], [-55.8524287, -1.7727714], [-55.8513616, -1.7738017], [-55.8502981, -1.7747946], [-55.8494286, -1.7756186], [-55.8492908, -1.7757565], [-55.8491251, -1.7759372], [-55.8489677, -1.7761131]]}}, {"type": "Feature", "properties": {"nome": "Travessa Jonatas Pontes Matias", "tipo": "Vias locais", "classe_osm": "residential", "comprimento_m": 1847}, "geometry": {"type": "LineString", "coordinates": [[-55.8578088, -1.7481595], [-55.8580944, -1.7484705], [-55.8588803, -1.749313], [-55.8594643, -1.7499169], [-55.860045, -1.7505476], [-55.8610891, -1.7516655], [-55.861618, -1.7521965], [-55.8621179, -1.7527625], [-55.8626218, -1.7532847], [-55.8631346, -1.7538642], [-55.8642951, -1.7551034], [-55.8654547, -1.7563201], [-55.8665013, -1.7574136], [-55.8675283, -1.7584195], [-55.8685106, -1.7595165], [-55.8692795, -1.7601691]]}}, {"type": "Feature", "properties": {"nome": "Avenida Castelo Branco", "tipo": "Vias locais", "classe_osm": "residential", "comprimento_m": 3564}, "geometry": {"type": "LineString", "coordinates": [[-55.8715364, -1.7519342], [-55.8705183, -1.7530592], [-55.8695363, -1.7541266], [-55.8685218, -1.7552118], [-55.8675618, -1.7562657], [-55.8665013, -1.7574136], [-55.8653707, -1.7584857], [-55.8639468, -1.7597888], [-55.8629317, -1.7607524], [-55.8628817, -1.7607994], [-55.8613621, -1.7622335], [-55.8598887, -1.7636305], [-55.858307, -1.7651502], [-55.8570408, -1.7663491], [-55.8558001, -1.7675426], [-55.8547115, -1.7685545], [-55.8535454, -1.7696811], [-55.8524857, -1.7706728], [-55.8514241, -1.7717117], [-55.8503383, -1.7727009], [-55.849263, -1.7737195], [-55.848627, -1.7743445]]}}, {"type": "Feature", "properties": {"nome": "Travessa Coronel José Gabriel Guerreiro", "tipo": "Vias locais", "classe_osm": "residential", "comprimento_m": 2472}, "geometry": {"type": "LineString", "coordinates": [[-55.849312, -1.7492444], [-55.8497404, -1.7497065], [-55.8500051, -1.7499896], [-55.8509128, -1.7509604], [-55.8513456, -1.7514202], [-55.8521618, -1.7523104], [-55.8525785, -1.7527452], [-55.8531222, -1.7533479], [-55.8538095, -1.7540938], [-55.8544459, -1.7547905], [-55.8550314, -1.755418], [-55.8560698, -1.7565304], [-55.8570831, -1.7576257], [-55.8581319, -1.7587922], [-55.8592293, -1.7599599], [-55.8603392, -1.7611228], [-55.8613621, -1.7622335], [-55.8623864, -1.76333], [-55.863391, -1.7644037], [-55.8644319, -1.765337], [-55.8645425, -1.7654362]]}}, {"type": "Feature", "properties": {"nome": "Travessa Carlos Maria Teixeira", "tipo": "Vias principais", "classe_osm": "secondary", "comprimento_m": 1109}, "geometry": {"type": "LineString", "coordinates": [[-55.8576491, -1.7551877], [-55.8580652, -1.7555685], [-55.8585871, -1.7561329], [-55.8586221, -1.7561699], [-55.8596608, -1.7572681], [-55.860749, -1.7584267], [-55.8619024, -1.7596505], [-55.8629317, -1.7607524], [-55.8632148, -1.7610461], [-55.8639522, -1.7618111], [-55.8644821, -1.762447]]}}, {"type": "Feature", "properties": {"nome": "Travessa Antônio Bentes de Oliveira Guimarães", "tipo": "Vias locais", "classe_osm": "residential", "comprimento_m": 2871}, "geometry": {"type": "LineString", "coordinates": [[-55.852789, -1.7480127], [-55.8538149, -1.7491374], [-55.8541515, -1.7494933], [-55.8545076, -1.7498887], [-55.8551466, -1.7505918], [-55.8562994, -1.7517287], [-55.8569459, -1.7523676], [-55.857539, -1.7529762], [-55.8585701, -1.7540061], [-55.8591292, -1.7545534], [-55.8596616, -1.755085], [-55.8607186, -1.756206], [-55.8617728, -1.7574557], [-55.8629218, -1.7587009], [-55.8639468, -1.7597888], [-55.8649413, -1.7608662], [-55.8659701, -1.761948], [-55.8668811, -1.7628615], [-55.8679541, -1.7638978], [-55.8690305, -1.7649398], [-55.8698599, -1.765739], [-55.8702542, -1.7661258], [-55.8707236, -1.766585]]}}, {"type": "Feature", "properties": {"nome": "Travessa Martinho Caetano Tavares", "tipo": "Vias locais", "classe_osm": "residential", "comprimento_m": 54}, "geometry": {"type": "LineString", "coordinates": [[-55.8707363, -1.7646943], [-55.8703466, -1.7644052]]}}, {"type": "Feature", "properties": {"nome": "Praça Santo Antônio", "tipo": "Vias locais", "classe_osm": "residential", "comprimento_m": 113}, "geometry": {"type": "LineString", "coordinates": [[-55.8675203, -1.7678327], [-55.8681811, -1.7670628]]}}, {"type": "Feature", "properties": {"nome": "Passagem Manoel Ramos de Oliveira", "tipo": "Vias locais", "classe_osm": "residential", "comprimento_m": 152}, "geometry": {"type": "LineString", "coordinates": [[-55.8653167, -1.7625494], [-55.8663005, -1.763502]]}}, {"type": "Feature", "properties": {"nome": "Travessa Santa Luzia", "tipo": "Vias locais", "classe_osm": "residential", "comprimento_m": 2748}, "geometry": {"type": "LineString", "coordinates": [[-55.8534281, -1.7457058], [-55.8535858, -1.7458674], [-55.8542562, -1.7465918], [-55.8544226, -1.7467722], [-55.8553009, -1.7477245], [-55.8556241, -1.7480566], [-55.8560224, -1.7484658], [-55.8565068, -1.7489508], [-55.8567211, -1.749183], [-55.8578222, -1.7503291], [-55.8584163, -1.7509571], [-55.8589888, -1.7515786], [-55.86001, -1.752686], [-55.8605299, -1.7532337], [-55.8610286, -1.7537948], [-55.8615523, -1.7543521], [-55.862041, -1.7548767], [-55.8632246, -1.7561626], [-55.8643225, -1.7573661], [-55.8653707, -1.7584857], [-55.8663776, -1.7595043], [-55.867363, -1.7605861], [-55.8683143, -1.7612676], [-55.8695612, -1.7621448], [-55.8707802, -1.7632304]]}}, {"type": "Feature", "properties": {"nome": "Travessa Martins Figueiredo", "tipo": "Vias locais", "classe_osm": "residential", "comprimento_m": 129}, "geometry": {"type": "LineString", "coordinates": [[-55.8705734, -1.7641463], [-55.87102, -1.764307], [-55.8716792, -1.7645045]]}}, {"type": "Feature", "properties": {"nome": "Travessa Martinho Caetano Tavares", "tipo": "Vias locais", "classe_osm": "residential", "comprimento_m": 234}, "geometry": {"type": "LineString", "coordinates": [[-55.8687788, -1.7629999], [-55.8698902, -1.7640049], [-55.8703466, -1.7644052]]}}, {"type": "Feature", "properties": {"nome": "Passagem Manoel Alexandre de Souza", "tipo": "Vias locais", "classe_osm": "residential", "comprimento_m": 137}, "geometry": {"type": "LineString", "coordinates": [[-55.8675737, -1.7665114], [-55.8681811, -1.7670628], [-55.8684958, -1.7673326]]}}, {"type": "Feature", "properties": {"nome": "Rua Quinze de Novembro", "tipo": "Vias locais", "classe_osm": "residential", "comprimento_m": 960}, "geometry": {"type": "LineString", "coordinates": [[-55.8584868, -1.7741302], [-55.8594966, -1.7730368], [-55.8604921, -1.7719571], [-55.8616556, -1.7707221], [-55.8621775, -1.7701651], [-55.8628383, -1.7694599], [-55.8631454, -1.7691298], [-55.8643715, -1.7678119]]}}, {"type": "Feature", "properties": {"nome": "Beco do Cano", "tipo": "Vias locais", "classe_osm": "residential", "comprimento_m": 243}, "geometry": {"type": "LineString", "coordinates": [[-55.8713099, -1.7598151], [-55.8696158, -1.7603067], [-55.8695535, -1.7603183], [-55.8694924, -1.7603223], [-55.86942, -1.7603183], [-55.8693724, -1.7603116], [-55.8693235, -1.7602934], [-55.8692104, -1.7602449]]}}, {"type": "Feature", "properties": {"nome": "Travessa José Clementino de Figueiredo", "tipo": "Vias locais", "classe_osm": "residential", "comprimento_m": 457}, "geometry": {"type": "LineString", "coordinates": [[-55.8704343, -1.7650408], [-55.8695752, -1.7643408], [-55.8684321, -1.7633841], [-55.8673395, -1.7623408]]}}, {"type": "Feature", "properties": {"nome": "Avenida Barão do Rio Branco", "tipo": "Vias locais", "classe_osm": "residential", "comprimento_m": 289}, "geometry": {"type": "LineString", "coordinates": [[-55.8710884, -1.7607028], [-55.8711121, -1.7616161], [-55.8711098, -1.7619604], [-55.8711125, -1.7621293], [-55.8711018, -1.7623116], [-55.8710843, -1.7624644], [-55.8710535, -1.7626601], [-55.8710287, -1.7627606], [-55.870997, -1.7628376], [-55.870962, -1.7629153], [-55.8707802, -1.7632304]]}}, {"type": "Feature", "properties": {"nome": "Travessa Cazuza Guerreiro", "tipo": "Vias locais", "classe_osm": "residential", "comprimento_m": 906}, "geometry": {"type": "LineString", "coordinates": [[-55.8652744, -1.7738199], [-55.8639423, -1.772663], [-55.8628019, -1.7716977], [-55.8616556, -1.7707221], [-55.8606405, -1.7698465], [-55.8600386, -1.769324], [-55.8591048, -1.7684996]]}}, {"type": "Feature", "properties": {"nome": "Avenida Sete de Setembro", "tipo": "Vias locais", "classe_osm": "residential", "comprimento_m": 2646}, "geometry": {"type": "LineString", "coordinates": [[-55.8698902, -1.7640049], [-55.8695752, -1.7643408], [-55.8690305, -1.7649398], [-55.8679936, -1.766063], [-55.8675737, -1.7665114], [-55.8668598, -1.7672896], [-55.8655185, -1.7687417], [-55.8639514, -1.7704379], [-55.8628019, -1.7716977], [-55.861624, -1.7729738], [-55.8606272, -1.7740663], [-55.8596113, -1.7751553], [-55.8590008, -1.7758202], [-55.8588216, -1.7760097], [-55.8578479, -1.7770784], [-55.8568179, -1.7782055], [-55.8557074, -1.7794092], [-55.8547395, -1.7804336], [-55.853763, -1.7815125]]}}, {"type": "Feature", "properties": {"nome": "Passagem Antônio de Sousa Bentes", "tipo": "Vias locais", "classe_osm": "residential", "comprimento_m": 169}, "geometry": {"type": "LineString", "coordinates": [[-55.8661254, -1.7700952], [-55.867306, -1.7710549]]}}, {"type": "Feature", "properties": {"nome": "Travessa Manoel Afonso da Silva", "tipo": "Vias locais", "classe_osm": "residential", "comprimento_m": 1074}, "geometry": {"type": "LineString", "coordinates": [[-55.8546656, -1.7741535], [-55.8558547, -1.7752401], [-55.8567231, -1.7760285], [-55.8578479, -1.7770784], [-55.8591609, -1.7782827], [-55.8607121, -1.7797032], [-55.8617982, -1.7806736]]}}, {"type": "Feature", "properties": {"nome": "Travessa João Guerreiro", "tipo": "Vias locais", "classe_osm": "residential", "comprimento_m": 660}, "geometry": {"type": "LineString", "coordinates": [[-55.8624358, -1.7793324], [-55.8624163, -1.7793141], [-55.8616989, -1.7786375], [-55.8609107, -1.7779025], [-55.8603126, -1.7773636], [-55.8601377, -1.7772233], [-55.8600955, -1.7771894], [-55.8598097, -1.7769374], [-55.8594529, -1.7766009], [-55.8588216, -1.7760097], [-55.8581067, -1.7753354], [-55.8580686, -1.7753085]]}}, {"type": "Feature", "properties": {"nome": "Travessa Cézar Guerreiro", "tipo": "Vias locais", "classe_osm": "residential", "comprimento_m": 762}, "geometry": {"type": "LineString", "coordinates": [[-55.8558529, -1.7716177], [-55.8563036, -1.7720344], [-55.8565425, -1.7722602], [-55.8576234, -1.7732755], [-55.8576803, -1.7733319], [-55.8584868, -1.7741302], [-55.8596113, -1.7751553], [-55.8608716, -1.7762819]]}}, {"type": "Feature", "properties": {"nome": "Beco Antônio Imbiriba", "tipo": "Vias locais", "classe_osm": "residential", "comprimento_m": 216}, "geometry": {"type": "LineString", "coordinates": [[-55.8636581, -1.7759781], [-55.8632022, -1.7755696], [-55.8627075, -1.7751514], [-55.8621908, -1.7747042]]}}, {"type": "Feature", "properties": {"nome": "Travessa Antônio Imbiriba Guerreiro", "tipo": "Vias locais", "classe_osm": "residential", "comprimento_m": 1351}, "geometry": {"type": "LineString", "coordinates": [[-55.861808, -1.7751545], [-55.8606272, -1.7740663], [-55.8594966, -1.7730368], [-55.858547, -1.772246], [-55.8576147, -1.7714717], [-55.8567689, -1.7707406], [-55.8561935, -1.7701659], [-55.8561374, -1.7700934], [-55.8557832, -1.7696318], [-55.8547115, -1.7685545], [-55.8536069, -1.7673981], [-55.8530411, -1.766774]]}}, {"type": "Feature", "properties": {"nome": "Travessa Ângelo Augusto de Oliveira", "tipo": "Vias locais", "classe_osm": "residential", "comprimento_m": 1560}, "geometry": {"type": "LineString", "coordinates": [[-55.8540265, -1.7656405], [-55.8547047, -1.7663778], [-55.8558001, -1.7675426], [-55.8568406, -1.7686215], [-55.8578379, -1.7696985], [-55.858635, -1.7704306], [-55.8588778, -1.7706257], [-55.859494, -1.771141], [-55.8604921, -1.7719571], [-55.861624, -1.7729738], [-55.862791, -1.7739781], [-55.8632659, -1.7744286], [-55.8637681, -1.7748685], [-55.8642111, -1.7752699]]}}, {"type": "Feature", "properties": {"nome": "Passagem Número Dois", "tipo": "Vias locais", "classe_osm": "residential", "comprimento_m": 100}, "geometry": {"type": "LineString", "coordinates": [[-55.8637681, -1.7748685], [-55.8632022, -1.7755696]]}}, {"type": "Feature", "properties": {"nome": "Passagem Número Um", "tipo": "Vias locais", "classe_osm": "residential", "comprimento_m": 102}, "geometry": {"type": "LineString", "coordinates": [[-55.8632659, -1.7744286], [-55.8627075, -1.7751514]]}}, {"type": "Feature", "properties": {"nome": "Rua Barão do Rio Branco", "tipo": "Vias locais", "classe_osm": "residential", "comprimento_m": 194}, "geometry": {"type": "LineString", "coordinates": [[-55.8600386, -1.769324], [-55.8588778, -1.7706257]]}}, {"type": "Feature", "properties": {"nome": "Passagem da Serraria", "tipo": "Caminhos e trilhas", "classe_osm": "footway", "comprimento_m": 117}, "geometry": {"type": "LineString", "coordinates": [[-55.8702697, -1.7611947], [-55.8701483, -1.760657], [-55.8701805, -1.7606141], [-55.8703146, -1.7606087], [-55.870628, -1.7606413]]}}, {"type": "Feature", "properties": {"nome": "Beco do Cumarú", "tipo": "Vias locais", "classe_osm": "residential", "comprimento_m": 239}, "geometry": {"type": "LineString", "coordinates": [[-55.8597525, -1.7775945], [-55.8611, -1.7792676]]}}, {"type": "Feature", "properties": {"nome": "Beco do Cumarú", "tipo": "Vias locais", "classe_osm": "residential", "comprimento_m": 127}, "geometry": {"type": "LineString", "coordinates": [[-55.8612248, -1.7791633], [-55.8618322, -1.7801358]]}}, {"type": "Feature", "properties": {"nome": "Avenida Vinte e Quatro de Dezembro", "tipo": "Vias locais", "classe_osm": "residential", "comprimento_m": 416}, "geometry": {"type": "LineString", "coordinates": [[-55.868902, -1.7689236], [-55.868952, -1.7690333], [-55.8689553, -1.7690776], [-55.8689484, -1.7691168], [-55.8682868, -1.7700162], [-55.8678471, -1.7706122], [-55.8675197, -1.7710568], [-55.8672495, -1.7713596], [-55.8668542, -1.7717187], [-55.8667129, -1.7718471]]}}, {"type": "Feature", "properties": {"nome": "Avenida Barão do Rio Branco", "tipo": "Vias locais", "classe_osm": "residential", "comprimento_m": 173}, "geometry": {"type": "LineString", "coordinates": [[-55.8707802, -1.7632304], [-55.8710073, -1.7634241], [-55.8710468, -1.763465], [-55.8710615, -1.7634972], [-55.8710629, -1.7635343], [-55.8710555, -1.7635703], [-55.871037, -1.763601], [-55.8705734, -1.7641463], [-55.8703466, -1.7644052]]}}, {"type": "Feature", "properties": {"nome": "Avenida Quinze de Novembro", "tipo": "Vias locais", "classe_osm": "residential", "comprimento_m": 1061}, "geometry": {"type": "LineString", "coordinates": [[-55.870628, -1.7606413], [-55.8705928, -1.7606608], [-55.8705621, -1.7606892], [-55.8705136, -1.7607679], [-55.8702697, -1.7611947], [-55.8701602, -1.7613932], [-55.8700624, -1.7615408], [-55.8700007, -1.7616293], [-55.8699217, -1.7617267], [-55.8695612, -1.7621448], [-55.8687788, -1.7629999], [-55.8684321, -1.7633841], [-55.8679541, -1.7638978], [-55.8669127, -1.7650309], [-55.8657006, -1.7663772], [-55.8643715, -1.7678119]]}}, {"type": "Feature", "properties": {"nome": "Avenida Vinte e Quatro de Dezembro", "tipo": "Vias locais", "classe_osm": "residential", "comprimento_m": 860}, "geometry": {"type": "LineString", "coordinates": [[-55.8717692, -1.7608193], [-55.8719292, -1.7608478], [-55.8719721, -1.7608612], [-55.8720084, -1.7608826], [-55.8720312, -1.7609081], [-55.8720486, -1.7609416], [-55.8720593, -1.7609805], [-55.8720647, -1.7610395], [-55.8720631, -1.7614397], [-55.8718729, -1.7636078], [-55.8718488, -1.7637847], [-55.8718219, -1.7639027], [-55.8716792, -1.7645045], [-55.8713901, -1.7654456], [-55.8713204, -1.765652], [-55.8712707, -1.7657633], [-55.871197, -1.7659027], [-55.8709349, -1.7662947], [-55.8707236, -1.766585], [-55.8706203, -1.7667204], [-55.869769, -1.7677553]]}}, {"type": "Feature", "properties": {"nome": "Travessa Carlos Maria Teixeira", "tipo": "Vias principais", "classe_osm": "secondary", "comprimento_m": 1109}, "geometry": {"type": "LineString", "coordinates": [[-55.8644821, -1.762447], [-55.8638932, -1.7618693], [-55.8628817, -1.7607994], [-55.8618496, -1.7597027], [-55.8606826, -1.7584871], [-55.8595919, -1.7573337], [-55.8595603, -1.7572999], [-55.8594678, -1.7572008], [-55.8591569, -1.7568677], [-55.8586133, -1.7562853], [-55.8585241, -1.7561898], [-55.8580009, -1.7556288], [-55.8576491, -1.7551877]]}}, {"type": "Feature", "properties": {"nome": "Travessa Carlos Maria Teixeira", "tipo": "Vias principais", "classe_osm": "tertiary", "comprimento_m": 229}, "geometry": {"type": "LineString", "coordinates": [[-55.8644821, -1.762447], [-55.8649188, -1.7629312], [-55.8658877, -1.7639565]]}}, {"type": "Feature", "properties": {"nome": "Sem nome", "tipo": "Vias locais", "classe_osm": "service", "comprimento_m": 165}, "geometry": {"type": "LineString", "coordinates": [[-55.8614804, -1.7755489], [-55.8615125, -1.7755767], [-55.8619659, -1.7760175], [-55.8619853, -1.7760405], [-55.8619924, -1.7760653], [-55.8619924, -1.7760936], [-55.8619673, -1.7763212], [-55.8618862, -1.7764509], [-55.8618452, -1.7764942], [-55.8616298, -1.776682]]}}, {"type": "Feature", "properties": {"nome": "Sem nome", "tipo": "Caminhos e trilhas", "classe_osm": "footway", "comprimento_m": 94}, "geometry": {"type": "LineString", "coordinates": [[-55.8618452, -1.7764942], [-55.8612343, -1.7759072]]}}, {"type": "Feature", "properties": {"nome": "Sem nome", "tipo": "Caminhos e trilhas", "classe_osm": "footway", "comprimento_m": 238}, "geometry": {"type": "LineString", "coordinates": [[-55.8615125, -1.7755767], [-55.8612343, -1.7759072], [-55.8609826, -1.7762093], [-55.8601377, -1.7772233]]}}, {"type": "Feature", "properties": {"nome": "Sem nome", "tipo": "Caminhos e trilhas", "classe_osm": "footway", "comprimento_m": 24}, "geometry": {"type": "LineString", "coordinates": [[-55.8697104, -1.7655527], [-55.8698213, -1.7655585], [-55.8698283, -1.7656102], [-55.869836, -1.7656617]]}}, {"type": "Feature", "properties": {"nome": "Sem nome", "tipo": "Caminhos e trilhas", "classe_osm": "footway", "comprimento_m": 10}, "geometry": {"type": "LineString", "coordinates": [[-55.8698283, -1.7656102], [-55.8699135, -1.7656029]]}}, {"type": "Feature", "properties": {"nome": "Sem nome", "tipo": "Caminhos e trilhas", "classe_osm": "footway", "comprimento_m": 31}, "geometry": {"type": "LineString", "coordinates": [[-55.8699135, -1.7656029], [-55.8698516, -1.7656752], [-55.869836, -1.7656617], [-55.8697104, -1.7655527]]}}, {"type": "Feature", "properties": {"nome": "Sem nome", "tipo": "Caminhos e trilhas", "classe_osm": "footway", "comprimento_m": 412}, "geometry": {"type": "LineString", "coordinates": [[-55.8643429, -1.7638368], [-55.8650195, -1.7645218], [-55.8650312, -1.7645638], [-55.8650242, -1.7646082], [-55.8648092, -1.7648156], [-55.8645648, -1.7650512], [-55.8644894, -1.765124], [-55.8637656, -1.7643654], [-55.8637539, -1.7643374], [-55.8637586, -1.7643071], [-55.8637773, -1.7642768], [-55.8642583, -1.7638123], [-55.8642895, -1.7638074], [-55.8643206, -1.7638179], [-55.8643429, -1.7638368]]}}, {"type": "Feature", "properties": {"nome": "Sem nome", "tipo": "Vias locais", "classe_osm": "service", "comprimento_m": 35}, "geometry": {"type": "LineString", "coordinates": [[-55.8645648, -1.7650512], [-55.8644581, -1.7652853], [-55.8644319, -1.765337]]}}, {"type": "Feature", "properties": {"nome": "Sem nome", "tipo": "Vias locais", "classe_osm": "service", "comprimento_m": 30}, "geometry": {"type": "LineString", "coordinates": [[-55.8650195, -1.7645218], [-55.86521, -1.7646105], [-55.8652662, -1.7646401]]}}, {"type": "Feature", "properties": {"nome": "Sem nome", "tipo": "Caminhos e trilhas", "classe_osm": "footway", "comprimento_m": 18}, "geometry": {"type": "LineString", "coordinates": [[-55.8648092, -1.7648156], [-55.8649326, -1.7649199]]}}, {"type": "Feature", "properties": {"nome": "Travessa Carlos Maria Teixeira", "tipo": "Vias principais", "classe_osm": "tertiary", "comprimento_m": 604}, "geometry": {"type": "LineString", "coordinates": [[-55.8658877, -1.7639565], [-55.8669127, -1.7650309], [-55.8679936, -1.766063], [-55.8688694, -1.7668964], [-55.869769, -1.7677553]]}}, {"type": "Feature", "properties": {"nome": "Sem nome", "tipo": "Caminhos e trilhas", "classe_osm": "footway", "comprimento_m": 281}, "geometry": {"type": "LineString", "coordinates": [[-55.8681789, -1.7671156], [-55.8684342, -1.7673404], [-55.8681427, -1.7676848], [-55.8678473, -1.7680297], [-55.8675685, -1.7678196], [-55.8678774, -1.7674637], [-55.8681789, -1.7671156]]}}, {"type": "Feature", "properties": {"nome": "Sem nome", "tipo": "Caminhos e trilhas", "classe_osm": "footway", "comprimento_m": 38}, "geometry": {"type": "LineString", "coordinates": [[-55.8678774, -1.7674637], [-55.8681427, -1.7676848]]}}, {"type": "Feature", "properties": {"nome": "Sem nome", "tipo": "Caminhos e trilhas", "classe_osm": "footway", "comprimento_m": 30}, "geometry": {"type": "LineString", "coordinates": [[-55.8678694, -1.7677899], [-55.8678828, -1.7677867], [-55.8678945, -1.7677796], [-55.8679034, -1.7677691], [-55.8679086, -1.7677563], [-55.8679095, -1.7677426], [-55.8679061, -1.7677292], [-55.8678986, -1.7677176], [-55.8678868, -1.7677083], [-55.8678726, -1.7677036], [-55.8678575, -1.767704], [-55.8678435, -1.7677096], [-55.8678323, -1.7677195], [-55.8678251, -1.7677327], [-55.8678228, -1.7677476], [-55.8678257, -1.7677623], [-55.8678327, -1.7677742], [-55.867843, -1.7677833], [-55.8678557, -1.7677887], [-55.8678634, -1.7677894], [-55.8678694, -1.7677899]]}}, {"type": "Feature", "properties": {"nome": "Sem nome", "tipo": "Caminhos e trilhas", "classe_osm": "footway", "comprimento_m": 30}, "geometry": {"type": "LineString", "coordinates": [[-55.8681911, -1.7674214], [-55.8682041, -1.7674136], [-55.8682137, -1.7674019], [-55.8682186, -1.7673877], [-55.8682184, -1.7673726], [-55.8682131, -1.7673585], [-55.8682045, -1.7673481], [-55.8681932, -1.7673409], [-55.8681801, -1.7673374], [-55.8681667, -1.7673382], [-55.8681541, -1.7673429], [-55.8681436, -1.7673513], [-55.8681362, -1.7673625], [-55.8681325, -1.7673754], [-55.868133, -1.7673889], [-55.8681383, -1.767403], [-55.8681482, -1.7674144], [-55.8681614, -1.7674218], [-55.8681763, -1.7674242], [-55.8681911, -1.7674214]]}}, {"type": "Feature", "properties": {"nome": "Sem nome", "tipo": "Caminhos e trilhas", "classe_osm": "footway", "comprimento_m": 25}, "geometry": {"type": "LineString", "coordinates": [[-55.8681789, -1.7671156], [-55.8681801, -1.7673374]]}}, {"type": "Feature", "properties": {"nome": "Sem nome", "tipo": "Caminhos e trilhas", "classe_osm": "footway", "comprimento_m": 24}, "geometry": {"type": "LineString", "coordinates": [[-55.8684342, -1.7673404], [-55.8682184, -1.7673726]]}}, {"type": "Feature", "properties": {"nome": "Sem nome", "tipo": "Caminhos e trilhas", "classe_osm": "footway", "comprimento_m": 29}, "geometry": {"type": "LineString", "coordinates": [[-55.8681427, -1.7676848], [-55.8681763, -1.7674242]]}}, {"type": "Feature", "properties": {"nome": "Sem nome", "tipo": "Caminhos e trilhas", "classe_osm": "footway", "comprimento_m": 30}, "geometry": {"type": "LineString", "coordinates": [[-55.8678774, -1.7674637], [-55.868133, -1.7673889]]}}, {"type": "Feature", "properties": {"nome": "Sem nome", "tipo": "Caminhos e trilhas", "classe_osm": "footway", "comprimento_m": 27}, "geometry": {"type": "LineString", "coordinates": [[-55.8678774, -1.7674637], [-55.8678726, -1.7677036]]}}, {"type": "Feature", "properties": {"nome": "Sem nome", "tipo": "Caminhos e trilhas", "classe_osm": "footway", "comprimento_m": 27}, "geometry": {"type": "LineString", "coordinates": [[-55.8681427, -1.7676848], [-55.8679095, -1.7677426]]}}, {"type": "Feature", "properties": {"nome": "Sem nome", "tipo": "Caminhos e trilhas", "classe_osm": "footway", "comprimento_m": 27}, "geometry": {"type": "LineString", "coordinates": [[-55.8678473, -1.7680297], [-55.8678634, -1.7677894]]}}, {"type": "Feature", "properties": {"nome": "Sem nome", "tipo": "Caminhos e trilhas", "classe_osm": "footway", "comprimento_m": 29}, "geometry": {"type": "LineString", "coordinates": [[-55.8675685, -1.7678196], [-55.8678257, -1.7677623]]}}, {"type": "Feature", "properties": {"nome": "Travessa Coronel José Gabriel Guerreiro", "tipo": "Vias locais", "classe_osm": "residential", "comprimento_m": 621}, "geometry": {"type": "LineString", "coordinates": [[-55.868902, -1.7689236], [-55.8678621, -1.7680815], [-55.8675203, -1.7678327], [-55.8668598, -1.7672896], [-55.8657006, -1.7663772], [-55.8645425, -1.7654362]]}}, {"type": "Feature", "properties": {"nome": "Sem nome", "tipo": "Vias locais", "classe_osm": "service", "comprimento_m": 71}, "geometry": {"type": "LineString", "coordinates": [[-55.8685254, -1.7704424], [-55.8686414, -1.7702754], [-55.8683234, -1.7700437], [-55.8682868, -1.7700162]]}}, {"type": "Feature", "properties": {"nome": "Sem nome", "tipo": "Caminhos e trilhas", "classe_osm": "footway", "comprimento_m": 12}, "geometry": {"type": "LineString", "coordinates": [[-55.8681427, -1.7676848], [-55.8681781, -1.767708], [-55.8682324, -1.7677488]]}}, {"type": "Feature", "properties": {"nome": "Sem nome", "tipo": "Caminhos e trilhas", "classe_osm": "footway", "comprimento_m": 36}, "geometry": {"type": "LineString", "coordinates": [[-55.8699135, -1.7656029], [-55.8701181, -1.7653512]]}}, {"type": "Feature", "properties": {"nome": "Sem nome", "tipo": "Caminhos e trilhas", "classe_osm": "footway", "comprimento_m": 13}, "geometry": {"type": "LineString", "coordinates": [[-55.8701181, -1.7653512], [-55.8701524, -1.7653832], [-55.8702067, -1.765434]]}}, {"type": "Feature", "properties": {"nome": "Sem nome", "tipo": "Caminhos e trilhas", "classe_osm": "track", "comprimento_m": 77}, "geometry": {"type": "LineString", "coordinates": [[-55.8624163, -1.7793141], [-55.8619722, -1.7798465]]}}, {"type": "Feature", "properties": {"nome": "Sem nome", "tipo": "Caminhos e trilhas", "classe_osm": "path", "comprimento_m": 113}, "geometry": {"type": "LineString", "coordinates": [[-55.8631454, -1.7691298], [-55.8626454, -1.7686861], [-55.8628814, -1.7684261]]}}, {"type": "Feature", "properties": {"nome": "Sem nome", "tipo": "Caminhos e trilhas", "classe_osm": "path", "comprimento_m": 70}, "geometry": {"type": "LineString", "coordinates": [[-55.8621775, -1.7701651], [-55.8619158, -1.7699381], [-55.8617146, -1.7697451]]}}, {"type": "Feature", "properties": {"nome": "Sem nome", "tipo": "Vias locais", "classe_osm": "residential", "comprimento_m": 22}, "geometry": {"type": "LineString", "coordinates": [[-55.8624203, -1.7619495], [-55.8624202, -1.7619333], [-55.8624283, -1.7619192], [-55.8624423, -1.761911], [-55.8624585, -1.7619109], [-55.8624725, -1.761919], [-55.8624807, -1.7619329], [-55.8624808, -1.7619491], [-55.8624728, -1.7619632], [-55.8624588, -1.7619714], [-55.8624426, -1.7619715], [-55.8624285, -1.7619634], [-55.8624203, -1.7619495]]}}, {"type": "Feature", "properties": {"nome": "Sem nome", "tipo": "Caminhos e trilhas", "classe_osm": "path", "comprimento_m": 67}, "geometry": {"type": "LineString", "coordinates": [[-55.8630806, -1.779306], [-55.8629841, -1.7793227], [-55.8628768, -1.7793375], [-55.8628137, -1.7793442], [-55.8627681, -1.7793462], [-55.8627111, -1.7793522], [-55.8626723, -1.7793683], [-55.862626, -1.7793951], [-55.862575, -1.7794065], [-55.8625321, -1.7794018], [-55.8624922, -1.7793861]]}}, {"type": "Feature", "properties": {"nome": "Travessa João Guerreiro", "tipo": "Vias locais", "classe_osm": "residential", "comprimento_m": 9}, "geometry": {"type": "LineString", "coordinates": [[-55.8624922, -1.7793861], [-55.8624358, -1.7793324]]}}, {"type": "Feature", "properties": {"nome": "Sem nome", "tipo": "Vias locais", "classe_osm": "service", "comprimento_m": 183}, "geometry": {"type": "LineString", "coordinates": [[-55.8668542, -1.7717187], [-55.8668074, -1.7718976], [-55.8668033, -1.7719525], [-55.8668292, -1.7720021], [-55.8668582, -1.7720704], [-55.8668416, -1.7721583], [-55.8667467, -1.7724149], [-55.866674, -1.7725526], [-55.8665734, -1.7727432], [-55.8663015, -1.7732068]]}}, {"type": "Feature", "properties": {"nome": "Sem nome", "tipo": "Caminhos e trilhas", "classe_osm": "path", "comprimento_m": 99}, "geometry": {"type": "LineString", "coordinates": [[-55.8602811, -1.7801839], [-55.8602143, -1.7801253], [-55.8600947, -1.7800255], [-55.8600501, -1.7799829], [-55.8599934, -1.7799407], [-55.8599619, -1.7799119], [-55.8598935, -1.7798562], [-55.8598224, -1.7797922], [-55.8597735, -1.7797195], [-55.8597279, -1.7796511], [-55.859644, -1.7795707]]}}, {"type": "Feature", "properties": {"nome": "Sem nome", "tipo": "Vias locais", "classe_osm": "service", "comprimento_m": 7}, "geometry": {"type": "LineString", "coordinates": [[-55.8601208, -1.7805861], [-55.8601584, -1.7805379]]}}, {"type": "Feature", "properties": {"nome": "Sem nome", "tipo": "Vias locais", "classe_osm": "service", "comprimento_m": 47}, "geometry": {"type": "LineString", "coordinates": [[-55.8598419, -1.7808984], [-55.8601208, -1.7805861]]}}, {"type": "Feature", "properties": {"nome": "Sem nome", "tipo": "Vias locais", "classe_osm": "service", "comprimento_m": 17}, "geometry": {"type": "LineString", "coordinates": [[-55.8600012, -1.780496], [-55.8601208, -1.7805861]]}}, {"type": "Feature", "properties": {"nome": "Sem nome", "tipo": "Caminhos e trilhas", "classe_osm": "path", "comprimento_m": 38}, "geometry": {"type": "LineString", "coordinates": [[-55.8725265, -1.7604204], [-55.8726117, -1.7604092], [-55.8727079, -1.760404], [-55.8728089, -1.760404], [-55.8728707, -1.760404]]}}, {"type": "Feature", "properties": {"nome": "Sem nome", "tipo": "Caminhos e trilhas", "classe_osm": "path", "comprimento_m": 67}, "geometry": {"type": "LineString", "coordinates": [[-55.8723464, -1.761076], [-55.8724129, -1.7610797], [-55.8725654, -1.7611429], [-55.8726532, -1.7611388], [-55.8729295, -1.7610626]]}}, {"type": "Feature", "properties": {"nome": "Sem nome", "tipo": "Caminhos e trilhas", "classe_osm": "path", "comprimento_m": 48}, "geometry": {"type": "LineString", "coordinates": [[-55.8727466, -1.7614561], [-55.8727064, -1.76144], [-55.8726871, -1.7614188], [-55.8725075, -1.7613648], [-55.8723451, -1.7613196]]}}, {"type": "Feature", "properties": {"nome": "Sem nome", "tipo": "Caminhos e trilhas", "classe_osm": "footway", "comprimento_m": 40}, "geometry": {"type": "LineString", "coordinates": [[-55.8632148, -1.7610461], [-55.8632479, -1.7610143], [-55.8634174, -1.7608531], [-55.8633603, -1.7607949]]}}, {"type": "Feature", "properties": {"nome": "Sem nome", "tipo": "Vias locais", "classe_osm": "residential", "comprimento_m": 22}, "geometry": {"type": "LineString", "coordinates": [[-55.8623178, -1.7621112], [-55.8624691, -1.7619822]]}}, {"type": "Feature", "properties": {"nome": "Sem nome", "tipo": "Vias locais", "classe_osm": "residential", "comprimento_m": 103}, "geometry": {"type": "LineString", "coordinates": [[-55.8630987, -1.7626395], [-55.8624691, -1.7619822], [-55.8624588, -1.7619714]]}}, {"type": "Feature", "properties": {"nome": "Avenida Independência", "tipo": "Vias principais", "classe_osm": "tertiary", "comprimento_m": 540}, "geometry": {"type": "LineString", "coordinates": [[-55.8574147, -1.7734731], [-55.8576234, -1.7732755], [-55.858547, -1.772246], [-55.859494, -1.771141], [-55.8606405, -1.7698465]]}}, {"type": "Feature", "properties": {"nome": "Avenida Independência", "tipo": "Vias principais", "classe_osm": "tertiary", "comprimento_m": 877}, "geometry": {"type": "LineString", "coordinates": [[-55.8606405, -1.7698465], [-55.8617722, -1.768543], [-55.8632382, -1.7668774], [-55.8645425, -1.7654362], [-55.8652662, -1.7646401], [-55.8658877, -1.7639565]]}}, {"type": "Feature", "properties": {"nome": "Sem nome", "tipo": "Vias locais", "classe_osm": "service", "comprimento_m": 96}, "geometry": {"type": "LineString", "coordinates": [[-55.8609482, -1.7761896], [-55.8609826, -1.7762093], [-55.8615129, -1.776676], [-55.8615665, -1.7766934], [-55.8616298, -1.776682]]}}, {"type": "Feature", "properties": {"nome": "Sem nome", "tipo": "Vias locais", "classe_osm": "service", "comprimento_m": 66}, "geometry": {"type": "LineString", "coordinates": [[-55.8619673, -1.7763212], [-55.8624288, -1.7767001]]}}, {"type": "Feature", "properties": {"nome": "Travessa Magalhães Barata", "tipo": "Vias locais", "classe_osm": "residential", "comprimento_m": 659}, "geometry": {"type": "LineString", "coordinates": [[-55.8632382, -1.7668774], [-55.8643715, -1.7678119], [-55.8655185, -1.7687417], [-55.8665605, -1.7695959], [-55.8676989, -1.7705039], [-55.8678471, -1.7706122]]}}, {"type": "Feature", "properties": {"nome": "Rua Padre José Nicolino de Souza", "tipo": "Vias locais", "classe_osm": "residential", "comprimento_m": 2313}, "geometry": {"type": "LineString", "coordinates": [[-55.8728248, -1.7459599], [-55.8720955, -1.746925], [-55.8710497, -1.7479336], [-55.8705814, -1.7484511], [-55.8701323, -1.749012], [-55.8695028, -1.749688], [-55.8683956, -1.7508423], [-55.8673699, -1.7519087], [-55.8663495, -1.7529632], [-55.8653236, -1.7540247], [-55.8642951, -1.7551034], [-55.8637744, -1.7556492], [-55.8632246, -1.7561626], [-55.8617728, -1.7574557], [-55.860749, -1.7584267], [-55.8606826, -1.7584871], [-55.8592293, -1.7599599], [-55.8583306, -1.7608622]]}}, {"type": "Feature", "properties": {"nome": "Rua Padre José Nicolino de Souza", "tipo": "Vias locais", "classe_osm": "residential", "comprimento_m": 880}, "geometry": {"type": "LineString", "coordinates": [[-55.8530411, -1.766774], [-55.8530357, -1.7667411], [-55.8530418, -1.7667043], [-55.8530579, -1.7666627], [-55.853533, -1.766146], [-55.8540265, -1.7656405], [-55.8552371, -1.7644355], [-55.856526, -1.7632251], [-55.8581311, -1.7617825], [-55.8586707, -1.7612495]]}}, {"type": "Feature", "properties": {"nome": "Travessa Cazuza Guerreiro", "tipo": "Vias locais", "classe_osm": "residential", "comprimento_m": 624}, "geometry": {"type": "LineString", "coordinates": [[-55.8591048, -1.7684996], [-55.8580917, -1.7674181], [-55.8570408, -1.7663491], [-55.8559673, -1.7652007], [-55.8552371, -1.7644355]]}}, {"type": "Feature", "properties": {"nome": "Avenida Independência", "tipo": "Vias locais", "classe_osm": "residential", "comprimento_m": 866}, "geometry": {"type": "LineString", "coordinates": [[-55.8521623, -1.7792203], [-55.8526932, -1.7786404], [-55.8537476, -1.7775076], [-55.8548267, -1.7763464], [-55.8558547, -1.7752401], [-55.8574147, -1.7734731]]}}, {"type": "Feature", "properties": {"nome": "Travessa do Trombetas", "tipo": "Vias principais", "classe_osm": "tertiary", "comprimento_m": 220}, "geometry": {"type": "LineString", "coordinates": [[-55.8565368, -1.7842397], [-55.8573399, -1.785024], [-55.8573615, -1.7850451], [-55.8573756, -1.7850632], [-55.8573876, -1.785092], [-55.8573917, -1.7851175], [-55.8573903, -1.7851437], [-55.8573886, -1.7851653], [-55.8573624, -1.7852417], [-55.8569883, -1.7857296]]}}, {"type": "Feature", "properties": {"nome": "Travessa Piquia", "tipo": "Vias locais", "classe_osm": "residential", "comprimento_m": 752}, "geometry": {"type": "LineString", "coordinates": [[-55.85622, -1.7817363], [-55.8554806, -1.7810977], [-55.8547395, -1.7804336], [-55.8540088, -1.7797759], [-55.8536181, -1.7794347], [-55.8526932, -1.7786404], [-55.8511418, -1.7772692]]}}, {"type": "Feature", "properties": {"nome": "Estrada Lago do Iripixi", "tipo": "Vias principais", "classe_osm": "tertiary", "comprimento_m": 1480}, "geometry": {"type": "LineString", "coordinates": [[-55.8574147, -1.7734731], [-55.8572186, -1.7735165], [-55.8571366, -1.7735347], [-55.8568123, -1.7735604], [-55.8564605, -1.7735806], [-55.8562648, -1.7736012], [-55.8559817, -1.7736607], [-55.8553906, -1.7738563], [-55.854802, -1.7740727], [-55.8547363, -1.7741077], [-55.8546656, -1.7741535], [-55.8545445, -1.7742464], [-55.85416, -1.7745861], [-55.8535029, -1.7751735], [-55.8530192, -1.7756018], [-55.8523139, -1.7762485], [-55.8511418, -1.7772692], [-55.8508175, -1.7775498], [-55.8499551, -1.7783016], [-55.8497071, -1.7785178], [-55.8495705, -1.7786338], [-55.8494712, -1.778718], [-55.8486083, -1.7794501], [-55.8485073, -1.7795358], [-55.848244, -1.779751], [-55.8479905, -1.7799454], [-55.8477934, -1.7800727], [-55.8476593, -1.7801478], [-55.8474983, -1.7802161], [-55.8473092, -1.7802724], [-55.8464646, -1.7804412]]}}, {"type": "Feature", "properties": {"nome": "Travessa João Gato", "tipo": "Vias locais", "classe_osm": "residential", "comprimento_m": 944}, "geometry": {"type": "LineString", "coordinates": [[-55.8523139, -1.7762485], [-55.8537476, -1.7775076], [-55.8546121, -1.7783402], [-55.8557074, -1.7794092], [-55.8570625, -1.7807561], [-55.8584755, -1.7820297], [-55.8584965, -1.7820442], [-55.8585125, -1.7820506]]}}, {"type": "Feature", "properties": {"nome": "Sem nome", "tipo": "Vias locais", "classe_osm": "residential", "comprimento_m": 202}, "geometry": {"type": "LineString", "coordinates": [[-55.8554806, -1.7810977], [-55.8542791, -1.7824599]]}}, {"type": "Feature", "properties": {"nome": "Travessa Armando Gato da Silva", "tipo": "Vias locais", "classe_osm": "residential", "comprimento_m": 933}, "geometry": {"type": "LineString", "coordinates": [[-55.859687, -1.7808464], [-55.858168, -1.7794528], [-55.8568179, -1.7782055], [-55.855687, -1.7771373], [-55.8553583, -1.7768351], [-55.8548267, -1.7763464], [-55.8535029, -1.7751735]]}}, {"type": "Feature", "properties": {"nome": "Sem nome", "tipo": "Caminhos e trilhas", "classe_osm": "track", "comprimento_m": 325}, "geometry": {"type": "LineString", "coordinates": [[-55.8535011, -1.781184], [-55.8534636, -1.781247], [-55.8534109, -1.7813096], [-55.8531025, -1.7815752], [-55.8529122, -1.7817025], [-55.8526294, -1.7818656], [-55.8525668, -1.7819097], [-55.8525032, -1.7819666], [-55.8522704, -1.7821993], [-55.8522451, -1.7822251], [-55.851794, -1.7826836], [-55.8514585, -1.7830246], [-55.8514385, -1.7830525], [-55.8514279, -1.7830935], [-55.8514278, -1.783129], [-55.8514399, -1.7831698]]}}, {"type": "Feature", "properties": {"nome": "Rua Quinze de Novembro", "tipo": "Vias locais", "classe_osm": "residential", "comprimento_m": 812}, "geometry": {"type": "LineString", "coordinates": [[-55.8580686, -1.7753085], [-55.8580206, -1.7752967], [-55.8579698, -1.7752983], [-55.8575794, -1.7754186], [-55.8573018, -1.7755044], [-55.8572455, -1.7755259], [-55.8571865, -1.7755607], [-55.8567231, -1.7760285], [-55.855687, -1.7771373], [-55.8546121, -1.7783402], [-55.8536181, -1.7794347], [-55.8528691, -1.7802524]]}}, {"type": "Feature", "properties": {"nome": "Travessa Armando Gato da Silva", "tipo": "Vias locais", "classe_osm": "residential", "comprimento_m": 584}, "geometry": {"type": "LineString", "coordinates": [[-55.8530192, -1.7756018], [-55.8523866, -1.7749047], [-55.8522262, -1.7747317], [-55.8518769, -1.7743463], [-55.8513616, -1.7738017], [-55.8503383, -1.7727009], [-55.849609, -1.771961], [-55.8494285, -1.7717643]]}}, {"type": "Feature", "properties": {"nome": "Passagem João Gato", "tipo": "Vias locais", "classe_osm": "residential", "comprimento_m": 226}, "geometry": {"type": "LineString", "coordinates": [[-55.8488905, -1.7733248], [-55.849263, -1.7737195], [-55.8502981, -1.7747946]]}}, {"type": "Feature", "properties": {"nome": "Travessa Manoel Afonso da Silva", "tipo": "Vias locais", "classe_osm": "residential", "comprimento_m": 618}, "geometry": {"type": "LineString", "coordinates": [[-55.85416, -1.7745861], [-55.8534615, -1.7738786], [-55.8529523, -1.7733428], [-55.8524287, -1.7727714], [-55.8514241, -1.7717117], [-55.8503449, -1.7705485]]}}, {"type": "Feature", "properties": {"nome": "Travessa João Guerreiro", "tipo": "Vias locais", "classe_osm": "residential", "comprimento_m": 659}, "geometry": {"type": "LineString", "coordinates": [[-55.8513553, -1.7695201], [-55.8524857, -1.7706728], [-55.8535168, -1.7717742], [-55.8545195, -1.7728731], [-55.854958, -1.7733316], [-55.8551885, -1.7735947], [-55.8553141, -1.7737442], [-55.8553906, -1.7738563]]}}, {"type": "Feature", "properties": {"nome": "Avenida Pedro Carlos de Oliveira", "tipo": "Vias locais", "classe_osm": "residential", "comprimento_m": 1099}, "geometry": {"type": "LineString", "coordinates": [[-55.8591048, -1.7684996], [-55.8582819, -1.7692919], [-55.8578379, -1.7696985], [-55.8567689, -1.7707406], [-55.8564117, -1.7710827], [-55.8559436, -1.7715309], [-55.8558529, -1.7716177], [-55.855605, -1.771849], [-55.8547457, -1.7726773], [-55.8545195, -1.7728731], [-55.8534615, -1.7738786], [-55.8523866, -1.7749047], [-55.8519489, -1.7753168]]}}, {"type": "Feature", "properties": {"nome": "Rua Aires da Cunha", "tipo": "Vias locais", "classe_osm": "residential", "comprimento_m": 256}, "geometry": {"type": "LineString", "coordinates": [[-55.8529523, -1.7733428], [-55.8518769, -1.7743463], [-55.8512707, -1.7749096]]}}, {"type": "Feature", "properties": {"nome": "Sem nome", "tipo": "Vias locais", "classe_osm": "residential", "comprimento_m": 112}, "geometry": {"type": "LineString", "coordinates": [[-55.849609, -1.771961], [-55.8488911, -1.7726655]]}}, {"type": "Feature", "properties": {"nome": "Travessa Cézar Guerreiro", "tipo": "Vias locais", "classe_osm": "residential", "comprimento_m": 587}, "geometry": {"type": "LineString", "coordinates": [[-55.8520392, -1.7679594], [-55.8524936, -1.7684293], [-55.8535454, -1.7696811], [-55.8545856, -1.7707796], [-55.855605, -1.771849]]}}, {"type": "Feature", "properties": {"nome": "Beco da AABB I", "tipo": "Vias locais", "classe_osm": "residential", "comprimento_m": 71}, "geometry": {"type": "LineString", "coordinates": [[-55.8575794, -1.7754186], [-55.8573632, -1.7751647], [-55.8571623, -1.7749682], [-55.8571516, -1.7749615], [-55.8571392, -1.7749583]]}}, {"type": "Feature", "properties": {"nome": "Passagem Ayrton Senna", "tipo": "Vias locais", "classe_osm": "residential", "comprimento_m": 208}, "geometry": {"type": "LineString", "coordinates": [[-55.8563036, -1.7720344], [-55.854958, -1.7733316]]}}, {"type": "Feature", "properties": {"nome": "Passagem Renato Freitass", "tipo": "Vias locais", "classe_osm": "residential", "comprimento_m": 211}, "geometry": {"type": "LineString", "coordinates": [[-55.8565425, -1.7722602], [-55.8551885, -1.7735947]]}}, {"type": "Feature", "properties": {"nome": "Passagem Santa Terezinha", "tipo": "Vias locais", "classe_osm": "residential", "comprimento_m": 162}, "geometry": {"type": "LineString", "coordinates": [[-55.858635, -1.7704306], [-55.8581534, -1.7709455], [-55.8576147, -1.7714717]]}}, {"type": "Feature", "properties": {"nome": "Sem nome", "tipo": "Vias locais", "classe_osm": "residential", "comprimento_m": 744}, "geometry": {"type": "LineString", "coordinates": [[-55.8586707, -1.7612495], [-55.8586952, -1.7612124], [-55.8586952, -1.7611742], [-55.8586811, -1.7611427], [-55.8583306, -1.7608622], [-55.8570424, -1.7598411], [-55.8558876, -1.7589206], [-55.8558467, -1.758888], [-55.8547162, -1.7579199], [-55.8536205, -1.756948]]}}, {"type": "Feature", "properties": {"nome": "Ramal da Pedreira", "tipo": "Vias locais", "classe_osm": "residential", "comprimento_m": 2116}, "geometry": {"type": "LineString", "coordinates": [[-55.8495304, -1.7463857], [-55.8486597, -1.7469222], [-55.8479905, -1.7473525], [-55.8474366, -1.7477084], [-55.8471399, -1.7479149], [-55.8468549, -1.7481257], [-55.846752, -1.7482125], [-55.8466273, -1.7483284], [-55.8465468, -1.748433], [-55.8464811, -1.7485456], [-55.8464275, -1.7486622], [-55.8463644, -1.7488029], [-55.8463316, -1.7488807], [-55.8463074, -1.7489631], [-55.8462819, -1.7490764], [-55.8462531, -1.7492252], [-55.8462284, -1.7494393], [-55.8461693, -1.7499517], [-55.8461344, -1.7505744], [-55.8459808, -1.7519217], [-55.8458961, -1.7527137], [-55.8458287, -1.7532098], [-55.8457851, -1.7537184], [-55.8456221, -1.7546722], [-55.845426, -1.7557553], [-55.8453928, -1.7559296], [-55.8453244, -1.75714], [-55.845311, -1.7572647], [-55.8452506, -1.7575247], [-55.8451405, -1.7577326], [-55.8450047, -1.7579064], [-55.8447457, -1.7581236], [-55.8444275, -1.7583297], [-55.8441799, -1.7585121], [-55.8440423, -1.7586776], [-55.8436424, -1.7590912], [-55.8420078, -1.7606781], [-55.8408773, -1.7618572]]}}, {"type": "Feature", "properties": {"nome": "Sem nome", "tipo": "Vias locais", "classe_osm": "residential", "comprimento_m": 777}, "geometry": {"type": "LineString", "coordinates": [[-55.8522283, -1.7557201], [-55.8525231, -1.7562044], [-55.8525295, -1.7562322], [-55.8525238, -1.7562637], [-55.8523887, -1.7564798], [-55.8521174, -1.7568593], [-55.8518523, -1.7572442], [-55.8515974, -1.7576115], [-55.8513655, -1.7579619], [-55.8510853, -1.7583713], [-55.8508286, -1.7587429], [-55.8505701, -1.7591226], [-55.8503019, -1.7594973], [-55.8500444, -1.7598726], [-55.8497816, -1.7602553], [-55.8495294, -1.7606145], [-55.8492659, -1.7610033], [-55.8489984, -1.7613833], [-55.8489132, -1.7615046]]}}, {"type": "Feature", "properties": {"nome": "Sem nome", "tipo": "Vias locais", "classe_osm": "residential", "comprimento_m": 196}, "geometry": {"type": "LineString", "coordinates": [[-55.8497816, -1.7602553], [-55.8486322, -1.7589209]]}}, {"type": "Feature", "properties": {"nome": "Sem nome", "tipo": "Vias locais", "classe_osm": "residential", "comprimento_m": 293}, "geometry": {"type": "LineString", "coordinates": [[-55.8495294, -1.7606145], [-55.8482838, -1.759239], [-55.8482367, -1.7591921], [-55.8477285, -1.7586852]]}}, {"type": "Feature", "properties": {"nome": "Sem nome", "tipo": "Vias locais", "classe_osm": "residential", "comprimento_m": 218}, "geometry": {"type": "LineString", "coordinates": [[-55.8492659, -1.7610033], [-55.8479487, -1.759552]]}}, {"type": "Feature", "properties": {"nome": "Beco Número I", "tipo": "Vias locais", "classe_osm": "residential", "comprimento_m": 218}, "geometry": {"type": "LineString", "coordinates": [[-55.8569883, -1.7857296], [-55.8564836, -1.7850138], [-55.8557971, -1.7842208], [-55.8557947, -1.7842033], [-55.8557974, -1.7841893]]}}, {"type": "Feature", "properties": {"nome": "Sem nome", "tipo": "Vias locais", "classe_osm": "service", "comprimento_m": 380}, "geometry": {"type": "LineString", "coordinates": [[-55.8492908, -1.7757565], [-55.8493093, -1.7758859], [-55.8493619, -1.7761309], [-55.8493682, -1.7761828], [-55.8493632, -1.7762333], [-55.8493411, -1.7762826], [-55.849251, -1.7764389], [-55.8490254, -1.7768134], [-55.8486149, -1.7774949], [-55.848421, -1.7778167], [-55.8484153, -1.7778337], [-55.8484156, -1.7778529], [-55.848421, -1.7778703], [-55.8493003, -1.778409]]}}, {"type": "Feature", "properties": {"nome": "Sem nome", "tipo": "Vias locais", "classe_osm": "service", "comprimento_m": 213}, "geometry": {"type": "LineString", "coordinates": [[-55.849251, -1.7764389], [-55.8500795, -1.7770179], [-55.8508175, -1.7775498]]}}, {"type": "Feature", "properties": {"nome": "Sem nome", "tipo": "Vias locais", "classe_osm": "service", "comprimento_m": 194}, "geometry": {"type": "LineString", "coordinates": [[-55.8500795, -1.7770179], [-55.8493003, -1.778409], [-55.8492609, -1.7784728], [-55.8492203, -1.7785385]]}}, {"type": "Feature", "properties": {"nome": "Sem nome", "tipo": "Vias locais", "classe_osm": "living_street", "comprimento_m": 88}, "geometry": {"type": "LineString", "coordinates": [[-55.8590008, -1.7758202], [-55.8585697, -1.7751607]]}}, {"type": "Feature", "properties": {"nome": "Beco Cézar Guerreiro", "tipo": "Vias locais", "classe_osm": "residential", "comprimento_m": 87}, "geometry": {"type": "LineString", "coordinates": [[-55.8559436, -1.7715309], [-55.8553977, -1.7709707]]}}, {"type": "Feature", "properties": {"nome": "Beco da AABB II", "tipo": "Vias locais", "classe_osm": "residential", "comprimento_m": 63}, "geometry": {"type": "LineString", "coordinates": [[-55.8571392, -1.7749583], [-55.8571251, -1.7749585], [-55.8571127, -1.7749629], [-55.8567423, -1.7753605]]}}, {"type": "Feature", "properties": {"nome": "Beco Número I", "tipo": "Vias locais", "classe_osm": "residential", "comprimento_m": 149}, "geometry": {"type": "LineString", "coordinates": [[-55.8561357, -1.783854], [-55.8563553, -1.7836495], [-55.8563593, -1.7836435], [-55.8563627, -1.7836363], [-55.8565212, -1.7832747], [-55.8565307, -1.7832556], [-55.8565401, -1.7832362], [-55.856744, -1.782969], [-55.8567534, -1.7829241], [-55.8567523, -1.7828715], [-55.8567439, -1.7827236]]}}, {"type": "Feature", "properties": {"nome": "Beco Número I", "tipo": "Vias locais", "classe_osm": "residential", "comprimento_m": 53}, "geometry": {"type": "LineString", "coordinates": [[-55.8557974, -1.7841893], [-55.8558018, -1.7841785], [-55.8558085, -1.7841698], [-55.8561159, -1.783835]]}}, {"type": "Feature", "properties": {"nome": "Sem nome", "tipo": "Vias locais", "classe_osm": "service", "comprimento_m": 149}, "geometry": {"type": "LineString", "coordinates": [[-55.8490254, -1.7768134], [-55.84844, -1.7764382], [-55.848107, -1.7769884]]}}, {"type": "Feature", "properties": {"nome": "Sem nome", "tipo": "Vias locais", "classe_osm": "service", "comprimento_m": 208}, "geometry": {"type": "LineString", "coordinates": [[-55.8486149, -1.7774949], [-55.848421, -1.7773736], [-55.8483487, -1.7774802], [-55.8479016, -1.7772439], [-55.8478794, -1.7772103], [-55.8478767, -1.7771782], [-55.8478875, -1.777138], [-55.8479036, -1.7771165], [-55.8479304, -1.7770907], [-55.8480269, -1.7770012], [-55.8480645, -1.7769637], [-55.848107, -1.7769884], [-55.8484427, -1.7771835], [-55.8484561, -1.777205], [-55.8484668, -1.7772318], [-55.8484641, -1.7772613], [-55.8484588, -1.7772854], [-55.848421, -1.7773736]]}}, {"type": "Feature", "properties": {"nome": "Sem nome", "tipo": "Vias locais", "classe_osm": "service", "comprimento_m": 96}, "geometry": {"type": "LineString", "coordinates": [[-55.8480645, -1.7769637], [-55.848027, -1.7769416], [-55.8480107, -1.7769276], [-55.8480014, -1.7769019], [-55.8479996, -1.7768733], [-55.8480084, -1.776857], [-55.8482833, -1.7763896], [-55.8482956, -1.7763762], [-55.8483096, -1.7763721], [-55.84833, -1.7763692], [-55.8483434, -1.776375], [-55.8483668, -1.7763861], [-55.84844, -1.7764382]]}}, {"type": "Feature", "properties": {"nome": "Beco Número I", "tipo": "Vias principais", "classe_osm": "tertiary", "comprimento_m": 29}, "geometry": {"type": "LineString", "coordinates": [[-55.8571311, -1.7859522], [-55.8569883, -1.7857296]]}}, {"type": "Feature", "properties": {"nome": "Travessa do Trombetas", "tipo": "Vias locais", "classe_osm": "residential", "comprimento_m": 206}, "geometry": {"type": "LineString", "coordinates": [[-55.8552012, -1.7829614], [-55.8557023, -1.783384], [-55.8561159, -1.783835], [-55.8561357, -1.783854], [-55.8565368, -1.7842397]]}}, {"type": "Feature", "properties": {"nome": "Sem nome", "tipo": "Caminhos e trilhas", "classe_osm": "footway", "comprimento_m": 78}, "geometry": {"type": "LineString", "coordinates": [[-55.8591173, -1.7695136], [-55.8591522, -1.7695295], [-55.8591781, -1.7695541], [-55.8591949, -1.7695855], [-55.8592012, -1.7696206], [-55.8591961, -1.7696559], [-55.8591803, -1.7696879], [-55.8591552, -1.7697133], [-55.8591235, -1.7697296], [-55.8590882, -1.7697352], [-55.859053, -1.7697294], [-55.8590192, -1.7697113], [-55.8589933, -1.7696829], [-55.8589786, -1.7696475], [-55.8589765, -1.7696092], [-55.8589875, -1.7695724], [-55.8590101, -1.7695414], [-55.8590419, -1.7695199], [-55.8590699, -1.7695126], [-55.859079, -1.7695102], [-55.8591173, -1.7695136]]}}, {"type": "Feature", "properties": {"nome": "Sem nome", "tipo": "Caminhos e trilhas", "classe_osm": "footway", "comprimento_m": 10}, "geometry": {"type": "LineString", "coordinates": [[-55.8591478, -1.769814], [-55.8591235, -1.7697296]]}}, {"type": "Feature", "properties": {"nome": "Sem nome", "tipo": "Caminhos e trilhas", "classe_osm": "footway", "comprimento_m": 14}, "geometry": {"type": "LineString", "coordinates": [[-55.8590699, -1.7695126], [-55.8590391, -1.7693883]]}}, {"type": "Feature", "properties": {"nome": "Sem nome", "tipo": "Caminhos e trilhas", "classe_osm": "footway", "comprimento_m": 63}, "geometry": {"type": "LineString", "coordinates": [[-55.8590391, -1.7693883], [-55.8590275, -1.7693411], [-55.8586577, -1.7689798]]}}, {"type": "Feature", "properties": {"nome": "Sem nome", "tipo": "Caminhos e trilhas", "classe_osm": "footway", "comprimento_m": 42}, "geometry": {"type": "LineString", "coordinates": [[-55.8596581, -1.7693688], [-55.8596664, -1.7693494], [-55.8596676, -1.7693284], [-55.8596616, -1.7693081], [-55.859649, -1.7692912], [-55.8596334, -1.7692805], [-55.8596153, -1.769275], [-55.8595964, -1.7692754], [-55.8595786, -1.7692815], [-55.8595634, -1.7692929], [-55.8595525, -1.7693083], [-55.8595468, -1.7693263], [-55.8595468, -1.7693358], [-55.8595469, -1.7693452], [-55.8595528, -1.7693631], [-55.8595655, -1.76938], [-55.8595832, -1.7693915], [-55.8596038, -1.7693963], [-55.8596247, -1.7693937], [-55.8596436, -1.7693842], [-55.8596581, -1.7693688]]}}, {"type": "Feature", "properties": {"nome": "Sem nome", "tipo": "Caminhos e trilhas", "classe_osm": "footway", "comprimento_m": 65}, "geometry": {"type": "LineString", "coordinates": [[-55.8595468, -1.7693358], [-55.8595068, -1.7693399], [-55.8594702, -1.7693572], [-55.8594326, -1.7693744], [-55.8594063, -1.7693888], [-55.8593899, -1.7693978], [-55.859335, -1.7694202], [-55.8592842, -1.7694283], [-55.8592476, -1.769409], [-55.8592212, -1.7693694], [-55.8591968, -1.7693419], [-55.8591348, -1.7693297], [-55.859086, -1.769347], [-55.8590391, -1.7693883]]}}, {"type": "Feature", "properties": {"nome": "Sem nome", "tipo": "Caminhos e trilhas", "classe_osm": "footway", "comprimento_m": 105}, "geometry": {"type": "LineString", "coordinates": [[-55.8595347, -1.768952], [-55.8594986, -1.7689803], [-55.8594671, -1.7690565], [-55.8594526, -1.7690904], [-55.8594315, -1.7691398], [-55.8594183, -1.7692221], [-55.8594078, -1.7692917], [-55.8594021, -1.7693297], [-55.8594063, -1.7693888], [-55.8593482, -1.769344], [-55.8593045, -1.769343], [-55.859274, -1.7693257], [-55.8592588, -1.7692952], [-55.8592395, -1.7692657], [-55.859214, -1.7692515], [-55.8592035, -1.769251], [-55.8591531, -1.7692485], [-55.8590961, -1.7692647], [-55.8590728, -1.7692962], [-55.8590275, -1.7693411]]}}, {"type": "Feature", "properties": {"nome": "Sem nome", "tipo": "Caminhos e trilhas", "classe_osm": "footway", "comprimento_m": 19}, "geometry": {"type": "LineString", "coordinates": [[-55.859649, -1.7692912], [-55.8597747, -1.76917]]}}, {"type": "Feature", "properties": {"nome": "Sem nome", "tipo": "Caminhos e trilhas", "classe_osm": "footway", "comprimento_m": 23}, "geometry": {"type": "LineString", "coordinates": [[-55.8596436, -1.7693842], [-55.8598028, -1.7695205]]}}, {"type": "Feature", "properties": {"nome": "Sem nome", "tipo": "Caminhos e trilhas", "classe_osm": "footway", "comprimento_m": 102}, "geometry": {"type": "LineString", "coordinates": [[-55.8595528, -1.7693631], [-55.8595096, -1.7694162], [-55.8594304, -1.7694739], [-55.8593553, -1.7695114], [-55.8593312, -1.7695342], [-55.8593285, -1.7695798], [-55.8593325, -1.7696254], [-55.8593486, -1.7696709], [-55.8593822, -1.7697058], [-55.8594103, -1.7697514], [-55.859417, -1.769801], [-55.8593956, -1.7698519], [-55.8593795, -1.7698787], [-55.8593446, -1.7698988], [-55.8592936, -1.7698908], [-55.8592092, -1.7698532], [-55.8591783, -1.7698304], [-55.8591478, -1.769814]]}}, {"type": "Feature", "properties": {"nome": "Sem nome", "tipo": "Caminhos e trilhas", "classe_osm": "footway", "comprimento_m": 10}, "geometry": {"type": "LineString", "coordinates": [[-55.8594063, -1.7693888], [-55.8594304, -1.7694739]]}}, {"type": "Feature", "properties": {"nome": "Sem nome", "tipo": "Caminhos e trilhas", "classe_osm": "footway", "comprimento_m": 30}, "geometry": {"type": "LineString", "coordinates": [[-55.8594526, -1.7690904], [-55.8593741, -1.7691213], [-55.8593097, -1.7691173], [-55.8592507, -1.7690959], [-55.8592037, -1.7690548]]}}, {"type": "Feature", "properties": {"nome": "Sem nome", "tipo": "Caminhos e trilhas", "classe_osm": "footway", "comprimento_m": 19}, "geometry": {"type": "LineString", "coordinates": [[-55.8593097, -1.7691173], [-55.8592035, -1.769251]]}}, {"type": "Feature", "properties": {"nome": "Sem nome", "tipo": "Caminhos e trilhas", "classe_osm": "footway", "comprimento_m": 37}, "geometry": {"type": "LineString", "coordinates": [[-55.8594304, -1.7694739], [-55.8594679, -1.7695779], [-55.8595121, -1.7696637], [-55.8595971, -1.7697528]]}}, {"type": "Feature", "properties": {"nome": "Sem nome", "tipo": "Caminhos e trilhas", "classe_osm": "footway", "comprimento_m": 35}, "geometry": {"type": "LineString", "coordinates": [[-55.8591478, -1.769814], [-55.8591672, -1.7698993], [-55.8592197, -1.7699845], [-55.8593154, -1.7700709]]}}, {"type": "Feature", "properties": {"nome": "Sem nome", "tipo": "Caminhos e trilhas", "classe_osm": "footway", "comprimento_m": 73}, "geometry": {"type": "LineString", "coordinates": [[-55.8590251, -1.7703989], [-55.8589734, -1.7703043], [-55.8589348, -1.7702681], [-55.8588928, -1.7702564], [-55.8588263, -1.7702529], [-55.8587796, -1.7702856], [-55.8587399, -1.770344], [-55.8588739, -1.7705697]]}}, {"type": "Feature", "properties": {"nome": "Sem nome", "tipo": "Caminhos e trilhas", "classe_osm": "footway", "comprimento_m": 111}, "geometry": {"type": "LineString", "coordinates": [[-55.8589348, -1.7702681], [-55.8589617, -1.7702051], [-55.8589792, -1.7701316], [-55.8589839, -1.7700651], [-55.8589722, -1.7700125], [-55.8589313, -1.7699542], [-55.8589134, -1.7699379], [-55.8588928, -1.7699192], [-55.8588368, -1.7698877], [-55.8587574, -1.7698748], [-55.8586791, -1.7698818], [-55.8586126, -1.7699204], [-55.8585685, -1.7699733], [-55.8585145, -1.7700382], [-55.8584092, -1.7701599]]}}, {"type": "Feature", "properties": {"nome": "Sem nome", "tipo": "Caminhos e trilhas", "classe_osm": "footway", "comprimento_m": 44}, "geometry": {"type": "LineString", "coordinates": [[-55.8591478, -1.769814], [-55.8590971, -1.7698608], [-55.8590481, -1.7698982], [-55.8590072, -1.7699052], [-55.8589652, -1.7698807], [-55.8589134, -1.7699379], [-55.8588449, -1.7700138]]}}, {"type": "Feature", "properties": {"nome": "Sem nome", "tipo": "Caminhos e trilhas", "classe_osm": "footway", "comprimento_m": 30}, "geometry": {"type": "LineString", "coordinates": [[-55.8588449, -1.7700138], [-55.858881, -1.7700507], [-55.8588915, -1.7700892], [-55.858888, -1.7701394], [-55.8588541, -1.7701954], [-55.8588263, -1.7702529]]}}, {"type": "Feature", "properties": {"nome": "Sem nome", "tipo": "Caminhos e trilhas", "classe_osm": "footway", "comprimento_m": 36}, "geometry": {"type": "LineString", "coordinates": [[-55.8585685, -1.7699733], [-55.8586241, -1.7700204], [-55.8586685, -1.7699772], [-55.858714, -1.7699655], [-55.8587595, -1.7699643], [-55.8588109, -1.7699818], [-55.8588449, -1.7700138]]}}, {"type": "Feature", "properties": {"nome": "Sem nome", "tipo": "Caminhos e trilhas", "classe_osm": "footway", "comprimento_m": 29}, "geometry": {"type": "LineString", "coordinates": [[-55.8589839, -1.7700651], [-55.8590456, -1.7701055], [-55.8591542, -1.7701487], [-55.8592232, -1.7701752]]}}, {"type": "Feature", "properties": {"nome": "Sem nome", "tipo": "Caminhos e trilhas", "classe_osm": "footway", "comprimento_m": 643}, "geometry": {"type": "LineString", "coordinates": [[-55.8597747, -1.76917], [-55.8599675, -1.7693344], [-55.8598028, -1.7695205], [-55.8595971, -1.7697528], [-55.8593154, -1.7700709], [-55.8592232, -1.7701752], [-55.8590251, -1.7703989], [-55.8588739, -1.7705697], [-55.8584092, -1.7701599], [-55.8578901, -1.7697021], [-55.8586577, -1.7689798], [-55.8591036, -1.7685603], [-55.8595347, -1.768952], [-55.8597747, -1.76917]]}}, {"type": "Feature", "properties": {"nome": "Sem nome", "tipo": "Caminhos e trilhas", "classe_osm": "track", "comprimento_m": 9}, "geometry": {"type": "LineString", "coordinates": [[-55.8435058, -1.7685716], [-55.8434579, -1.7685854], [-55.843424, -1.7685955]]}}, {"type": "Feature", "properties": {"nome": "Sem nome", "tipo": "Caminhos e trilhas", "classe_osm": "track", "comprimento_m": 58}, "geometry": {"type": "LineString", "coordinates": [[-55.8408773, -1.7618572], [-55.8408388, -1.7618996], [-55.8406804, -1.762074], [-55.8405747, -1.7621789], [-55.8405197, -1.7622369]]}}, {"type": "Feature", "properties": {"nome": "Sem nome", "tipo": "Caminhos e trilhas", "classe_osm": "track", "comprimento_m": 51}, "geometry": {"type": "LineString", "coordinates": [[-55.8404078, -1.7617484], [-55.8408388, -1.7618996]]}}, {"type": "Feature", "properties": {"nome": "Sem nome", "tipo": "Caminhos e trilhas", "classe_osm": "track", "comprimento_m": 239}, "geometry": {"type": "LineString", "coordinates": [[-55.8521623, -1.7792203], [-55.852108, -1.7792193], [-55.8519895, -1.7793086], [-55.851893, -1.7794714], [-55.8517718, -1.7796342], [-55.8516006, -1.7798682], [-55.8513816, -1.7800627], [-55.8511536, -1.7804517], [-55.8510097, -1.7807354], [-55.8510107, -1.780784], [-55.8509063, -1.7809015]]}}, {"type": "Feature", "properties": {"nome": "Sem nome", "tipo": "Caminhos e trilhas", "classe_osm": "track", "comprimento_m": 62}, "geometry": {"type": "LineString", "coordinates": [[-55.8421297, -1.7644796], [-55.8420305, -1.7645562], [-55.8419192, -1.764646], [-55.8418115, -1.7647464], [-55.8417082, -1.7648422]]}}, {"type": "Feature", "properties": {"nome": "Sem nome", "tipo": "Caminhos e trilhas", "classe_osm": "path", "comprimento_m": 88}, "geometry": {"type": "LineString", "coordinates": [[-55.8419905, -1.7616589], [-55.8420804, -1.7614705], [-55.8420768, -1.7614431], [-55.8417244, -1.761486], [-55.841697, -1.7615269], [-55.8416598, -1.7615571], [-55.8416346, -1.7615839], [-55.84161, -1.761649]]}}, {"type": "Feature", "properties": {"nome": "Sem nome", "tipo": "Caminhos e trilhas", "classe_osm": "path", "comprimento_m": 60}, "geometry": {"type": "LineString", "coordinates": [[-55.8417244, -1.761486], [-55.8417455, -1.7614448], [-55.8417733, -1.7614169], [-55.8417965, -1.7613559], [-55.8418031, -1.7613154], [-55.8418031, -1.7612902], [-55.841808, -1.7612404], [-55.8417197, -1.7612441], [-55.8416536, -1.7612626], [-55.8416101, -1.7612885], [-55.8415549, -1.761318]]}}, {"type": "Feature", "properties": {"nome": "Sem nome", "tipo": "Caminhos e trilhas", "classe_osm": "track", "comprimento_m": 142}, "geometry": {"type": "LineString", "coordinates": [[-55.8435008, -1.7657766], [-55.8432655, -1.7659599], [-55.8431913, -1.7660248], [-55.8431441, -1.7660428], [-55.8430462, -1.766142], [-55.8429876, -1.7661988], [-55.8429218, -1.7662422], [-55.8428593, -1.766281], [-55.8427927, -1.7663157], [-55.8426529, -1.7664305], [-55.8424997, -1.7665591]]}}, {"type": "Feature", "properties": {"nome": "Sem nome", "tipo": "Caminhos e trilhas", "classe_osm": "track", "comprimento_m": 18}, "geometry": {"type": "LineString", "coordinates": [[-55.8421297, -1.7644796], [-55.8421757, -1.7644485], [-55.842266, -1.7643959]]}}, {"type": "Feature", "properties": {"nome": "Sem nome", "tipo": "Caminhos e trilhas", "classe_osm": "track", "comprimento_m": 79}, "geometry": {"type": "LineString", "coordinates": [[-55.8427768, -1.7652165], [-55.8426527, -1.7654234], [-55.8425667, -1.765555], [-55.8425042, -1.7656374], [-55.8424288, -1.7657031], [-55.8423485, -1.7657729]]}}, {"type": "Feature", "properties": {"nome": "Sem nome", "tipo": "Caminhos e trilhas", "classe_osm": "track", "comprimento_m": 199}, "geometry": {"type": "LineString", "coordinates": [[-55.8435074, -1.7631094], [-55.8434105, -1.7632194], [-55.8432964, -1.7633537], [-55.8431923, -1.7634855], [-55.8430649, -1.7636034], [-55.8429892, -1.7636962], [-55.8429025, -1.7637942], [-55.8428009, -1.7639038], [-55.8426794, -1.7640239], [-55.8425462, -1.7641564], [-55.8424558, -1.7642354], [-55.8423581, -1.7643252], [-55.842266, -1.7643959]]}}, {"type": "Feature", "properties": {"nome": "Sem nome", "tipo": "Caminhos e trilhas", "classe_osm": "track", "comprimento_m": 47}, "geometry": {"type": "LineString", "coordinates": [[-55.8435017, -1.7639426], [-55.8434377, -1.7640316], [-55.8433393, -1.7641551], [-55.8432498, -1.7642826]]}}, {"type": "Feature", "properties": {"nome": "Sem nome", "tipo": "Caminhos e trilhas", "classe_osm": "path", "comprimento_m": 59}, "geometry": {"type": "LineString", "coordinates": [[-55.8532074, -1.7867946], [-55.8530506, -1.7866814], [-55.8529378, -1.7865976], [-55.85285, -1.7865513], [-55.8527595, -1.7865093]]}}, {"type": "Feature", "properties": {"nome": "Sem nome", "tipo": "Caminhos e trilhas", "classe_osm": "track", "comprimento_m": 258}, "geometry": {"type": "LineString", "coordinates": [[-55.8527529, -1.7868168], [-55.8528808, -1.7868605], [-55.852958, -1.7868897], [-55.8530885, -1.7869417], [-55.8531993, -1.7869979], [-55.8532944, -1.7870577], [-55.8533732, -1.7870961], [-55.8534721, -1.7871199], [-55.8536267, -1.7871489], [-55.8537522, -1.7871736], [-55.8539111, -1.7872012], [-55.85407, -1.7872684], [-55.8541531, -1.7873825], [-55.8541992, -1.7874439], [-55.8543558, -1.7876526], [-55.8543702, -1.7877198], [-55.8543734, -1.7877348], [-55.8544, -1.7877833], [-55.8544588, -1.7878839], [-55.8545033, -1.7879707], [-55.8545337, -1.7880533]]}}, {"type": "Feature", "properties": {"nome": "Sem nome", "tipo": "Caminhos e trilhas", "classe_osm": "track", "comprimento_m": 208}, "geometry": {"type": "LineString", "coordinates": [[-55.8527154, -1.7872467], [-55.8527964, -1.7873553], [-55.8528086, -1.7873704], [-55.8528706, -1.7874593], [-55.8528927, -1.7875212], [-55.8529081, -1.7875769], [-55.8529942, -1.7876317], [-55.8530761, -1.7876382], [-55.85369, -1.7876688], [-55.8538229, -1.7876585], [-55.8539367, -1.7876559], [-55.8540381, -1.7876647], [-55.8543702, -1.7877198]]}}, {"type": "Feature", "properties": {"nome": "Sem nome", "tipo": "Caminhos e trilhas", "classe_osm": "track", "comprimento_m": 157}, "geometry": {"type": "LineString", "coordinates": [[-55.8541992, -1.7874439], [-55.8541248, -1.7874171], [-55.8539235, -1.7874], [-55.8532537, -1.7873761], [-55.8529519, -1.7873715], [-55.8528885, -1.787372], [-55.8527964, -1.7873553]]}}, {"type": "Feature", "properties": {"nome": "Sem nome", "tipo": "Caminhos e trilhas", "classe_osm": "track", "comprimento_m": 10}, "geometry": {"type": "LineString", "coordinates": [[-55.8528706, -1.7874593], [-55.8528842, -1.7874219], [-55.8528885, -1.787372]]}}, {"type": "Feature", "properties": {"nome": "Sem nome", "tipo": "Caminhos e trilhas", "classe_osm": "path", "comprimento_m": 97}, "geometry": {"type": "LineString", "coordinates": [[-55.8543404, -1.7863592], [-55.8543343, -1.7863892], [-55.8543333, -1.7864398], [-55.8543369, -1.7865005], [-55.8543465, -1.7865578], [-55.8543581, -1.7866035], [-55.8543659, -1.7866527], [-55.8543659, -1.7866972], [-55.8543694, -1.7867494], [-55.854388, -1.7867916], [-55.854401, -1.7868368], [-55.8544203, -1.7869075], [-55.8544264, -1.7869579], [-55.854429, -1.7870158], [-55.8544414, -1.7870861], [-55.8544392, -1.7871519], [-55.8544222, -1.7871911], [-55.8544119, -1.7872111]]}}, {"type": "Feature", "properties": {"nome": "Sem nome", "tipo": "Caminhos e trilhas", "classe_osm": "track", "comprimento_m": 102}, "geometry": {"type": "LineString", "coordinates": [[-55.852785, -1.788101], [-55.8527447, -1.7880915], [-55.8527157, -1.7880517], [-55.8527065, -1.7880055], [-55.8526855, -1.7879393], [-55.8526758, -1.7879089], [-55.8526673, -1.7878438], [-55.8526626, -1.7878082], [-55.8526626, -1.7877556], [-55.8526854, -1.7876808], [-55.8527118, -1.7876185], [-55.8527238, -1.7875762], [-55.8527238, -1.7874946], [-55.8527118, -1.7874167], [-55.8527134, -1.7873413], [-55.8527154, -1.7872467]]}}, {"type": "Feature", "properties": {"nome": "Sem nome", "tipo": "Caminhos e trilhas", "classe_osm": "track", "comprimento_m": 21}, "geometry": {"type": "LineString", "coordinates": [[-55.8526125, -1.788105], [-55.8526504, -1.7880659], [-55.8526684, -1.7880107], [-55.8526855, -1.7879393]]}}, {"type": "Feature", "properties": {"nome": "Sem nome", "tipo": "Caminhos e trilhas", "classe_osm": "track", "comprimento_m": 125}, "geometry": {"type": "LineString", "coordinates": [[-55.8526673, -1.7878438], [-55.852557, -1.7878974], [-55.8524316, -1.7879345], [-55.8523161, -1.7879904], [-55.8522243, -1.7880413], [-55.8520823, -1.7880896], [-55.8518651, -1.7881537], [-55.8517686, -1.7881961], [-55.8516697, -1.7883205]]}}, {"type": "Feature", "properties": {"nome": "Sem nome", "tipo": "Caminhos e trilhas", "classe_osm": "track", "comprimento_m": 49}, "geometry": {"type": "LineString", "coordinates": [[-55.8530838, -1.7879501], [-55.8529617, -1.7879455], [-55.852837, -1.7879334], [-55.8527602, -1.7878931], [-55.8526673, -1.7878438]]}}, {"type": "Feature", "properties": {"nome": "Sem nome", "tipo": "Caminhos e trilhas", "classe_osm": "track", "comprimento_m": 98}, "geometry": {"type": "LineString", "coordinates": [[-55.8527154, -1.7872467], [-55.8527335, -1.786964], [-55.8527529, -1.7868168], [-55.85275, -1.7866259], [-55.8527595, -1.7865093], [-55.8527445, -1.7863683]]}}, {"type": "Feature", "properties": {"nome": "Sem nome", "tipo": "Caminhos e trilhas", "classe_osm": "track", "comprimento_m": 94}, "geometry": {"type": "LineString", "coordinates": [[-55.8527134, -1.7873413], [-55.8518645, -1.787326]]}}, {"type": "Feature", "properties": {"nome": "Sem nome", "tipo": "Caminhos e trilhas", "classe_osm": "track", "comprimento_m": 127}, "geometry": {"type": "LineString", "coordinates": [[-55.8515603, -1.7863619], [-55.852061, -1.7853317]]}}, {"type": "Feature", "properties": {"nome": "Sem nome", "tipo": "Caminhos e trilhas", "classe_osm": "track", "comprimento_m": 88}, "geometry": {"type": "LineString", "coordinates": [[-55.852061, -1.7853317], [-55.8524039, -1.7846225]]}}, {"type": "Feature", "properties": {"nome": "Sem nome", "tipo": "Caminhos e trilhas", "classe_osm": "track", "comprimento_m": 214}, "geometry": {"type": "LineString", "coordinates": [[-55.8524039, -1.7846225], [-55.8528735, -1.7852536], [-55.8528627, -1.7853219], [-55.8528048, -1.7854181], [-55.8527868, -1.785526], [-55.8527693, -1.7857109], [-55.8527445, -1.7863683]]}}, {"type": "Feature", "properties": {"nome": "Sem nome", "tipo": "Caminhos e trilhas", "classe_osm": "track", "comprimento_m": 124}, "geometry": {"type": "LineString", "coordinates": [[-55.8548557, -1.7877586], [-55.8548532, -1.7878263], [-55.8548669, -1.7879085], [-55.8548859, -1.7880039], [-55.8549422, -1.7880938], [-55.8549753, -1.7881671], [-55.8549753, -1.7882378], [-55.8549372, -1.7882909], [-55.8548688, -1.7883137], [-55.8547539, -1.7883137], [-55.8546566, -1.7882729], [-55.8546302, -1.7882478], [-55.8545337, -1.7880533]]}}, {"type": "Feature", "properties": {"nome": "Sem nome", "tipo": "Caminhos e trilhas", "classe_osm": "track", "comprimento_m": 190}, "geometry": {"type": "LineString", "coordinates": [[-55.8548557, -1.7877586], [-55.8548356, -1.7876388], [-55.8548273, -1.7875893], [-55.8547617, -1.7873027], [-55.8547375, -1.7871734], [-55.8547303, -1.787044], [-55.8547187, -1.7868473], [-55.854716, -1.7867704], [-55.854713, -1.7866843], [-55.854744, -1.7865607], [-55.8547757, -1.7864221], [-55.8548544, -1.7863365], [-55.8549392, -1.7863008], [-55.8550058, -1.7862397], [-55.8550455, -1.7862068]]}}, {"type": "Feature", "properties": {"nome": "Sem nome", "tipo": "Caminhos e trilhas", "classe_osm": "path", "comprimento_m": 134}, "geometry": {"type": "LineString", "coordinates": [[-55.8550455, -1.7862068], [-55.8550932, -1.7862895], [-55.8551771, -1.7864083], [-55.8552508, -1.7864953], [-55.855334, -1.7865843], [-55.8554308, -1.7866777], [-55.8555377, -1.7867814], [-55.8556443, -1.7868731], [-55.8557464, -1.7869486], [-55.8558187, -1.787005], [-55.8558865, -1.7870519]]}}, {"type": "Feature", "properties": {"nome": "Sem nome", "tipo": "Caminhos e trilhas", "classe_osm": "track", "comprimento_m": 27}, "geometry": {"type": "LineString", "coordinates": [[-55.8550622, -1.7877131], [-55.8550192, -1.7877091], [-55.8549569, -1.78769], [-55.854893, -1.7876667], [-55.8548356, -1.7876388]]}}, {"type": "Feature", "properties": {"nome": "Sem nome", "tipo": "Caminhos e trilhas", "classe_osm": "path", "comprimento_m": 95}, "geometry": {"type": "LineString", "coordinates": [[-55.8558865, -1.7870519], [-55.8559501, -1.7871129], [-55.8560397, -1.7871984], [-55.856094, -1.787268], [-55.8561161, -1.7873327], [-55.8561223, -1.7874325], [-55.856121, -1.7875181], [-55.8561025, -1.7876013], [-55.856069, -1.7876755], [-55.85599, -1.7877137], [-55.855946, -1.7877137]]}}, {"type": "Feature", "properties": {"nome": "Sem nome", "tipo": "Caminhos e trilhas", "classe_osm": "path", "comprimento_m": 93}, "geometry": {"type": "LineString", "coordinates": [[-55.8584814, -1.7838393], [-55.8583474, -1.7836608], [-55.857901, -1.7832349]]}}, {"type": "Feature", "properties": {"nome": "Sem nome", "tipo": "Caminhos e trilhas", "classe_osm": "path", "comprimento_m": 49}, "geometry": {"type": "LineString", "coordinates": [[-55.857955, -1.7839895], [-55.8579744, -1.7839608], [-55.858019, -1.7839572], [-55.8580496, -1.7839516], [-55.8580823, -1.7839375], [-55.8581182, -1.7839368], [-55.8581574, -1.7839536], [-55.858205, -1.7839536], [-55.8582414, -1.7839588], [-55.8582746, -1.7839747], [-55.8583047, -1.7840003], [-55.8583626, -1.784006]]}}, {"type": "Feature", "properties": {"nome": "Sem nome", "tipo": "Caminhos e trilhas", "classe_osm": "track", "comprimento_m": 4}, "geometry": {"type": "LineString", "coordinates": [[-55.8573399, -1.785024], [-55.8573759, -1.7850138]]}}, {"type": "Feature", "properties": {"nome": "Sem nome", "tipo": "Caminhos e trilhas", "classe_osm": "track", "comprimento_m": 202}, "geometry": {"type": "LineString", "coordinates": [[-55.8573759, -1.7850138], [-55.8573348, -1.7849818], [-55.8573155, -1.7849471], [-55.8572904, -1.7849035], [-55.8572617, -1.7848699], [-55.8572324, -1.7848346], [-55.8571921, -1.7847923], [-55.8571426, -1.7847441], [-55.8570985, -1.784718], [-55.8570655, -1.7846863], [-55.8570371, -1.7846623], [-55.857031, -1.784647], [-55.8570351, -1.7846034], [-55.8570577, -1.784551], [-55.8570735, -1.7845133], [-55.8571031, -1.7844714], [-55.8571424, -1.7844288], [-55.8572006, -1.7843713], [-55.8572228, -1.7843448], [-55.8572487, -1.7843209], [-55.8572682, -1.7843013], [-55.8573021, -1.7842624], [-55.8573997, -1.7841388], [-55.8574466, -1.7840917], [-55.8574849, -1.7840694], [-55.8575292, -1.7840616], [-55.8575775, -1.7840036], [-55.8576058, -1.783969], [-55.8576437, -1.7839301], [-55.8576803, -1.7839156], [-55.8577153, -1.7839144], [-55.8577511, -1.7839247], [-55.8577789, -1.783942], [-55.8578065, -1.7839628], [-55.857826, -1.7839833], [-55.8578427, -1.7839895], [-55.8578807, -1.7839898], [-55.8579258, -1.7839891], [-55.857955, -1.7839895]]}}, {"type": "Feature", "properties": {"nome": "Sem nome", "tipo": "Caminhos e trilhas", "classe_osm": "track", "comprimento_m": 284}, "geometry": {"type": "LineString", "coordinates": [[-55.8550455, -1.7862068], [-55.8551531, -1.7861524], [-55.8552529, -1.7860601], [-55.8553204, -1.785895], [-55.8553322, -1.7857234], [-55.8553376, -1.7855357], [-55.855255, -1.7852698], [-55.8551359, -1.7850189], [-55.8550662, -1.784887], [-55.8550421, -1.7848519], [-55.8549331, -1.7846929], [-55.854813, -1.7845395], [-55.8545662, -1.7843594], [-55.8543699, -1.7842618], [-55.8543012, -1.7841931]]}}, {"type": "Feature", "properties": {"nome": "Sem nome", "tipo": "Caminhos e trilhas", "classe_osm": "track", "comprimento_m": 563}, "geometry": {"type": "LineString", "coordinates": [[-55.8550455, -1.7862068], [-55.8548494, -1.785949], [-55.8545984, -1.7855415], [-55.8545528, -1.7854636], [-55.8544224, -1.7852412], [-55.85418, -1.7848573], [-55.8539654, -1.7845228], [-55.8539225, -1.7844649], [-55.8538323, -1.7844906], [-55.8537705, -1.7845369], [-55.8535491, -1.7847029], [-55.8534161, -1.7848466], [-55.8537658, -1.7853463], [-55.8540062, -1.7857324], [-55.8540638, -1.785821], [-55.8542658, -1.7861313], [-55.8544439, -1.7863501], [-55.8544825, -1.7865131], [-55.8545791, -1.7866675], [-55.854716, -1.7867704]]}}, {"type": "Feature", "properties": {"nome": "Sem nome", "tipo": "Caminhos e trilhas", "classe_osm": "track", "comprimento_m": 67}, "geometry": {"type": "LineString", "coordinates": [[-55.8545528, -1.7854636], [-55.8540638, -1.785821]]}}, {"type": "Feature", "properties": {"nome": "Sem nome", "tipo": "Caminhos e trilhas", "classe_osm": "track", "comprimento_m": 70}, "geometry": {"type": "LineString", "coordinates": [[-55.8534161, -1.7848466], [-55.8533365, -1.7849327], [-55.8532486, -1.7850306], [-55.8529698, -1.7852922]]}}, {"type": "Feature", "properties": {"nome": "Sem nome", "tipo": "Caminhos e trilhas", "classe_osm": "path", "comprimento_m": 197}, "geometry": {"type": "LineString", "coordinates": [[-55.8550421, -1.7848519], [-55.8550393, -1.7847165], [-55.8550565, -1.7845695], [-55.8550211, -1.784428], [-55.8549267, -1.7842264], [-55.8548623, -1.7841063], [-55.8548602, -1.7840237], [-55.8548956, -1.7839368], [-55.854975, -1.7839015], [-55.8550189, -1.7838779], [-55.8550415, -1.7838575], [-55.8549492, -1.7837428], [-55.8548752, -1.7836452], [-55.8547754, -1.7835326], [-55.8547853, -1.7834908], [-55.8547958, -1.7834468], [-55.8548677, -1.7833342]]}}, {"type": "Feature", "properties": {"nome": "Sem nome", "tipo": "Caminhos e trilhas", "classe_osm": "path", "comprimento_m": 103}, "geometry": {"type": "LineString", "coordinates": [[-55.8547853, -1.7834908], [-55.8547078, -1.783524], [-55.8545919, -1.7836066], [-55.8545158, -1.7836537], [-55.8544535, -1.7837642], [-55.8543613, -1.7838811], [-55.8543012, -1.7839744], [-55.854284, -1.7840666], [-55.8543012, -1.7841931]]}}, {"type": "Feature", "properties": {"nome": "Sem nome", "tipo": "Caminhos e trilhas", "classe_osm": "track", "comprimento_m": 35}, "geometry": {"type": "LineString", "coordinates": [[-55.8543012, -1.7841931], [-55.8542807, -1.7841166], [-55.8542861, -1.7840252], [-55.8542916, -1.7840114], [-55.8543227, -1.7839323], [-55.8543493, -1.7838924]]}}, {"type": "Feature", "properties": {"nome": "Sem nome", "tipo": "Caminhos e trilhas", "classe_osm": "track", "comprimento_m": 114}, "geometry": {"type": "LineString", "coordinates": [[-55.8537705, -1.7845369], [-55.8535999, -1.7843658], [-55.8533814, -1.784147], [-55.8532425, -1.7839683], [-55.8532383, -1.7838455], [-55.8532651, -1.7837187]]}}, {"type": "Feature", "properties": {"nome": "Sem nome", "tipo": "Caminhos e trilhas", "classe_osm": "track", "comprimento_m": 13}, "geometry": {"type": "LineString", "coordinates": [[-55.8532425, -1.7839683], [-55.8531875, -1.7839557], [-55.8531274, -1.7839724]]}}, {"type": "Feature", "properties": {"nome": "Sem nome", "tipo": "Caminhos e trilhas", "classe_osm": "track", "comprimento_m": 63}, "geometry": {"type": "LineString", "coordinates": [[-55.8542916, -1.7840114], [-55.8542209, -1.7838753], [-55.854132, -1.7837661], [-55.8540263, -1.7836573], [-55.8539568, -1.7835638]]}}, {"type": "Feature", "properties": {"nome": "Sem nome", "tipo": "Caminhos e trilhas", "classe_osm": "path", "comprimento_m": 72}, "geometry": {"type": "LineString", "coordinates": [[-55.8448828, -1.7703754], [-55.8448138, -1.7703754], [-55.8447418, -1.7703754], [-55.8446766, -1.7703735], [-55.8446011, -1.7703644], [-55.8445236, -1.7703644], [-55.8444198, -1.7703698], [-55.8443208, -1.7703734], [-55.8442375, -1.7703832]]}}, {"type": "Feature", "properties": {"nome": "Sem nome", "tipo": "Caminhos e trilhas", "classe_osm": "path", "comprimento_m": 166}, "geometry": {"type": "LineString", "coordinates": [[-55.8448737, -1.7693444], [-55.8448039, -1.7693087], [-55.8447077, -1.769263], [-55.8446045, -1.7692272], [-55.844525, -1.769193], [-55.844428, -1.7691526], [-55.8443043, -1.7690831], [-55.8441892, -1.7690076], [-55.8440637, -1.7689302], [-55.8439674, -1.7688788], [-55.8438469, -1.7688042], [-55.8437387, -1.7687604], [-55.84365, -1.7687093], [-55.8435483, -1.7686583]]}}, {"type": "Feature", "properties": {"nome": "Sem nome", "tipo": "Caminhos e trilhas", "classe_osm": "track", "comprimento_m": 194}, "geometry": {"type": "LineString", "coordinates": [[-55.8524039, -1.7846225], [-55.8521941, -1.7842375], [-55.8519044, -1.7838236], [-55.8515598, -1.783341], [-55.8514399, -1.7831698]]}}, {"type": "Feature", "properties": {"nome": "Sem nome", "tipo": "Caminhos e trilhas", "classe_osm": "track", "comprimento_m": 38}, "geometry": {"type": "LineString", "coordinates": [[-55.8515598, -1.783341], [-55.8514537, -1.7834857], [-55.8513808, -1.7835787], [-55.85136, -1.7836181]]}}, {"type": "Feature", "properties": {"nome": "Sem nome", "tipo": "Caminhos e trilhas", "classe_osm": "track", "comprimento_m": 71}, "geometry": {"type": "LineString", "coordinates": [[-55.8514279, -1.7830935], [-55.851375, -1.7831336], [-55.8513359, -1.7831799], [-55.8512967, -1.7832372], [-55.8510777, -1.7836168]]}}, {"type": "Feature", "properties": {"nome": "Sem nome", "tipo": "Caminhos e trilhas", "classe_osm": "track", "comprimento_m": 55}, "geometry": {"type": "LineString", "coordinates": [[-55.8514399, -1.7831698], [-55.8513844, -1.7832472], [-55.8513028, -1.7834189], [-55.8512335, -1.7836181]]}}, {"type": "Feature", "properties": {"nome": "Sem nome", "tipo": "Caminhos e trilhas", "classe_osm": "track", "comprimento_m": 144}, "geometry": {"type": "LineString", "coordinates": [[-55.85136, -1.7836181], [-55.8513098, -1.783716], [-55.8512559, -1.7838354], [-55.8511859, -1.7840107], [-55.8511148, -1.7841931], [-55.8508394, -1.7848056]]}}, {"type": "Feature", "properties": {"nome": "Sem nome", "tipo": "Caminhos e trilhas", "classe_osm": "track", "comprimento_m": 129}, "geometry": {"type": "LineString", "coordinates": [[-55.8512335, -1.7836181], [-55.8511638, -1.7838324], [-55.8510691, -1.7840829], [-55.8509947, -1.7842866], [-55.8509311, -1.7844099], [-55.8508659, -1.7845498], [-55.8507937, -1.7846854]]}}, {"type": "Feature", "properties": {"nome": "Sem nome", "tipo": "Caminhos e trilhas", "classe_osm": "track", "comprimento_m": 279}, "geometry": {"type": "LineString", "coordinates": [[-55.8510777, -1.7836168], [-55.8507815, -1.784128], [-55.8507261, -1.7842275], [-55.8504416, -1.7845091], [-55.8494449, -1.7854958]]}}, {"type": "Feature", "properties": {"nome": "Sem nome", "tipo": "Caminhos e trilhas", "classe_osm": "path", "comprimento_m": 121}, "geometry": {"type": "LineString", "coordinates": [[-55.8522451, -1.7822251], [-55.852272, -1.7822522], [-55.8522958, -1.7822818], [-55.8523335, -1.7823224], [-55.8523568, -1.7823403], [-55.8524145, -1.7823848], [-55.8525195, -1.78245], [-55.8525966, -1.7824947], [-55.8526507, -1.7825264], [-55.8527098, -1.7825598], [-55.8527988, -1.7826021], [-55.8528447, -1.7826356], [-55.852883, -1.7826733], [-55.8529294, -1.7827069], [-55.8529955, -1.7827409], [-55.8530426, -1.7827819], [-55.8530952, -1.7828203], [-55.8531243, -1.7828529]]}}, {"type": "Feature", "properties": {"nome": "Sem nome", "tipo": "Caminhos e trilhas", "classe_osm": "path", "comprimento_m": 14}, "geometry": {"type": "LineString", "coordinates": [[-55.8524446, -1.7822453], [-55.8524153, -1.7822878], [-55.8523882, -1.7823147], [-55.8523568, -1.7823403]]}}, {"type": "Feature", "properties": {"nome": "Sem nome", "tipo": "Caminhos e trilhas", "classe_osm": "track", "comprimento_m": 189}, "geometry": {"type": "LineString", "coordinates": [[-55.8500149, -1.7794975], [-55.8499316, -1.7795448], [-55.849877, -1.7795864], [-55.8498179, -1.7796373], [-55.8497844, -1.7796839], [-55.8497417, -1.7797473], [-55.8496919, -1.7798054], [-55.8496419, -1.7798671], [-55.8495979, -1.7799227], [-55.8495566, -1.7799748], [-55.8495059, -1.7800193], [-55.8494401, -1.780071], [-55.8494144, -1.7801179], [-55.8493732, -1.7801939], [-55.8493319, -1.7802726], [-55.8492918, -1.7803562], [-55.8492449, -1.7804484], [-55.8491865, -1.780521], [-55.849142, -1.7806162], [-55.8491096, -1.7807022], [-55.8490659, -1.7807972], [-55.8490466, -1.7808502]]}}, {"type": "Feature", "properties": {"nome": "Sem nome", "tipo": "Caminhos e trilhas", "classe_osm": "track", "comprimento_m": 124}, "geometry": {"type": "LineString", "coordinates": [[-55.8498198, -1.7795077], [-55.8497218, -1.7796242], [-55.8496203, -1.7797157], [-55.849537, -1.7797983], [-55.8494297, -1.7798963], [-55.8493156, -1.780001], [-55.8492093, -1.7800853], [-55.849127, -1.7801496], [-55.8489965, -1.7802507]]}}, {"type": "Feature", "properties": {"nome": "Sem nome", "tipo": "Vias locais", "classe_osm": "unclassified", "comprimento_m": 63}, "geometry": {"type": "LineString", "coordinates": [[-55.8493766, -1.779496], [-55.8492353, -1.7796476], [-55.849116, -1.7797941], [-55.8490023, -1.7799223]]}}, {"type": "Feature", "properties": {"nome": "Sem nome", "tipo": "Caminhos e trilhas", "classe_osm": "track", "comprimento_m": 87}, "geometry": {"type": "LineString", "coordinates": [[-55.8509063, -1.7809015], [-55.8508679, -1.7809971], [-55.850838, -1.7810738], [-55.8507811, -1.781197], [-55.8507266, -1.7812526], [-55.8506196, -1.7813002], [-55.850517, -1.7813486], [-55.850428, -1.7813819], [-55.8503771, -1.781406]]}}, {"type": "Feature", "properties": {"nome": "Sem nome", "tipo": "Caminhos e trilhas", "classe_osm": "track", "comprimento_m": 152}, "geometry": {"type": "LineString", "coordinates": [[-55.8517443, -1.7817046], [-55.8516913, -1.7817328], [-55.8516333, -1.7817592], [-55.85157, -1.7817837], [-55.8514862, -1.7818346], [-55.8514354, -1.7818691], [-55.8513254, -1.7819039], [-55.8511982, -1.7819154], [-55.8510602, -1.7819295], [-55.8509395, -1.7819393], [-55.8508645, -1.7819648], [-55.8507913, -1.7820212], [-55.8507484, -1.7820802], [-55.8507141, -1.782139], [-55.8506462, -1.7821886], [-55.8505455, -1.7822413]]}}, {"type": "Feature", "properties": {"nome": "Sem nome", "tipo": "Caminhos e trilhas", "classe_osm": "track", "comprimento_m": 87}, "geometry": {"type": "LineString", "coordinates": [[-55.8516333, -1.7817592], [-55.8516655, -1.7817799], [-55.8516912, -1.7818088], [-55.8517465, -1.7818294], [-55.8518049, -1.7818604], [-55.8518559, -1.7818837], [-55.851929, -1.7819254], [-55.8520059, -1.7819953], [-55.8520679, -1.782051], [-55.8521508, -1.7821172], [-55.8521907, -1.7821654], [-55.8522451, -1.7822251]]}}, {"type": "Feature", "properties": {"nome": "Sem nome", "tipo": "Caminhos e trilhas", "classe_osm": "track", "comprimento_m": 66}, "geometry": {"type": "LineString", "coordinates": [[-55.8506279, -1.7808705], [-55.8503771, -1.781406]]}}, {"type": "Feature", "properties": {"nome": "Sem nome", "tipo": "Vias locais", "classe_osm": "unclassified", "comprimento_m": 41}, "geometry": {"type": "LineString", "coordinates": [[-55.8490023, -1.7799223], [-55.8487151, -1.7801549]]}}, {"type": "Feature", "properties": {"nome": "Sem nome", "tipo": "Caminhos e trilhas", "classe_osm": "track", "comprimento_m": 25}, "geometry": {"type": "LineString", "coordinates": [[-55.8489965, -1.7802507], [-55.8488245, -1.7803933]]}}, {"type": "Feature", "properties": {"nome": "Sem nome", "tipo": "Caminhos e trilhas", "classe_osm": "track", "comprimento_m": 55}, "geometry": {"type": "LineString", "coordinates": [[-55.8490089, -1.779655], [-55.8488879, -1.7797629], [-55.8487737, -1.7798847], [-55.8486422, -1.7799871]]}}, {"type": "Feature", "properties": {"nome": "Sem nome", "tipo": "Caminhos e trilhas", "classe_osm": "track", "comprimento_m": 36}, "geometry": {"type": "LineString", "coordinates": [[-55.8492484, -1.7794436], [-55.8490089, -1.779655]]}}, {"type": "Feature", "properties": {"nome": "Sem nome", "tipo": "Caminhos e trilhas", "classe_osm": "path", "comprimento_m": 223}, "geometry": {"type": "LineString", "coordinates": [[-55.8509063, -1.7809015], [-55.8507976, -1.7811357], [-55.8507268, -1.7812429], [-55.8505208, -1.781348], [-55.8502912, -1.7814488], [-55.8500959, -1.7815303], [-55.8497418, -1.7816461], [-55.8494135, -1.7817813], [-55.8493069, -1.7818301], [-55.8492354, -1.7818628]]}}, {"type": "Feature", "properties": {"nome": "Sem nome", "tipo": "Caminhos e trilhas", "classe_osm": "track", "comprimento_m": 223}, "geometry": {"type": "LineString", "coordinates": [[-55.8492203, -1.7785385], [-55.8491538, -1.7785433], [-55.8490722, -1.7785068], [-55.8488619, -1.7786033], [-55.8486023, -1.7787063], [-55.8482504, -1.7788006], [-55.8479436, -1.7788757], [-55.8476882, -1.7789315], [-55.847435, -1.7790215], [-55.8473041, -1.7790451]]}}, {"type": "Feature", "properties": {"nome": "Sem nome", "tipo": "Caminhos e trilhas", "classe_osm": "track", "comprimento_m": 40}, "geometry": {"type": "LineString", "coordinates": [[-55.8494712, -1.778718], [-55.8491538, -1.7785433]]}}, {"type": "Feature", "properties": {"nome": "Sem nome", "tipo": "Caminhos e trilhas", "classe_osm": "track", "comprimento_m": 228}, "geometry": {"type": "LineString", "coordinates": [[-55.8490722, -1.7785068], [-55.8488619, -1.7783502], [-55.8486924, -1.7783052], [-55.8484242, -1.7783245], [-55.8482096, -1.7783567], [-55.8479865, -1.7783953], [-55.8478062, -1.7784253], [-55.8476668, -1.7784467], [-55.8473835, -1.7784725], [-55.8470917, -1.7784618]]}}, {"type": "Feature", "properties": {"nome": "Sem nome", "tipo": "Caminhos e trilhas", "classe_osm": "track", "comprimento_m": 139}, "geometry": {"type": "LineString", "coordinates": [[-55.8488619, -1.7783502], [-55.8486989, -1.7782387], [-55.8485668, -1.778135], [-55.848392, -1.7780864], [-55.8482633, -1.77805], [-55.8480766, -1.7780114], [-55.8479114, -1.7779835], [-55.8477912, -1.7779299], [-55.8477183, -1.7778998]]}}, {"type": "Feature", "properties": {"nome": "Sem nome", "tipo": "Vias locais", "classe_osm": "unclassified", "comprimento_m": 118}, "geometry": {"type": "LineString", "coordinates": [[-55.8493766, -1.779496], [-55.8495891, -1.7792939], [-55.849705, -1.7791652], [-55.8497693, -1.779073], [-55.8497436, -1.7789786], [-55.8495705, -1.7786338]]}}, {"type": "Feature", "properties": {"nome": "Sem nome", "tipo": "Caminhos e trilhas", "classe_osm": "track", "comprimento_m": 101}, "geometry": {"type": "LineString", "coordinates": [[-55.8492484, -1.7794436], [-55.8494646, -1.7792596], [-55.8496127, -1.7790773], [-55.8495891, -1.7789207], [-55.8495312, -1.7788135], [-55.8494712, -1.778718]]}}, {"type": "Feature", "properties": {"nome": "Sem nome", "tipo": "Caminhos e trilhas", "classe_osm": "track", "comprimento_m": 21}, "geometry": {"type": "LineString", "coordinates": [[-55.8498198, -1.7795077], [-55.8498831, -1.7794269], [-55.8499367, -1.7793561]]}}, {"type": "Feature", "properties": {"nome": "Sem nome", "tipo": "Caminhos e trilhas", "classe_osm": "track", "comprimento_m": 159}, "geometry": {"type": "LineString", "coordinates": [[-55.8500149, -1.7794975], [-55.8501212, -1.7794312], [-55.8502607, -1.7792768], [-55.8503272, -1.7791116], [-55.8503358, -1.7789915], [-55.8502886, -1.7788264], [-55.8500762, -1.7785154], [-55.8499551, -1.7783016]]}}, {"type": "Feature", "properties": {"nome": "Sem nome", "tipo": "Caminhos e trilhas", "classe_osm": "path", "comprimento_m": 80}, "geometry": {"type": "LineString", "coordinates": [[-55.8492609, -1.7784728], [-55.8493938, -1.7784339], [-55.8495869, -1.7783631], [-55.8497543, -1.7783159], [-55.8499551, -1.7783016]]}}, {"type": "Feature", "properties": {"nome": "Sem nome", "tipo": "Caminhos e trilhas", "classe_osm": "path", "comprimento_m": 25}, "geometry": {"type": "LineString", "coordinates": [[-55.8475389, -1.777236], [-55.8475613, -1.7772491], [-55.8475236, -1.7773208], [-55.847623, -1.777382]]}}, {"type": "Feature", "properties": {"nome": "Sem nome", "tipo": "Caminhos e trilhas", "classe_osm": "path", "comprimento_m": 42}, "geometry": {"type": "LineString", "coordinates": [[-55.8474762, -1.7771951], [-55.8474892, -1.7771598], [-55.8475409, -1.7770871], [-55.8475929, -1.7770211], [-55.8476609, -1.7769603], [-55.8477101, -1.7769016]]}}, {"type": "Feature", "properties": {"nome": "Sem nome", "tipo": "Caminhos e trilhas", "classe_osm": "track", "comprimento_m": 192}, "geometry": {"type": "LineString", "coordinates": [[-55.8435483, -1.7686583], [-55.8435985, -1.7685943], [-55.843684, -1.7684589], [-55.8439144, -1.7680507], [-55.8441388, -1.7676725], [-55.8442952, -1.7673656], [-55.8444, -1.7671567]]}}, {"type": "Feature", "properties": {"nome": "Sem nome", "tipo": "Caminhos e trilhas", "classe_osm": "track", "comprimento_m": 11}, "geometry": {"type": "LineString", "coordinates": [[-55.8435058, -1.7685716], [-55.8435483, -1.7686583]]}}, {"type": "Feature", "properties": {"nome": "Sem nome", "tipo": "Caminhos e trilhas", "classe_osm": "track", "comprimento_m": 89}, "geometry": {"type": "LineString", "coordinates": [[-55.8444, -1.7671567], [-55.8444759, -1.7670326], [-55.8445973, -1.7668582], [-55.8447251, -1.766688], [-55.8448654, -1.7665108]]}}, {"type": "Feature", "properties": {"nome": "Sem nome", "tipo": "Caminhos e trilhas", "classe_osm": "track", "comprimento_m": 195}, "geometry": {"type": "LineString", "coordinates": [[-55.8435008, -1.7657766], [-55.8436777, -1.7656369], [-55.8438076, -1.765526], [-55.843941, -1.7654171], [-55.8440284, -1.7653561], [-55.8441324, -1.765287], [-55.8442234, -1.7652123], [-55.8443495, -1.7651275], [-55.8444818, -1.7650466], [-55.8446201, -1.764935], [-55.8447386, -1.764821], [-55.844873, -1.7646917]]}}, {"type": "Feature", "properties": {"nome": "Sem nome", "tipo": "Caminhos e trilhas", "classe_osm": "track", "comprimento_m": 126}, "geometry": {"type": "LineString", "coordinates": [[-55.8435017, -1.7639426], [-55.843621, -1.7637696], [-55.8437441, -1.7635877], [-55.8438477, -1.7633981], [-55.8439486, -1.7632401], [-55.8440318, -1.7631469], [-55.8440683, -1.7630954], [-55.8441516, -1.7630181]]}}, {"type": "Feature", "properties": {"nome": "Sem nome", "tipo": "Caminhos e trilhas", "classe_osm": "track", "comprimento_m": 211}, "geometry": {"type": "LineString", "coordinates": [[-55.8435074, -1.7631094], [-55.8439749, -1.7625501], [-55.8442248, -1.7622922], [-55.8443685, -1.7621235], [-55.8445893, -1.7618681], [-55.8446667, -1.7617574], [-55.8447197, -1.7616543]]}}, {"type": "Feature", "properties": {"nome": "Sem nome", "tipo": "Caminhos e trilhas", "classe_osm": "track", "comprimento_m": 126}, "geometry": {"type": "LineString", "coordinates": [[-55.8441516, -1.7630181], [-55.8442873, -1.7628619], [-55.8443554, -1.7627914], [-55.8444586, -1.7626973], [-55.8445973, -1.7625009], [-55.844766, -1.7623042], [-55.8448778, -1.7621472]]}}, {"type": "Feature", "properties": {"nome": "Sem nome", "tipo": "Caminhos e trilhas", "classe_osm": "track", "comprimento_m": 35}, "geometry": {"type": "LineString", "coordinates": [[-55.8447197, -1.7616543], [-55.8448802, -1.7613839]]}}, {"type": "Feature", "properties": {"nome": "Sem nome", "tipo": "Caminhos e trilhas", "classe_osm": "track", "comprimento_m": 148}, "geometry": {"type": "LineString", "coordinates": [[-55.8462559, -1.7591363], [-55.8461311, -1.7594536], [-55.845789, -1.7599837], [-55.8455931, -1.7602866]]}}, {"type": "Feature", "properties": {"nome": "Sem nome", "tipo": "Caminhos e trilhas", "classe_osm": "track", "comprimento_m": 25}, "geometry": {"type": "LineString", "coordinates": [[-55.846259, -1.7601078], [-55.8461131, -1.7602798]]}}, {"type": "Feature", "properties": {"nome": "Sem nome", "tipo": "Caminhos e trilhas", "classe_osm": "track", "comprimento_m": 145}, "geometry": {"type": "LineString", "coordinates": [[-55.8455931, -1.7602866], [-55.8448802, -1.7613839]]}}, {"type": "Feature", "properties": {"nome": "Sem nome", "tipo": "Caminhos e trilhas", "classe_osm": "track", "comprimento_m": 217}, "geometry": {"type": "LineString", "coordinates": [[-55.8461131, -1.7602798], [-55.8454832, -1.7610334], [-55.8454586, -1.761076], [-55.8454586, -1.7611148], [-55.8454684, -1.7611524], [-55.845489, -1.7611699], [-55.8461437, -1.7616571]]}}, {"type": "Feature", "properties": {"nome": "Sem nome", "tipo": "Caminhos e trilhas", "classe_osm": "track", "comprimento_m": 138}, "geometry": {"type": "LineString", "coordinates": [[-55.845489, -1.7611699], [-55.8454719, -1.7611946], [-55.8454603, -1.761247], [-55.8454627, -1.7613103], [-55.8454961, -1.7613989], [-55.845525, -1.7615234], [-55.8455495, -1.7616578], [-55.8455651, -1.7618429], [-55.8455692, -1.7619515], [-55.8455692, -1.7620461], [-55.8455648, -1.7621256], [-55.8455488, -1.7621834], [-55.8455094, -1.7622148], [-55.8454708, -1.7622193], [-55.8454405, -1.7622199], [-55.8454111, -1.7622394], [-55.8454072, -1.7622937]]}}, {"type": "Feature", "properties": {"nome": "Sem nome", "tipo": "Caminhos e trilhas", "classe_osm": "track", "comprimento_m": 125}, "geometry": {"type": "LineString", "coordinates": [[-55.8448778, -1.7621472], [-55.8450671, -1.7618383], [-55.8451964, -1.7616186], [-55.845297, -1.7614421], [-55.8454719, -1.7611946]]}}, {"type": "Feature", "properties": {"nome": "Sem nome", "tipo": "Caminhos e trilhas", "classe_osm": "track", "comprimento_m": 233}, "geometry": {"type": "LineString", "coordinates": [[-55.8462594, -1.7631883], [-55.8462352, -1.7632822], [-55.8461929, -1.763369], [-55.8461454, -1.7634999], [-55.8460793, -1.7636278], [-55.8460096, -1.7637245], [-55.8459405, -1.7638098], [-55.8458635, -1.7638739], [-55.8457911, -1.763943], [-55.8456995, -1.7640288], [-55.8455921, -1.7641123], [-55.845458, -1.7642191], [-55.8453538, -1.7643134], [-55.8452616, -1.7643794], [-55.845205, -1.7644142], [-55.8451001, -1.7645031], [-55.8449781, -1.764615], [-55.844873, -1.7646917]]}}, {"type": "Feature", "properties": {"nome": "Sem nome", "tipo": "Caminhos e trilhas", "classe_osm": "track", "comprimento_m": 221}, "geometry": {"type": "LineString", "coordinates": [[-55.8463311, -1.7651888], [-55.8462328, -1.7653201], [-55.8461106, -1.7654913], [-55.8459879, -1.7655941], [-55.8458407, -1.7656826], [-55.8456357, -1.765811], [-55.845496, -1.7659453], [-55.8452718, -1.7661202], [-55.845135, -1.7662399], [-55.8448654, -1.7665108]]}}, {"type": "Feature", "properties": {"nome": "Sem nome", "tipo": "Caminhos e trilhas", "classe_osm": "track", "comprimento_m": 166}, "geometry": {"type": "LineString", "coordinates": [[-55.8448737, -1.7693444], [-55.844941, -1.7694039], [-55.8450603, -1.7694633], [-55.8452176, -1.7695111], [-55.8453706, -1.7695435], [-55.845505, -1.7695823], [-55.8456085, -1.7696251], [-55.8456732, -1.7696834], [-55.8457452, -1.7697439], [-55.8458495, -1.7697627], [-55.845961, -1.7697673], [-55.8461058, -1.7697708], [-55.8461837, -1.7697775], [-55.8462523, -1.7698011]]}}, {"type": "Feature", "properties": {"nome": "Sem nome", "tipo": "Caminhos e trilhas", "classe_osm": "track", "comprimento_m": 152}, "geometry": {"type": "LineString", "coordinates": [[-55.8448828, -1.7703754], [-55.8449782, -1.7703732], [-55.8450667, -1.7703643], [-55.8451457, -1.7703451], [-55.845224, -1.7703349], [-55.845316, -1.7703349], [-55.8453884, -1.7703349], [-55.8454855, -1.7703349], [-55.8455497, -1.7703318], [-55.8456499, -1.7703289], [-55.8457237, -1.7703194], [-55.8457946, -1.7702927], [-55.8458655, -1.7702773], [-55.8459544, -1.7702691], [-55.8460307, -1.7702691], [-55.8461176, -1.7702564], [-55.8461731, -1.770242], [-55.8462357, -1.7702351]]}}, {"type": "Feature", "properties": {"nome": "Sem nome", "tipo": "Caminhos e trilhas", "classe_osm": "track", "comprimento_m": 70}, "geometry": {"type": "LineString", "coordinates": [[-55.8458055, -1.7726317], [-55.8459119, -1.7725581], [-55.8460349, -1.7724561], [-55.8461281, -1.7723582], [-55.846207, -1.7722677], [-55.8462535, -1.7721942]]}}, {"type": "Feature", "properties": {"nome": "Sem nome", "tipo": "Caminhos e trilhas", "classe_osm": "track", "comprimento_m": 62}, "geometry": {"type": "LineString", "coordinates": [[-55.8458055, -1.7726317], [-55.8457318, -1.772683], [-55.8456737, -1.772758], [-55.8454762, -1.7730781]]}}, {"type": "Feature", "properties": {"nome": "Sem nome", "tipo": "Caminhos e trilhas", "classe_osm": "path", "comprimento_m": 141}, "geometry": {"type": "LineString", "coordinates": [[-55.8480791, -1.7770256], [-55.8481866, -1.7770855], [-55.8482311, -1.7771104], [-55.8483826, -1.7771948], [-55.8484059, -1.7772215], [-55.8484089, -1.7772693], [-55.8483909, -1.7773065], [-55.8483443, -1.7773802], [-55.8483102, -1.7774011], [-55.8482574, -1.7773936], [-55.8481883, -1.7773559], [-55.8481124, -1.777312], [-55.8479489, -1.7772156], [-55.8479344, -1.7771927], [-55.8479364, -1.7771623], [-55.8479454, -1.7771427], [-55.8480079, -1.7770895], [-55.8480277, -1.7770725], [-55.8480567, -1.7770392], [-55.8480791, -1.7770256]]}}, {"type": "Feature", "properties": {"nome": "Sem nome", "tipo": "Caminhos e trilhas", "classe_osm": "path", "comprimento_m": 49}, "geometry": {"type": "LineString", "coordinates": [[-55.8483909, -1.7773065], [-55.848252, -1.7772277], [-55.8482072, -1.7772024], [-55.8481357, -1.7771618], [-55.8480079, -1.7770895]]}}, {"type": "Feature", "properties": {"nome": "Sem nome", "tipo": "Caminhos e trilhas", "classe_osm": "path", "comprimento_m": 11}, "geometry": {"type": "LineString", "coordinates": [[-55.8482311, -1.7771104], [-55.8482072, -1.7772024]]}}, {"type": "Feature", "properties": {"nome": "Sem nome", "tipo": "Caminhos e trilhas", "classe_osm": "path", "comprimento_m": 10}, "geometry": {"type": "LineString", "coordinates": [[-55.8481866, -1.7770855], [-55.8481357, -1.7771618]]}}, {"type": "Feature", "properties": {"nome": "Sem nome", "tipo": "Caminhos e trilhas", "classe_osm": "path", "comprimento_m": 18}, "geometry": {"type": "LineString", "coordinates": [[-55.848252, -1.7772277], [-55.848151, -1.7772887], [-55.8481124, -1.777312]]}}, {"type": "Feature", "properties": {"nome": "Sem nome", "tipo": "Caminhos e trilhas", "classe_osm": "path", "comprimento_m": 14}, "geometry": {"type": "LineString", "coordinates": [[-55.8481357, -1.7771618], [-55.848151, -1.7772887]]}}, {"type": "Feature", "properties": {"nome": "Sem nome", "tipo": "Caminhos e trilhas", "classe_osm": "path", "comprimento_m": 74}, "geometry": {"type": "LineString", "coordinates": [[-55.847623, -1.777382], [-55.8481874, -1.77773]]}}, {"type": "Feature", "properties": {"nome": "Sem nome", "tipo": "Vias locais", "classe_osm": "living_street", "comprimento_m": 63}, "geometry": {"type": "LineString", "coordinates": [[-55.8564117, -1.7710827], [-55.8563496, -1.7710024], [-55.8563247, -1.7709248], [-55.856293, -1.7708903], [-55.8562221, -1.7707898], [-55.8560487, -1.7706672]]}}, {"type": "Feature", "properties": {"nome": "Sem nome", "tipo": "Caminhos e trilhas", "classe_osm": "track", "comprimento_m": 321}, "geometry": {"type": "LineString", "coordinates": [[-55.8462535, -1.7721942], [-55.8463705, -1.7719978], [-55.8464429, -1.7718155], [-55.8465837, -1.7715648], [-55.8466615, -1.7713946], [-55.8468452, -1.7711426], [-55.8469833, -1.7709857], [-55.8470544, -1.7708906], [-55.8471054, -1.7707739], [-55.847166, -1.7706877], [-55.847391, -1.7703812], [-55.847892, -1.7698471]]}}, {"type": "Feature", "properties": {"nome": "Sem nome", "tipo": "Caminhos e trilhas", "classe_osm": "track", "comprimento_m": 196}, "geometry": {"type": "LineString", "coordinates": [[-55.847892, -1.7698471], [-55.847719, -1.7697892], [-55.8475969, -1.7697595], [-55.8475221, -1.7697572], [-55.8474313, -1.7697659], [-55.8473375, -1.7697853], [-55.8470745, -1.7699107], [-55.8468727, -1.769975], [-55.846575, -1.7701024], [-55.8462357, -1.7702351]]}}, {"type": "Feature", "properties": {"nome": "Sem nome", "tipo": "Caminhos e trilhas", "classe_osm": "path", "comprimento_m": 54}, "geometry": {"type": "LineString", "coordinates": [[-55.8585638, -1.7831303], [-55.8586268, -1.7832389], [-55.8586818, -1.783326], [-55.8587153, -1.7834078], [-55.8587287, -1.7834748], [-55.8587301, -1.7835713]]}}, {"type": "Feature", "properties": {"nome": "Sem nome", "tipo": "Caminhos e trilhas", "classe_osm": "path", "comprimento_m": 136}, "geometry": {"type": "LineString", "coordinates": [[-55.8579965, -1.7826383], [-55.8580193, -1.7826544], [-55.8580247, -1.7826692], [-55.8580267, -1.7827067], [-55.858032, -1.7827402], [-55.8580501, -1.7827704], [-55.8580951, -1.7828005], [-55.858148, -1.7828153], [-55.858199, -1.7828247], [-55.858252, -1.782832], [-55.8583036, -1.7828481], [-55.8583351, -1.7828582], [-55.858364, -1.7828696], [-55.8583881, -1.782885], [-55.8584042, -1.7829131], [-55.8584337, -1.7829788], [-55.8584692, -1.7830365], [-55.8585115, -1.7830861], [-55.8585638, -1.7831303], [-55.8586563, -1.783192], [-55.8587542, -1.7832335], [-55.8588508, -1.7832898], [-55.8589098, -1.783334]]}}, {"type": "Feature", "properties": {"nome": "Sem nome", "tipo": "Caminhos e trilhas", "classe_osm": "footway", "comprimento_m": 1744}, "geometry": {"type": "LineString", "coordinates": [[-55.837449, -1.7644659], [-55.8372311, -1.7642097], [-55.8368995, -1.7639313], [-55.8364331, -1.7636556], [-55.8362325, -1.7635653], [-55.8361322, -1.763435], [-55.836072, -1.7633147], [-55.8346426, -1.761896], [-55.8331347, -1.7605306], [-55.832678, -1.7601105], [-55.8323799, -1.7598816], [-55.8322022, -1.7596299], [-55.8315266, -1.758964], [-55.831143, -1.7586383], [-55.8308268, -1.7583067], [-55.830619, -1.7580091], [-55.83047, -1.7576567], [-55.8303409, -1.7574237], [-55.8302294, -1.7571995], [-55.830182, -1.7570352], [-55.8300796, -1.756841], [-55.827947, -1.7523824]]}}, {"type": "Feature", "properties": {"nome": "Sem nome", "tipo": "Caminhos e trilhas", "classe_osm": "path", "comprimento_m": 1820}, "geometry": {"type": "LineString", "coordinates": [[-55.837449, -1.7644659], [-55.8375037, -1.7632168], [-55.8375087, -1.7628327], [-55.8363965, -1.7621705], [-55.835003, -1.7607325], [-55.8312845, -1.7570203], [-55.8305313, -1.7556215], [-55.8298246, -1.754393], [-55.8285798, -1.7522375], [-55.8282479, -1.7522997], [-55.8281105, -1.752252], [-55.827947, -1.7523824]]}}, {"type": "Feature", "properties": {"nome": "Sem nome", "tipo": "Vias locais", "classe_osm": "service", "comprimento_m": 1867}, "geometry": {"type": "LineString", "coordinates": [[-55.827947, -1.7523824], [-55.8278519, -1.7526229], [-55.8282034, -1.7536344], [-55.8286379, -1.755203], [-55.8288361, -1.7553779], [-55.8290383, -1.7556988], [-55.8292764, -1.7560897], [-55.8295174, -1.7564791], [-55.829711, -1.7566784], [-55.8298671, -1.7569927], [-55.8299159, -1.7571697], [-55.8299424, -1.7572718], [-55.829865, -1.7576662], [-55.8298462, -1.7578038], [-55.82982, -1.7579275], [-55.8298435, -1.7580254], [-55.829864, -1.7584064], [-55.8299074, -1.7584981], [-55.8300106, -1.7587338], [-55.8302527, -1.7593137], [-55.8300361, -1.7599141], [-55.8296693, -1.7603859], [-55.8293123, -1.7608073], [-55.8290806, -1.7615827], [-55.8291734, -1.762226], [-55.8289532, -1.7626278], [-55.8288447, -1.7628257], [-55.8285724, -1.7639143], [-55.8285465, -1.7650943], [-55.828031, -1.7676959], [-55.8279653, -1.7680275]]}}, {"type": "Feature", "properties": {"nome": "Sem nome", "tipo": "Vias locais", "classe_osm": "service", "comprimento_m": 2071}, "geometry": {"type": "LineString", "coordinates": [[-55.8302527, -1.7593137], [-55.8303756, -1.7594416], [-55.8304188, -1.7594865], [-55.8310247, -1.7601165], [-55.8316183, -1.7609144], [-55.8316797, -1.7613236], [-55.8320686, -1.7617737], [-55.8325598, -1.7620396], [-55.8329605, -1.7625461], [-55.8332557, -1.7629194], [-55.8332148, -1.7637786], [-55.8334399, -1.7642696], [-55.8337265, -1.7646379], [-55.8343201, -1.7656199], [-55.8347294, -1.7663155], [-55.8350365, -1.766561], [-55.8354146, -1.7670113], [-55.8355032, -1.7673966], [-55.8355443, -1.767592], [-55.8355479, -1.7676709], [-55.8355081, -1.7677064], [-55.8353435, -1.7676862], [-55.8346885, -1.7675839], [-55.8345818, -1.7675511], [-55.8345043, -1.7675225], [-55.8336675, -1.7673133], [-55.8334307, -1.7673214], [-55.8331927, -1.7673289], [-55.8325378, -1.7671995], [-55.8322757, -1.767097], [-55.8322499, -1.7669942], [-55.8323882, -1.7663476], [-55.8324142, -1.7660619], [-55.8324512, -1.7657308], [-55.8322733, -1.7648629], [-55.8323142, -1.7641673], [-55.8326212, -1.7642083], [-55.8327031, -1.7637172], [-55.8327031, -1.7633899], [-55.8329605, -1.7625461]]}}, {"type": "Feature", "properties": {"nome": "Sem nome", "tipo": "Caminhos e trilhas", "classe_osm": "path", "comprimento_m": 1551}, "geometry": {"type": "LineString", "coordinates": [[-55.8289532, -1.7626278], [-55.8285347, -1.7623948], [-55.8278622, -1.76204], [-55.8274512, -1.7617787], [-55.826704, -1.7615919], [-55.8260502, -1.7611438], [-55.8249496, -1.7600221], [-55.8236724, -1.7607357], [-55.8234, -1.7636418], [-55.8232965, -1.7636645], [-55.8232161, -1.7640591], [-55.823233, -1.7643048], [-55.8228105, -1.7644389], [-55.8223406, -1.7636731], [-55.8221697, -1.7629869], [-55.8221101, -1.7628673], [-55.8221749, -1.7625659], [-55.8222963, -1.7625369], [-55.8224494, -1.7623987], [-55.8226747, -1.7619063], [-55.8227581, -1.7613228]]}}, {"type": "Feature", "properties": {"nome": "Sem nome", "tipo": "Vias locais", "classe_osm": "service", "comprimento_m": 703}, "geometry": {"type": "LineString", "coordinates": [[-55.8295787, -1.7670786], [-55.8294491, -1.7668518], [-55.8294166, -1.7667383], [-55.8292869, -1.7666087], [-55.8297409, -1.7661388], [-55.8296112, -1.7659767], [-55.8295463, -1.7661712], [-55.8292221, -1.7663656], [-55.8290438, -1.7662198], [-55.8290113, -1.7657985], [-55.8291248, -1.7653772], [-55.8293031, -1.7650369], [-55.8294491, -1.7634975], [-55.8295434, -1.7630296], [-55.8297247, -1.7622336]]}}, {"type": "Feature", "properties": {"nome": "Sem nome", "tipo": "Caminhos e trilhas", "classe_osm": "path", "comprimento_m": 216}, "geometry": {"type": "LineString", "coordinates": [[-55.828606, -1.7670462], [-55.8286547, -1.7663494], [-55.8287195, -1.7655554], [-55.8288168, -1.7651179]]}}, {"type": "Feature", "properties": {"nome": "Sem nome", "tipo": "Caminhos e trilhas", "classe_osm": "path", "comprimento_m": 1237}, "geometry": {"type": "LineString", "coordinates": [[-55.8277306, -1.7674189], [-55.8275523, -1.7669652], [-55.8271956, -1.7667383], [-55.8267255, -1.7667383], [-55.8269525, -1.7663332], [-55.8271632, -1.766074], [-55.8273578, -1.7657661], [-55.8269525, -1.765523], [-55.8267741, -1.7657499], [-55.8264499, -1.7658633], [-55.8263364, -1.766398], [-55.8261257, -1.7661712], [-55.8257042, -1.7659119], [-55.8259311, -1.7656041], [-55.8261743, -1.7651341], [-55.8263202, -1.7649073], [-55.8264175, -1.7651179], [-55.8263526, -1.7653124], [-55.8265634, -1.7653448], [-55.8267903, -1.7650855], [-55.8271146, -1.7648425], [-55.8274388, -1.7647128], [-55.8271794, -1.7626549], [-55.8273578, -1.7620392], [-55.8276496, -1.7616503]]}}, {"type": "Feature", "properties": {"nome": "Sem nome", "tipo": "Caminhos e trilhas", "classe_osm": "path", "comprimento_m": 884}, "geometry": {"type": "LineString", "coordinates": [[-55.8282494, -1.7605808], [-55.8279576, -1.7615369], [-55.8278622, -1.76204], [-55.8278117, -1.7626063], [-55.8275523, -1.76306], [-55.8277144, -1.7634813], [-55.8274874, -1.7637406], [-55.8275847, -1.7642429], [-55.827763, -1.7647777], [-55.8274388, -1.7649235], [-55.8272281, -1.7653934], [-55.8278117, -1.7659119], [-55.8280873, -1.7667545], [-55.828031, -1.7676959]]}}, {"type": "Feature", "properties": {"nome": "Sem nome", "tipo": "Caminhos e trilhas", "classe_osm": "path", "comprimento_m": 250}, "geometry": {"type": "LineString", "coordinates": [[-55.8258663, -1.7639675], [-55.8261581, -1.7642753], [-55.8249711, -1.7656562]]}}, {"type": "Feature", "properties": {"nome": "Sem nome", "tipo": "Caminhos e trilhas", "classe_osm": "path", "comprimento_m": 550}, "geometry": {"type": "LineString", "coordinates": [[-55.8223281, -1.7614442], [-55.82216, -1.7614256], [-55.8221507, -1.7616683], [-55.8219919, -1.7618457], [-55.821609, -1.7618923], [-55.8214502, -1.7624898], [-55.8212354, -1.7623965], [-55.8208431, -1.7626018], [-55.8208898, -1.7629099], [-55.8206729, -1.7628624], [-55.8206766, -1.7626556], [-55.8204099, -1.7631512], [-55.8202409, -1.7629946], [-55.8200709, -1.7633483], [-55.8198866, -1.7640102]]}}, {"type": "Feature", "properties": {"nome": "Sem nome", "tipo": "Caminhos e trilhas", "classe_osm": "path", "comprimento_m": 365}, "geometry": {"type": "LineString", "coordinates": [[-55.8211072, -1.7613621], [-55.8220827, -1.7603677], [-55.8221503, -1.7593541], [-55.8221793, -1.7586107], [-55.8220924, -1.7585142]]}}, {"type": "Feature", "properties": {"nome": "Sem nome", "tipo": "Vias locais", "classe_osm": "unclassified", "comprimento_m": 2927}, "geometry": {"type": "LineString", "coordinates": [[-55.8227581, -1.7613228], [-55.8224498, -1.7600395], [-55.8224594, -1.7596147], [-55.8223821, -1.7593251], [-55.8224401, -1.75891], [-55.8222566, -1.7585817], [-55.822189, -1.7579542], [-55.8222856, -1.7575584], [-55.8223242, -1.7572688], [-55.8226236, -1.7528569], [-55.8229327, -1.7510034], [-55.822932, -1.7508391], [-55.8234953, -1.74489], [-55.8239748, -1.7403825], [-55.8239356, -1.7394064], [-55.8236763, -1.7391637], [-55.8234351, -1.7390467], [-55.8231852, -1.7389726], [-55.8227677, -1.7389606], [-55.8223062, -1.7388955], [-55.8220014, -1.7385931], [-55.821771, -1.7382719], [-55.8216811, -1.7378254], [-55.8216695, -1.7374562], [-55.8217048, -1.7369512], [-55.8216674, -1.7366775]]}}, {"type": "Feature", "properties": {"nome": "Sem nome", "tipo": "Vias locais", "classe_osm": "unclassified", "comprimento_m": 1638}, "geometry": {"type": "LineString", "coordinates": [[-55.8558876, -1.7589206], [-55.855821, -1.7589929], [-55.8558192, -1.7591047], [-55.8558463, -1.7591769], [-55.8559275, -1.7592598], [-55.8559924, -1.7593374], [-55.8560105, -1.7594691], [-55.8560754, -1.7595881], [-55.8561693, -1.7596963], [-55.8563299, -1.759772], [-55.8564453, -1.7598225], [-55.8565139, -1.7599722], [-55.8565175, -1.7600606], [-55.8564147, -1.7603762], [-55.8562884, -1.7607982], [-55.856135, -1.7612708], [-55.8559888, -1.7615918], [-55.8558337, -1.7618497], [-55.8557121, -1.762018], [-55.8556604, -1.7620896], [-55.855296, -1.7624611], [-55.8550488, -1.7627226], [-55.8546951, -1.7630148], [-55.8541989, -1.7634097], [-55.8538579, -1.763628], [-55.8536486, -1.7638281], [-55.8532498, -1.7641618], [-55.8529431, -1.7644756], [-55.8526616, -1.7648489], [-55.8525605, -1.7650563], [-55.8524162, -1.7652493], [-55.8521852, -1.76561], [-55.8520156, -1.7658391], [-55.8517395, -1.7660861], [-55.851413, -1.7662737], [-55.8512073, -1.7664883], [-55.8510124, -1.7667048], [-55.8508193, -1.7669284], [-55.847892, -1.7698471]]}}, {"type": "Feature", "properties": {"nome": "Sem nome", "tipo": "Vias locais", "classe_osm": "unclassified", "comprimento_m": 269}, "geometry": {"type": "LineString", "coordinates": [[-55.8561693, -1.7596963], [-55.8562144, -1.7598995], [-55.8561819, -1.7601953], [-55.8561097, -1.7606101], [-55.85607, -1.7610502], [-55.8560736, -1.7612341], [-55.855922, -1.761566], [-55.8557416, -1.7619014], [-55.855728, -1.7619552], [-55.8557121, -1.762018]]}}, {"type": "Feature", "properties": {"nome": "Sem nome", "tipo": "Caminhos e trilhas", "classe_osm": "path", "comprimento_m": 213}, "geometry": {"type": "LineString", "coordinates": [[-55.8517443, -1.7817046], [-55.8520254, -1.7815884], [-55.8521361, -1.7815241], [-55.8522635, -1.7812977], [-55.8524263, -1.7809262], [-55.8525785, -1.7807564], [-55.8526776, -1.7806326], [-55.8527519, -1.7805336], [-55.852798, -1.7804133], [-55.8528691, -1.7802524]]}}, {"type": "Feature", "properties": {"nome": "Sem nome", "tipo": "Caminhos e trilhas", "classe_osm": "path", "comprimento_m": 394}, "geometry": {"type": "LineString", "coordinates": [[-55.8542791, -1.7824599], [-55.8541889, -1.782467], [-55.8540898, -1.7825112], [-55.8539756, -1.7825932], [-55.8539004, -1.7825729], [-55.8537053, -1.7825851], [-55.8535833, -1.7825241], [-55.8534512, -1.7823819], [-55.8534196, -1.7823657], [-55.853376, -1.7823433], [-55.8532174, -1.7823128], [-55.853008, -1.782323], [-55.8528515, -1.7822803], [-55.8527031, -1.782258], [-55.8524446, -1.7822453], [-55.8524951, -1.782191], [-55.852582, -1.7820928], [-55.8526477, -1.7820418], [-55.8527604, -1.7819828], [-55.852865, -1.7819091], [-55.852928, -1.7818233], [-55.8530608, -1.7817349], [-55.8531775, -1.7816812], [-55.8532995, -1.7816585], [-55.8534712, -1.7816504], [-55.85362, -1.781641], [-55.853763, -1.7815125]]}}, {"type": "Feature", "properties": {"nome": "Sem nome", "tipo": "Caminhos e trilhas", "classe_osm": "path", "comprimento_m": 29}, "geometry": {"type": "LineString", "coordinates": [[-55.856744, -1.782969], [-55.8568485, -1.7828729], [-55.8569424, -1.7827992]]}}, {"type": "Feature", "properties": {"nome": "Beco Número I", "tipo": "Vias locais", "classe_osm": "residential", "comprimento_m": 13}, "geometry": {"type": "LineString", "coordinates": [[-55.8567104, -1.7826089], [-55.8567298, -1.7826447], [-55.8567392, -1.7826755], [-55.8567439, -1.7827236]]}}, {"type": "Feature", "properties": {"nome": "Sem nome", "tipo": "Caminhos e trilhas", "classe_osm": "path", "comprimento_m": 173}, "geometry": {"type": "LineString", "coordinates": [[-55.8521361, -1.7815241], [-55.8522284, -1.7815308], [-55.8523448, -1.7814954], [-55.8524296, -1.7814809], [-55.8525551, -1.7814681], [-55.8526543, -1.7814472], [-55.8527166, -1.7814118], [-55.8527772, -1.7813919], [-55.85287, -1.7813796], [-55.8529547, -1.7813549], [-55.8530288, -1.7813394], [-55.8531108, -1.7813051], [-55.8531629, -1.7812697], [-55.8532042, -1.7811973], [-55.8532675, -1.7811179], [-55.8532991, -1.7810793], [-55.8533303, -1.7810466], [-55.8533839, -1.7810332], [-55.8534697, -1.781059], [-55.8535298, -1.781066]]}}, {"type": "Feature", "properties": {"nome": "Sem nome", "tipo": "Caminhos e trilhas", "classe_osm": "path", "comprimento_m": 84}, "geometry": {"type": "LineString", "coordinates": [[-55.85362, -1.781641], [-55.8535548, -1.7817738], [-55.8535038, -1.7819373], [-55.8534582, -1.7821343], [-55.853422, -1.782326], [-55.8534196, -1.7823657]]}}, {"type": "Feature", "properties": {"nome": "Sem nome", "tipo": "Caminhos e trilhas", "classe_osm": "track", "comprimento_m": 328}, "geometry": {"type": "LineString", "coordinates": [[-55.8467281, -1.7620491], [-55.8468688, -1.7616598], [-55.8468989, -1.7615041], [-55.8469049, -1.7614236], [-55.8469115, -1.7613358], [-55.8469065, -1.7611951], [-55.8469291, -1.7609942], [-55.8469693, -1.7607682], [-55.8469844, -1.7604693], [-55.8469743, -1.7603613], [-55.8469366, -1.7602256], [-55.846919, -1.7601528], [-55.846909, -1.7600724], [-55.8469115, -1.759874], [-55.8469291, -1.7596806], [-55.8470321, -1.7594194], [-55.8470288, -1.7593089], [-55.8470321, -1.7591657]]}}, {"type": "Feature", "properties": {"nome": "Sem nome", "tipo": "Caminhos e trilhas", "classe_osm": "track", "comprimento_m": 194}, "geometry": {"type": "LineString", "coordinates": [[-55.8482559, -1.7615242], [-55.8475171, -1.7605798], [-55.8474744, -1.7604291], [-55.8474694, -1.7602156], [-55.8474918, -1.7601466], [-55.847523, -1.7600508]]}}, {"type": "Feature", "properties": {"nome": "Sem nome", "tipo": "Caminhos e trilhas", "classe_osm": "track", "comprimento_m": 163}, "geometry": {"type": "LineString", "coordinates": [[-55.8474918, -1.7601466], [-55.8474319, -1.7601655], [-55.8473522, -1.7601906], [-55.8473038, -1.760239], [-55.8472735, -1.7603771], [-55.8472238, -1.7605492], [-55.8471511, -1.7607515], [-55.8470929, -1.7609174], [-55.8470456, -1.7610737], [-55.846979, -1.7612942], [-55.8469049, -1.7614236]]}}, {"type": "Feature", "properties": {"nome": "Sem nome", "tipo": "Caminhos e trilhas", "classe_osm": "track", "comprimento_m": 79}, "geometry": {"type": "LineString", "coordinates": [[-55.8469844, -1.7604693], [-55.847105, -1.760388], [-55.8471644, -1.7603033], [-55.8472553, -1.7601918], [-55.8473777, -1.7600549], [-55.8474347, -1.7601106], [-55.8474319, -1.7601655]]}}, {"type": "Feature", "properties": {"nome": "Sem nome", "tipo": "Caminhos e trilhas", "classe_osm": "track", "comprimento_m": 16}, "geometry": {"type": "LineString", "coordinates": [[-55.8473777, -1.7600549], [-55.8474784, -1.7599539]]}}, {"type": "Feature", "properties": {"nome": "Sem nome", "tipo": "Caminhos e trilhas", "classe_osm": "track", "comprimento_m": 12}, "geometry": {"type": "LineString", "coordinates": [[-55.847523, -1.7600508], [-55.8474784, -1.7599539]]}}, {"type": "Feature", "properties": {"nome": "Sem nome", "tipo": "Caminhos e trilhas", "classe_osm": "path", "comprimento_m": 146}, "geometry": {"type": "LineString", "coordinates": [[-55.8501105, -1.7771084], [-55.8502929, -1.7772307], [-55.8502478, -1.7772886], [-55.8501255, -1.7772328], [-55.8500418, -1.7772757], [-55.8500311, -1.7773615], [-55.8500848, -1.7774687], [-55.8502006, -1.7775374], [-55.8503101, -1.7775352], [-55.8503895, -1.7774709], [-55.8503616, -1.7773808], [-55.8502478, -1.7772886]]}}, {"type": "Feature", "properties": {"nome": "Sem nome", "tipo": "Caminhos e trilhas", "classe_osm": "path", "comprimento_m": 162}, "geometry": {"type": "LineString", "coordinates": [[-55.8501105, -1.7771084], [-55.8500461, -1.7772242], [-55.8499603, -1.7773679], [-55.8498401, -1.777576], [-55.8498745, -1.7776232], [-55.8499968, -1.7777175], [-55.8501556, -1.7778055], [-55.8502951, -1.7778977], [-55.8502521, -1.7779706], [-55.8502242, -1.7780264], [-55.8501255, -1.7779921], [-55.8500376, -1.7779427]]}}, {"type": "Feature", "properties": {"nome": "Sem nome", "tipo": "Caminhos e trilhas", "classe_osm": "path", "comprimento_m": 37}, "geometry": {"type": "LineString", "coordinates": [[-55.8498401, -1.777576], [-55.8497264, -1.7777712], [-55.849823, -1.7778076]]}}, {"type": "Feature", "properties": {"nome": "Sem nome", "tipo": "Caminhos e trilhas", "classe_osm": "path", "comprimento_m": 120}, "geometry": {"type": "LineString", "coordinates": [[-55.8502929, -1.7772307], [-55.850408, -1.7773073], [-55.8505303, -1.7774146], [-55.8506591, -1.7775068], [-55.8507127, -1.7775561], [-55.8506462, -1.777644], [-55.8505196, -1.7777491], [-55.8504188, -1.7778135], [-55.8502951, -1.7778977]]}}, {"type": "Feature", "properties": {"nome": "Sem nome", "tipo": "Vias locais", "classe_osm": "residential", "comprimento_m": 229}, "geometry": {"type": "LineString", "coordinates": [[-55.8476334, -1.7598386], [-55.8489984, -1.7613833]]}}, {"type": "Feature", "properties": {"nome": "Sem nome", "tipo": "Caminhos e trilhas", "classe_osm": "path", "comprimento_m": 46}, "geometry": {"type": "LineString", "coordinates": [[-55.8583059, -1.7841886], [-55.8582452, -1.784158], [-55.858204, -1.7841477], [-55.8581786, -1.7841346], [-55.8581651, -1.7841069], [-55.858126, -1.7840806], [-55.8580791, -1.784047], [-55.8580328, -1.7840216], [-55.8579847, -1.7840109], [-55.857955, -1.7839895]]}}, {"type": "Feature", "properties": {"nome": "Sem nome", "tipo": "Caminhos e trilhas", "classe_osm": "path", "comprimento_m": 21}, "geometry": {"type": "LineString", "coordinates": [[-55.8583626, -1.784006], [-55.8583426, -1.7840559], [-55.8583278, -1.7840816], [-55.8583158, -1.7841237], [-55.8583078, -1.7841578], [-55.8583059, -1.7841886]]}}, {"type": "Feature", "properties": {"nome": "Sem nome", "tipo": "Caminhos e trilhas", "classe_osm": "path", "comprimento_m": 37}, "geometry": {"type": "LineString", "coordinates": [[-55.8585263, -1.7837396], [-55.8585019, -1.7837877], [-55.8584814, -1.7838393], [-55.8584519, -1.7838543], [-55.8584184, -1.783867], [-55.8583924, -1.7839045], [-55.858381, -1.7839473], [-55.8583626, -1.784006]]}}, {"type": "Feature", "properties": {"nome": "Sem nome", "tipo": "Vias locais", "classe_osm": "service", "comprimento_m": 79}, "geometry": {"type": "LineString", "coordinates": [[-55.8295434, -1.7630296], [-55.8289532, -1.7626278]]}}, {"type": "Feature", "properties": {"nome": "Sem nome", "tipo": "Caminhos e trilhas", "classe_osm": "path", "comprimento_m": 338}, "geometry": {"type": "LineString", "coordinates": [[-55.8323142, -1.7641673], [-55.8318037, -1.7641125], [-55.831318, -1.7638698], [-55.830851, -1.7637951], [-55.8303653, -1.7635337], [-55.8295434, -1.7630296]]}}, {"type": "Feature", "properties": {"nome": "Sem nome", "tipo": "Vias locais", "classe_osm": "residential", "comprimento_m": 167}, "geometry": {"type": "LineString", "coordinates": [[-55.8540088, -1.7797759], [-55.8537831, -1.7802256], [-55.8537113, -1.7804047], [-55.8537045, -1.7804218], [-55.8535995, -1.7807289], [-55.8535803, -1.7807927], [-55.8535298, -1.781066], [-55.8535199, -1.7811196], [-55.8535011, -1.781184]]}}, {"type": "Feature", "properties": {"nome": "Rua Trinta e Um de Março", "tipo": "Vias locais", "classe_osm": "residential", "comprimento_m": 2653}, "geometry": {"type": "LineString", "coordinates": [[-55.871598, -1.7411334], [-55.8713016, -1.7416401], [-55.8710281, -1.7420391], [-55.8706062, -1.7426991], [-55.8704753, -1.7428749], [-55.870409, -1.7429639], [-55.8698948, -1.7434645], [-55.8694986, -1.743803], [-55.8693959, -1.7438907], [-55.869011, -1.7442527], [-55.8687045, -1.744519], [-55.8675008, -1.7456638], [-55.8664965, -1.7465933], [-55.8653564, -1.747659], [-55.8642442, -1.748693], [-55.8631872, -1.7496894], [-55.8621177, -1.750695], [-55.8618374, -1.7509604], [-55.8610891, -1.7516655], [-55.86001, -1.752686], [-55.8585701, -1.7540061], [-55.8575135, -1.7550463], [-55.8560698, -1.7565304], [-55.8547162, -1.7579199]]}}, {"type": "Feature", "properties": {"nome": "Rua Altíno Bentes Guimarães", "tipo": "Vias locais", "classe_osm": "residential", "comprimento_m": 2180}, "geometry": {"type": "LineString", "coordinates": [[-55.8675838, -1.7432414], [-55.8673798, -1.7434368], [-55.8662969, -1.744474], [-55.865352, -1.7453909], [-55.8643396, -1.7464199], [-55.8632099, -1.7474681], [-55.8620868, -1.7485566], [-55.8610371, -1.749564], [-55.860554, -1.7500435], [-55.860045, -1.7505476], [-55.8589888, -1.7515786], [-55.857539, -1.7529762], [-55.8565162, -1.7539826], [-55.8550314, -1.755418], [-55.8536128, -1.7568391], [-55.8535993, -1.756875], [-55.8536024, -1.7569058], [-55.8536205, -1.756948]]}}, {"type": "Feature", "properties": {"nome": "Rua Primeiro de Maio", "tipo": "Vias principais", "classe_osm": "tertiary", "comprimento_m": 1367}, "geometry": {"type": "LineString", "coordinates": [[-55.8647146, -1.7447329], [-55.8637122, -1.7456723], [-55.8625581, -1.7468292], [-55.8614865, -1.7479372], [-55.8609644, -1.7484377], [-55.8604595, -1.7489463], [-55.8594643, -1.7499169], [-55.8584163, -1.7509571], [-55.8569459, -1.7523676], [-55.8559359, -1.7533378]]}}, {"type": "Feature", "properties": {"nome": "Avenida Dom Floriano Loewenau", "tipo": "Vias locais", "classe_osm": "residential", "comprimento_m": 2548}, "geometry": {"type": "LineString", "coordinates": [[-55.872132, -1.7428097], [-55.8718649, -1.7432111], [-55.8715993, -1.7436575], [-55.8715148, -1.7437808], [-55.871433, -1.743876], [-55.8713552, -1.7439604], [-55.8701214, -1.7452028], [-55.8686205, -1.7465514], [-55.8675521, -1.7476281], [-55.8663201, -1.7487806], [-55.8652465, -1.7497801], [-55.8642029, -1.750793], [-55.8631252, -1.7517962], [-55.8621179, -1.7527625], [-55.8610286, -1.7537948], [-55.8596616, -1.755085], [-55.8585871, -1.7561329], [-55.8585241, -1.7561898], [-55.8570831, -1.7576257], [-55.8558467, -1.758888]]}}, {"type": "Feature", "properties": {"nome": "Travessa da Granja", "tipo": "Vias locais", "classe_osm": "residential", "comprimento_m": 1239}, "geometry": {"type": "LineString", "coordinates": [[-55.8638263, -1.7481985], [-55.8642442, -1.748693], [-55.864723, -1.7492407], [-55.8652465, -1.7497801], [-55.8657494, -1.7503183], [-55.8663189, -1.7509162], [-55.8673699, -1.7519087], [-55.8679462, -1.7524561], [-55.8686875, -1.7531743], [-55.8695363, -1.7541266], [-55.8706841, -1.7553338], [-55.8715239, -1.7562479]]}}, {"type": "Feature", "properties": {"nome": "Travessa Luiz Inácio Lula da Silva", "tipo": "Vias principais", "classe_osm": "tertiary", "comprimento_m": 1103}, "geometry": {"type": "LineString", "coordinates": [[-55.8647146, -1.7447329], [-55.865352, -1.7453909], [-55.8660105, -1.7460513], [-55.8664965, -1.7465933], [-55.867026, -1.7471032], [-55.8675521, -1.7476281], [-55.8680369, -1.7481654], [-55.8686288, -1.7487833], [-55.8695028, -1.749688], [-55.8699558, -1.7501541], [-55.8708523, -1.7510708], [-55.8714294, -1.7517977], [-55.8715364, -1.7519342]]}}, {"type": "Feature", "properties": {"nome": "Rua Aciole Ramos", "tipo": "Vias locais", "classe_osm": "residential", "comprimento_m": 520}, "geometry": {"type": "LineString", "coordinates": [[-55.8718997, -1.7454608], [-55.8718816, -1.7454712], [-55.8718697, -1.7454833], [-55.8712552, -1.7462351], [-55.8707117, -1.7468342], [-55.8703384, -1.747151], [-55.8697643, -1.7476224], [-55.8695856, -1.7477985], [-55.8691684, -1.7482088], [-55.8686288, -1.7487833]]}}, {"type": "Feature", "properties": {"nome": "Travessa Guadalupe", "tipo": "Vias locais", "classe_osm": "residential", "comprimento_m": 1706}, "geometry": {"type": "LineString", "coordinates": [[-55.862091, -1.743852], [-55.8631199, -1.744985], [-55.8634832, -1.7454093], [-55.8637122, -1.7456723], [-55.8643396, -1.7464199], [-55.8649193, -1.747098], [-55.8653564, -1.747659], [-55.8658034, -1.7482363], [-55.8663201, -1.7487806], [-55.8668288, -1.749307], [-55.8674491, -1.7498627], [-55.8683956, -1.7508423], [-55.8689025, -1.7513599], [-55.8697392, -1.7521974], [-55.8705183, -1.7530592], [-55.8717163, -1.7542459], [-55.8724029, -1.7548879], [-55.8725661, -1.7550405]]}}, {"type": "Feature", "properties": {"nome": "Travessa João Estumano", "tipo": "Vias locais", "classe_osm": "residential", "comprimento_m": 2014}, "geometry": {"type": "LineString", "coordinates": [[-55.8579583, -1.7442346], [-55.857973, -1.7442547], [-55.8582728, -1.7444966], [-55.8585478, -1.744775], [-55.8591184, -1.7453966], [-55.8598097, -1.7460932], [-55.8602123, -1.7465077], [-55.8609, -1.7472687], [-55.8614865, -1.7479372], [-55.8620868, -1.7485566], [-55.8631872, -1.7496894], [-55.8633547, -1.7498782], [-55.8636823, -1.7502473], [-55.8642029, -1.750793], [-55.86471, -1.7513259], [-55.8652518, -1.7519002], [-55.8663495, -1.7529632], [-55.8669721, -1.7535863], [-55.8676228, -1.7542093], [-55.8682395, -1.7548976], [-55.8685218, -1.7552118], [-55.8693762, -1.756163], [-55.8696132, -1.7564266], [-55.8703633, -1.7572329], [-55.8704563, -1.7573329]]}}, {"type": "Feature", "properties": {"nome": "Travessa Carlos Calderaro", "tipo": "Vias locais", "classe_osm": "residential", "comprimento_m": 2070}, "geometry": {"type": "LineString", "coordinates": [[-55.8575553, -1.7454832], [-55.8575789, -1.7456218], [-55.8578029, -1.7459112], [-55.8580497, -1.7462265], [-55.8587803, -1.7470818], [-55.8592048, -1.7475355], [-55.8598754, -1.7482828], [-55.8604595, -1.7489463], [-55.8610371, -1.749564], [-55.8621177, -1.750695], [-55.862623, -1.7512602], [-55.8631252, -1.7517962], [-55.8636413, -1.7523449], [-55.8641699, -1.7528901], [-55.8653236, -1.7540247], [-55.8660082, -1.7547008], [-55.8665633, -1.7552573], [-55.8675618, -1.7562657], [-55.8686256, -1.7573783], [-55.869584, -1.7584202], [-55.8702301, -1.7590833]]}}, {"type": "Feature", "properties": {"nome": "Rua João Batista de Oliveira", "tipo": "Vias locais", "classe_osm": "residential", "comprimento_m": 160}, "geometry": {"type": "LineString", "coordinates": [[-55.8592048, -1.7475355], [-55.8596994, -1.7470382], [-55.8602123, -1.7465077]]}}, {"type": "Feature", "properties": {"nome": "Sem nome", "tipo": "Vias locais", "classe_osm": "residential", "comprimento_m": 493}, "geometry": {"type": "LineString", "coordinates": [[-55.8670122, -1.7451097], [-55.8660105, -1.7460513], [-55.8649193, -1.747098], [-55.8638263, -1.7481985]]}}, {"type": "Feature", "properties": {"nome": "Travessa Luiz Inácio Lula da Silva", "tipo": "Vias principais", "classe_osm": "tertiary", "comprimento_m": 196}, "geometry": {"type": "LineString", "coordinates": [[-55.8715364, -1.7519342], [-55.8719797, -1.7524092], [-55.8727606, -1.753201]]}}, {"type": "Feature", "properties": {"nome": "Rua Décima Oitava", "tipo": "Vias locais", "classe_osm": "residential", "comprimento_m": 1151}, "geometry": {"type": "LineString", "coordinates": [[-55.8587803, -1.7470818], [-55.8598097, -1.7460932], [-55.8598606, -1.745998], [-55.8599196, -1.745931], [-55.8600283, -1.7458251], [-55.8601584, -1.7457272], [-55.8602563, -1.7456468], [-55.8607149, -1.7451679], [-55.8611179, -1.7448143], [-55.8612913, -1.7446796], [-55.861363, -1.7446173], [-55.861427, -1.7445509], [-55.8615337, -1.7444356], [-55.8616751, -1.7442982], [-55.8617757, -1.7442037], [-55.8618696, -1.7440952], [-55.862091, -1.743852], [-55.8624542, -1.7434635], [-55.862957, -1.7429753], [-55.8635818, -1.7423026], [-55.8637322, -1.7421475], [-55.8644751, -1.74148], [-55.8647317, -1.7412134], [-55.8655402, -1.7403105], [-55.8656464, -1.7401631], [-55.8657891, -1.7399424], [-55.8659378, -1.739762], [-55.8659966, -1.7396971]]}}, {"type": "Feature", "properties": {"nome": "Travessa da Granja", "tipo": "Vias locais", "classe_osm": "residential", "comprimento_m": 484}, "geometry": {"type": "LineString", "coordinates": [[-55.8607149, -1.7451679], [-55.8616403, -1.7459819], [-55.8625581, -1.7468292], [-55.8632099, -1.7474681], [-55.8638263, -1.7481985]]}}, {"type": "Feature", "properties": {"nome": "Rua Braz Antônio Mileo", "tipo": "Vias locais", "classe_osm": "residential", "comprimento_m": 898}, "geometry": {"type": "LineString", "coordinates": [[-55.8747479, -1.752845], [-55.8738331, -1.7520724], [-55.8733938, -1.7516861], [-55.8724719, -1.7508991], [-55.8720571, -1.7505774], [-55.8718148, -1.7503895], [-55.8716049, -1.7502267], [-55.8706041, -1.7493934], [-55.8701323, -1.749012], [-55.8691684, -1.7482088], [-55.8685575, -1.7476626]]}}, {"type": "Feature", "properties": {"nome": "Rua Tancredo Neves", "tipo": "Vias locais", "classe_osm": "residential", "comprimento_m": 1346}, "geometry": {"type": "LineString", "coordinates": [[-55.8660082, -1.7547008], [-55.8669721, -1.7535863], [-55.8679462, -1.7524561], [-55.8689025, -1.7513599], [-55.8699558, -1.7501541], [-55.8706041, -1.7493934], [-55.8710709, -1.7488438], [-55.871527, -1.7483417], [-55.8724629, -1.7472923], [-55.8727283, -1.746984], [-55.8733557, -1.7462391], [-55.8738232, -1.7454668]]}}, {"type": "Feature", "properties": {"nome": "Rua Hilário Matos", "tipo": "Vias locais", "classe_osm": "residential", "comprimento_m": 1868}, "geometry": {"type": "LineString", "coordinates": [[-55.8615523, -1.7543521], [-55.8626218, -1.7532847], [-55.8636413, -1.7523449], [-55.86471, -1.7513259], [-55.8657494, -1.7503183], [-55.8668288, -1.749307], [-55.8680369, -1.7481654], [-55.8685575, -1.7476626], [-55.8693708, -1.7468453], [-55.8697756, -1.7464642], [-55.8705353, -1.7456137], [-55.8712734, -1.744868], [-55.8717683, -1.7443206], [-55.8720352, -1.7440596], [-55.8721679, -1.7439296], [-55.8722701, -1.7438055], [-55.8724482, -1.7435529], [-55.8726629, -1.7431803], [-55.873156, -1.7422902]]}}, {"type": "Feature", "properties": {"nome": "Rua Urua Tapera", "tipo": "Vias locais", "classe_osm": "residential", "comprimento_m": 2108}, "geometry": {"type": "LineString", "coordinates": [[-55.8715429, -1.7423985], [-55.8710004, -1.7432219], [-55.8707662, -1.7434923], [-55.8702207, -1.7440409], [-55.8696612, -1.7445846], [-55.8692243, -1.7449798], [-55.8686382, -1.7455248], [-55.8680475, -1.7461074], [-55.867026, -1.7471032], [-55.8658034, -1.7482363], [-55.864723, -1.7492407], [-55.8641776, -1.7497682], [-55.8636823, -1.7502473], [-55.862623, -1.7512602], [-55.861618, -1.7521965], [-55.8605299, -1.7532337], [-55.8591292, -1.7545534], [-55.8580652, -1.7555685], [-55.8580009, -1.7556288]]}}, {"type": "Feature", "properties": {"nome": "Rua João Batista de Oliveira", "tipo": "Vias locais", "classe_osm": "residential", "comprimento_m": 843}, "geometry": {"type": "LineString", "coordinates": [[-55.8617448, -1.7464477], [-55.8609, -1.7472687], [-55.8604145, -1.7477553], [-55.8598754, -1.7482828], [-55.8593591, -1.7488143], [-55.8588803, -1.749313], [-55.8578222, -1.7503291], [-55.8562994, -1.7517287]]}}, {"type": "Feature", "properties": {"nome": "Travessa da Granja", "tipo": "Vias locais", "classe_osm": "residential", "comprimento_m": 116}, "geometry": {"type": "LineString", "coordinates": [[-55.8715239, -1.7562479], [-55.8716057, -1.7563025], [-55.8717434, -1.7563945], [-55.8718923, -1.7564939], [-55.8721354, -1.7566562], [-55.8722931, -1.7567615], [-55.8723542, -1.7568023], [-55.8723932, -1.7568283]]}}, {"type": "Feature", "properties": {"nome": "Sem nome", "tipo": "Vias locais", "classe_osm": "residential", "comprimento_m": 117}, "geometry": {"type": "LineString", "coordinates": [[-55.8638263, -1.7481985], [-55.8630617, -1.7489188]]}}, {"type": "Feature", "properties": {"nome": "Rua Décima Nona", "tipo": "Vias locais", "classe_osm": "residential", "comprimento_m": 747}, "geometry": {"type": "LineString", "coordinates": [[-55.8567975, -1.7471352], [-55.8580497, -1.7462265], [-55.8591184, -1.7453966], [-55.8600135, -1.7444866], [-55.8602348, -1.7442788], [-55.8607209, -1.7437694], [-55.8609174, -1.7435315], [-55.8611293, -1.7432071], [-55.8612902, -1.742876], [-55.8614344, -1.7425415], [-55.8614713, -1.7424403]]}}, {"type": "Feature", "properties": {"nome": "Rua João Batista de Oliveira", "tipo": "Vias locais", "classe_osm": "residential", "comprimento_m": 806}, "geometry": {"type": "LineString", "coordinates": [[-55.8671774, -1.7405135], [-55.8669557, -1.7407111], [-55.8667544, -1.7409002], [-55.8666886, -1.7409621], [-55.8665062, -1.7411926], [-55.866341, -1.7414178], [-55.8661747, -1.7416119], [-55.8659093, -1.741964], [-55.8658272, -1.742073], [-55.8656073, -1.7423358], [-55.8650409, -1.743193], [-55.8648187, -1.7434095], [-55.8640823, -1.7440887], [-55.8631199, -1.744985], [-55.8622973, -1.7458388]]}}, {"type": "Feature", "properties": {"nome": "Rua Pedro Carlos de Oliveira", "tipo": "Vias locais", "classe_osm": "residential", "comprimento_m": 123}, "geometry": {"type": "LineString", "coordinates": [[-55.8725661, -1.7550405], [-55.8727352, -1.7551854], [-55.8728452, -1.7551001], [-55.8733961, -1.7545926]]}}, {"type": "Feature", "properties": {"nome": "Rua Marechal Castelo Branco", "tipo": "Vias locais", "classe_osm": "residential", "comprimento_m": 741}, "geometry": {"type": "LineString", "coordinates": [[-55.8715364, -1.7519342], [-55.872249, -1.7511458], [-55.8724719, -1.7508991], [-55.8735488, -1.7497307], [-55.8743603, -1.7488501], [-55.8746014, -1.7485857], [-55.874999, -1.7481497], [-55.8752023, -1.7479268], [-55.8752915, -1.7478285], [-55.8759952, -1.746976]]}}, {"type": "Feature", "properties": {"nome": "Sem nome", "tipo": "Vias locais", "classe_osm": "residential", "comprimento_m": 241}, "geometry": {"type": "LineString", "coordinates": [[-55.8686205, -1.7465514], [-55.8680475, -1.7461074], [-55.8675008, -1.7456638], [-55.8671412, -1.7453009], [-55.8670122, -1.7451097]]}}, {"type": "Feature", "properties": {"nome": "Sem nome", "tipo": "Vias locais", "classe_osm": "residential", "comprimento_m": 504}, "geometry": {"type": "LineString", "coordinates": [[-55.8635818, -1.7423026], [-55.8642742, -1.7426189], [-55.8644968, -1.7427339], [-55.8647571, -1.7428795], [-55.8650409, -1.743193], [-55.8656372, -1.7437716], [-55.8662969, -1.744474], [-55.8667819, -1.7448924], [-55.8668421, -1.7448791], [-55.8669083, -1.7449421], [-55.8669079, -1.7450058], [-55.8670122, -1.7451097]]}}, {"type": "Feature", "properties": {"nome": "Sem nome", "tipo": "Vias locais", "classe_osm": "residential", "comprimento_m": 317}, "geometry": {"type": "LineString", "coordinates": [[-55.8670122, -1.7451097], [-55.8676042, -1.7445744], [-55.8681771, -1.7440054], [-55.868535, -1.7435485], [-55.8690306, -1.7430979]]}}, {"type": "Feature", "properties": {"nome": "Travessa Murici", "tipo": "Vias locais", "classe_osm": "residential", "comprimento_m": 441}, "geometry": {"type": "LineString", "coordinates": [[-55.8697756, -1.7464642], [-55.8703384, -1.747151], [-55.8710497, -1.7479336], [-55.871527, -1.7483417], [-55.8726404, -1.7491768]]}}, {"type": "Feature", "properties": {"nome": "Travessa do Janaui", "tipo": "Vias locais", "classe_osm": "residential", "comprimento_m": 132}, "geometry": {"type": "LineString", "coordinates": [[-55.8743603, -1.7488501], [-55.8749279, -1.7492741], [-55.8753072, -1.7495672]]}}, {"type": "Feature", "properties": {"nome": "Travessa do Janaui", "tipo": "Vias locais", "classe_osm": "residential", "comprimento_m": 622}, "geometry": {"type": "LineString", "coordinates": [[-55.8743603, -1.7488501], [-55.8735792, -1.7482091], [-55.8730482, -1.7477726], [-55.8724629, -1.7472923], [-55.8720955, -1.746925], [-55.8712552, -1.7462351], [-55.8705353, -1.7456137], [-55.8701214, -1.7452028]]}}, {"type": "Feature", "properties": {"nome": "Sem nome", "tipo": "Vias locais", "classe_osm": "residential", "comprimento_m": 722}, "geometry": {"type": "LineString", "coordinates": [[-55.8771629, -1.7492281], [-55.8764891, -1.7487371], [-55.8754081, -1.7479231], [-55.8752915, -1.7478285], [-55.8750966, -1.7476705], [-55.8745661, -1.7472212], [-55.8739891, -1.7467045], [-55.8738914, -1.7466333], [-55.873549, -1.7463728], [-55.8733557, -1.7462391], [-55.8728248, -1.7459599], [-55.87194, -1.7454678], [-55.8719185, -1.7454611], [-55.8718997, -1.7454608]]}}, {"type": "Feature", "properties": {"nome": "Sem nome", "tipo": "Vias locais", "classe_osm": "residential", "comprimento_m": 77}, "geometry": {"type": "LineString", "coordinates": [[-55.8637744, -1.7556492], [-55.8633101, -1.7551304]]}}, {"type": "Feature", "properties": {"nome": "Sem nome", "tipo": "Vias locais", "classe_osm": "residential", "comprimento_m": 471}, "geometry": {"type": "LineString", "coordinates": [[-55.8647317, -1.7412134], [-55.8647007, -1.7411669], [-55.8646859, -1.7411226], [-55.8646779, -1.7410717], [-55.8646604, -1.7408344], [-55.8646564, -1.7404886], [-55.8646645, -1.7404175], [-55.8647851, -1.7397258], [-55.86493, -1.7391682], [-55.8649743, -1.7389712], [-55.8650145, -1.7387379], [-55.8650863, -1.7383151], [-55.8651071, -1.7381923], [-55.8651567, -1.7370328]]}}, {"type": "Feature", "properties": {"nome": "Sem nome", "tipo": "Vias locais", "classe_osm": "residential", "comprimento_m": 268}, "geometry": {"type": "LineString", "coordinates": [[-55.8692243, -1.7449798], [-55.8687045, -1.744519], [-55.8681771, -1.7440054], [-55.8673798, -1.7434368]]}}, {"type": "Feature", "properties": {"nome": "Rua Doutor Lauro Sodre", "tipo": "Vias locais", "classe_osm": "residential", "comprimento_m": 122}, "geometry": {"type": "LineString", "coordinates": [[-55.8769148, -1.7482543], [-55.8764891, -1.7487371], [-55.8761931, -1.7490765]]}}, {"type": "Feature", "properties": {"nome": "Sem nome", "tipo": "Vias locais", "classe_osm": "residential", "comprimento_m": 226}, "geometry": {"type": "LineString", "coordinates": [[-55.8607149, -1.7451679], [-55.8600135, -1.7444866], [-55.8592353, -1.7437765]]}}, {"type": "Feature", "properties": {"nome": "Sem nome", "tipo": "Vias locais", "classe_osm": "residential", "comprimento_m": 122}, "geometry": {"type": "LineString", "coordinates": [[-55.8705153, -1.741683], [-55.8710126, -1.740899], [-55.8710646, -1.740817], [-55.8710917, -1.740754]]}}, {"type": "Feature", "properties": {"nome": "Rua Urua Tapera", "tipo": "Vias locais", "classe_osm": "residential", "comprimento_m": 117}, "geometry": {"type": "LineString", "coordinates": [[-55.8721197, -1.7415154], [-55.8715429, -1.7423985]]}}, {"type": "Feature", "properties": {"nome": "Avenida Dom Floriano Loewenau", "tipo": "Vias locais", "classe_osm": "residential", "comprimento_m": 116}, "geometry": {"type": "LineString", "coordinates": [[-55.8726937, -1.741931], [-55.872132, -1.7428097]]}}, {"type": "Feature", "properties": {"nome": "Rua Hilário Matos", "tipo": "Vias locais", "classe_osm": "residential", "comprimento_m": 286}, "geometry": {"type": "LineString", "coordinates": [[-55.873156, -1.7422902], [-55.8731309, -1.7422567], [-55.8726937, -1.741931], [-55.8721197, -1.7415154], [-55.872028, -1.7414483], [-55.8720094, -1.7414347], [-55.8716147, -1.7411456], [-55.871598, -1.7411334], [-55.8711476, -1.7408018], [-55.8710917, -1.740754]]}}, {"type": "Feature", "properties": {"nome": "Sem nome", "tipo": "Vias locais", "classe_osm": "residential", "comprimento_m": 158}, "geometry": {"type": "LineString", "coordinates": [[-55.8730482, -1.7477726], [-55.8738914, -1.7466333]]}}, {"type": "Feature", "properties": {"nome": "Sem nome", "tipo": "Vias locais", "classe_osm": "residential", "comprimento_m": 217}, "geometry": {"type": "LineString", "coordinates": [[-55.8694986, -1.743803], [-55.8690306, -1.7430979], [-55.86889, -1.7429016], [-55.8686636, -1.7427232], [-55.8684088, -1.7425972], [-55.868146, -1.7424792]]}}, {"type": "Feature", "properties": {"nome": "Sem nome", "tipo": "Vias locais", "classe_osm": "residential", "comprimento_m": 981}, "geometry": {"type": "LineString", "coordinates": [[-55.8721679, -1.7439296], [-55.872172, -1.743872], [-55.8721686, -1.7438519], [-55.8721592, -1.7438324], [-55.8721451, -1.743815], [-55.8721237, -1.7438043], [-55.8720955, -1.7437956], [-55.8720439, -1.7437889], [-55.8717918, -1.7437781], [-55.8717656, -1.7437728], [-55.8717475, -1.7437627], [-55.871712, -1.7437413], [-55.8715993, -1.7436575], [-55.8710004, -1.7432219], [-55.8704753, -1.7428749], [-55.8699789, -1.7425201], [-55.8694973, -1.7421775], [-55.8688598, -1.7417248], [-55.8681949, -1.7412353], [-55.8675304, -1.7407567], [-55.8674103, -1.740674], [-55.8671774, -1.7405135], [-55.866141, -1.7397996], [-55.8659966, -1.7396971], [-55.8654861, -1.7393346], [-55.8649743, -1.7389712]]}}, {"type": "Feature", "properties": {"nome": "Sem nome", "tipo": "Vias locais", "classe_osm": "residential", "comprimento_m": 353}, "geometry": {"type": "LineString", "coordinates": [[-55.8726629, -1.7431803], [-55.872132, -1.7428097], [-55.8715429, -1.7423985], [-55.8710281, -1.7420391], [-55.8705153, -1.741683], [-55.8700602, -1.7413649]]}}, {"type": "Feature", "properties": {"nome": "Rua Marechal Castelo Branco", "tipo": "Vias locais", "classe_osm": "service", "comprimento_m": 590}, "geometry": {"type": "LineString", "coordinates": [[-55.8759952, -1.746976], [-55.876028, -1.7469345], [-55.8763239, -1.7465596], [-55.876803, -1.7459527], [-55.8773293, -1.745286], [-55.877395, -1.7452014], [-55.8783439, -1.7439785], [-55.8785025, -1.7437742], [-55.8789921, -1.7431432], [-55.8792651, -1.7427915]]}}, {"type": "Feature", "properties": {"nome": "Avenida Independência", "tipo": "Vias locais", "classe_osm": "residential", "comprimento_m": 85}, "geometry": {"type": "LineString", "coordinates": [[-55.8707732, -1.7587821], [-55.8707598, -1.7588116], [-55.870615, -1.7590485], [-55.8705854, -1.7591011], [-55.8705647, -1.7591172], [-55.8705372, -1.7591306], [-55.8704956, -1.7591347], [-55.8702, -1.7591176]]}}, {"type": "Feature", "properties": {"nome": "Avenida Independência", "tipo": "Vias locais", "classe_osm": "residential", "comprimento_m": 25}, "geometry": {"type": "LineString", "coordinates": [[-55.8706351, -1.7586541], [-55.8706646, -1.7586501], [-55.8706968, -1.7586541], [-55.870739, -1.7586776], [-55.8707672, -1.7587044], [-55.8707759, -1.7587312], [-55.8707772, -1.7587613], [-55.8707732, -1.7587821]]}}, {"type": "Feature", "properties": {"nome": "Sem nome", "tipo": "Caminhos e trilhas", "classe_osm": "track", "comprimento_m": 868}, "geometry": {"type": "LineString", "coordinates": [[-55.8743191, -1.7339872], [-55.87286, -1.7386736], [-55.8721579, -1.7410336], [-55.872028, -1.7414483]]}}, {"type": "Feature", "properties": {"nome": "Sem nome", "tipo": "Vias locais", "classe_osm": "service", "comprimento_m": 521}, "geometry": {"type": "LineString", "coordinates": [[-55.8725059, -1.7331936], [-55.8710329, -1.7376406]]}}, {"type": "Feature", "properties": {"nome": "Sem nome", "tipo": "Vias locais", "classe_osm": "service", "comprimento_m": 518}, "geometry": {"type": "LineString", "coordinates": [[-55.8681071, -1.7321427], [-55.8677197, -1.7328825], [-55.8676281, -1.7330575], [-55.8675394, -1.7332799], [-55.8671761, -1.7341764], [-55.8671296, -1.7342911], [-55.8670538, -1.7344099], [-55.8670198, -1.734502], [-55.8661866, -1.7363787]]}}, {"type": "Feature", "properties": {"nome": "Sem nome", "tipo": "Vias locais", "classe_osm": "residential", "comprimento_m": 235}, "geometry": {"type": "LineString", "coordinates": [[-55.8651071, -1.7381923], [-55.8651996, -1.7380891], [-55.8658627, -1.73694], [-55.8661866, -1.7363787]]}}, {"type": "Feature", "properties": {"nome": "Sem nome", "tipo": "Vias locais", "classe_osm": "residential", "comprimento_m": 332}, "geometry": {"type": "LineString", "coordinates": [[-55.8647851, -1.7397258], [-55.8641038, -1.7395764], [-55.8628848, -1.739309], [-55.8618602, -1.7391106]]}}, {"type": "Feature", "properties": {"nome": "Sem nome", "tipo": "Caminhos e trilhas", "classe_osm": "track", "comprimento_m": 238}, "geometry": {"type": "LineString", "coordinates": [[-55.8637322, -1.7421475], [-55.8636627, -1.7420811], [-55.8635688, -1.7420275], [-55.8617556, -1.7413545]]}}, {"type": "Feature", "properties": {"nome": "Sem nome", "tipo": "Vias locais", "classe_osm": "residential", "comprimento_m": 85}, "geometry": {"type": "LineString", "coordinates": [[-55.8653894, -1.7416094], [-55.8653511, -1.741585], [-55.8647317, -1.7412134]]}}, {"type": "Feature", "properties": {"nome": "Sem nome", "tipo": "Vias locais", "classe_osm": "residential", "comprimento_m": 297}, "geometry": {"type": "LineString", "coordinates": [[-55.8647571, -1.7428795], [-55.8650109, -1.7423172], [-55.8653444, -1.7416809], [-55.8653894, -1.7416094], [-55.8656153, -1.7412339], [-55.8656877, -1.7411106], [-55.8660672, -1.7405616]]}}, {"type": "Feature", "properties": {"nome": "Sem nome", "tipo": "Vias locais", "classe_osm": "residential", "comprimento_m": 665}, "geometry": {"type": "LineString", "coordinates": [[-55.8661866, -1.7363787], [-55.8672595, -1.7365395], [-55.868032, -1.7366736], [-55.8697754, -1.7371883], [-55.8698564, -1.7372128], [-55.8703981, -1.7373769], [-55.8704835, -1.7374028], [-55.8710329, -1.7376406], [-55.8711853, -1.7377034], [-55.8719158, -1.738014]]}}, {"type": "Feature", "properties": {"nome": "Sem nome", "tipo": "Vias locais", "classe_osm": "residential", "comprimento_m": 319}, "geometry": {"type": "LineString", "coordinates": [[-55.8719158, -1.738014], [-55.8719095, -1.7380311], [-55.8718122, -1.7382934], [-55.8714442, -1.7395368], [-55.8710897, -1.7406816], [-55.8710917, -1.740754]]}}, {"type": "Feature", "properties": {"nome": "Sem nome", "tipo": "Vias locais", "classe_osm": "residential", "comprimento_m": 111}, "geometry": {"type": "LineString", "coordinates": [[-55.8699789, -1.7425201], [-55.8705153, -1.741683]]}}, {"type": "Feature", "properties": {"nome": "Sem nome", "tipo": "Caminhos e trilhas", "classe_osm": "track", "comprimento_m": 69}, "geometry": {"type": "LineString", "coordinates": [[-55.8698564, -1.7372128], [-55.8700633, -1.736632]]}}, {"type": "Feature", "properties": {"nome": "Sem nome", "tipo": "Vias locais", "classe_osm": "residential", "comprimento_m": 530}, "geometry": {"type": "LineString", "coordinates": [[-55.8703981, -1.7373769], [-55.8708403, -1.7355721], [-55.8708445, -1.7355564], [-55.8709687, -1.735057], [-55.8715014, -1.7327419]]}}, {"type": "Feature", "properties": {"nome": "Sem nome", "tipo": "Vias locais", "classe_osm": "residential", "comprimento_m": 298}, "geometry": {"type": "LineString", "coordinates": [[-55.8715014, -1.7327419], [-55.8715121, -1.7326658], [-55.8714801, -1.7326338], [-55.8714438, -1.732604], [-55.8713883, -1.7325912], [-55.8709766, -1.7326387], [-55.8709082, -1.7326466], [-55.8704538, -1.7327042], [-55.8702788, -1.7327447], [-55.8701401, -1.732798], [-55.870091, -1.7328641], [-55.8699758, -1.732975], [-55.8698905, -1.7330092], [-55.8697816, -1.7330134], [-55.8696494, -1.7330156], [-55.8695405, -1.7329921], [-55.8691174, -1.7327298]]}}, {"type": "Feature", "properties": {"nome": "Sem nome", "tipo": "Caminhos e trilhas", "classe_osm": "track", "comprimento_m": 205}, "geometry": {"type": "LineString", "coordinates": [[-55.8671761, -1.7341764], [-55.8674474, -1.7323562]]}}, {"type": "Feature", "properties": {"nome": "Sem nome", "tipo": "Caminhos e trilhas", "classe_osm": "track", "comprimento_m": 592}, "geometry": {"type": "LineString", "coordinates": [[-55.8658342, -1.7318802], [-55.8657873, -1.7319572], [-55.8657351, -1.7320067], [-55.8656794, -1.7320315], [-55.8655714, -1.7320824], [-55.8655467, -1.7321871], [-55.8655437, -1.7322548], [-55.8655128, -1.732338], [-55.8654895, -1.7324777], [-55.8654398, -1.7327748], [-55.8654406, -1.7328304], [-55.8654413, -1.7328811], [-55.8654212, -1.7329424], [-55.8654166, -1.7329565], [-55.8653724, -1.7335821], [-55.8653338, -1.7342011], [-55.865248, -1.735573], [-55.865225, -1.7359397], [-55.8651618, -1.7369506], [-55.8651567, -1.7370328]]}}, {"type": "Feature", "properties": {"nome": "Sem nome", "tipo": "Vias locais", "classe_osm": "unclassified", "comprimento_m": 66}, "geometry": {"type": "LineString", "coordinates": [[-55.8654895, -1.7324777], [-55.8653993, -1.7323197], [-55.8652356, -1.7321508], [-55.8651015, -1.7320408]]}}, {"type": "Feature", "properties": {"nome": "Sem nome", "tipo": "Caminhos e trilhas", "classe_osm": "track", "comprimento_m": 105}, "geometry": {"type": "LineString", "coordinates": [[-55.865225, -1.7359397], [-55.8650266, -1.7358199], [-55.8647685, -1.7356797], [-55.8644091, -1.7354597]]}}, {"type": "Feature", "properties": {"nome": "Sem nome", "tipo": "Caminhos e trilhas", "classe_osm": "path", "comprimento_m": 63}, "geometry": {"type": "LineString", "coordinates": [[-55.8727352, -1.7551854], [-55.8727059, -1.7552249], [-55.8726874, -1.7552469], [-55.8726543, -1.7552979], [-55.8726083, -1.7553464], [-55.8725726, -1.755377], [-55.872519, -1.7554229], [-55.8724731, -1.7554459], [-55.872417, -1.7554586], [-55.8723481, -1.7554612], [-55.8722945, -1.7554306]]}}, {"type": "Feature", "properties": {"nome": "Sem nome", "tipo": "Caminhos e trilhas", "classe_osm": "path", "comprimento_m": 98}, "geometry": {"type": "LineString", "coordinates": [[-55.8728941, -1.756336], [-55.8728227, -1.756415], [-55.8727768, -1.7564201], [-55.8727308, -1.7563972], [-55.8726849, -1.756387], [-55.8726339, -1.7563844], [-55.8726135, -1.7564023], [-55.8725854, -1.7564303], [-55.872565, -1.7564584], [-55.8725446, -1.7564839], [-55.8724935, -1.7565171], [-55.8724128, -1.7564931], [-55.8723781, -1.7565425], [-55.8723302, -1.756642], [-55.8723289, -1.7566787], [-55.8723231, -1.7567154], [-55.8722931, -1.7567615]]}}, {"type": "Feature", "properties": {"nome": "Sem nome", "tipo": "Caminhos e trilhas", "classe_osm": "path", "comprimento_m": 53}, "geometry": {"type": "LineString", "coordinates": [[-55.8717434, -1.7563945], [-55.8719704, -1.7561141], [-55.8720444, -1.7560274]]}}, {"type": "Feature", "properties": {"nome": "Sem nome", "tipo": "Caminhos e trilhas", "classe_osm": "path", "comprimento_m": 59}, "geometry": {"type": "LineString", "coordinates": [[-55.8719704, -1.7561141], [-55.8718684, -1.7560197], [-55.8718327, -1.7560427], [-55.8718046, -1.7560809], [-55.871774, -1.7561115], [-55.8717535, -1.7561421], [-55.8717102, -1.7561549], [-55.8716057, -1.7563025]]}}, {"type": "Feature", "properties": {"nome": "Sem nome", "tipo": "Caminhos e trilhas", "classe_osm": "path", "comprimento_m": 14}, "geometry": {"type": "LineString", "coordinates": [[-55.8719806, -1.7559636], [-55.8718684, -1.7560197]]}}, {"type": "Feature", "properties": {"nome": "Sem nome", "tipo": "Caminhos e trilhas", "classe_osm": "path", "comprimento_m": 38}, "geometry": {"type": "LineString", "coordinates": [[-55.8718684, -1.7560197], [-55.8717076, -1.755882], [-55.8717995, -1.7557927]]}}, {"type": "Feature", "properties": {"nome": "Sem nome", "tipo": "Caminhos e trilhas", "classe_osm": "path", "comprimento_m": 62}, "geometry": {"type": "LineString", "coordinates": [[-55.8718923, -1.7564939], [-55.8719551, -1.7563895], [-55.8720189, -1.7563283], [-55.8720674, -1.7562824], [-55.8721108, -1.7562671], [-55.8721695, -1.7563003], [-55.8722486, -1.7562544], [-55.8723226, -1.7562442]]}}, {"type": "Feature", "properties": {"nome": "Sem nome", "tipo": "Caminhos e trilhas", "classe_osm": "path", "comprimento_m": 51}, "geometry": {"type": "LineString", "coordinates": [[-55.8724144, -1.7563156], [-55.8723532, -1.7563717], [-55.8722919, -1.7564431], [-55.8722639, -1.7564737], [-55.8722231, -1.756512], [-55.8721924, -1.7565298], [-55.8721873, -1.7565987], [-55.8721354, -1.7566562]]}}, {"type": "Feature", "properties": {"nome": "Sem nome", "tipo": "Caminhos e trilhas", "classe_osm": "path", "comprimento_m": 25}, "geometry": {"type": "LineString", "coordinates": [[-55.8724128, -1.7564931], [-55.8724399, -1.7564405], [-55.8724833, -1.7563819], [-55.8724144, -1.7563156]]}}, {"type": "Feature", "properties": {"nome": "Sem nome", "tipo": "Caminhos e trilhas", "classe_osm": "path", "comprimento_m": 21}, "geometry": {"type": "LineString", "coordinates": [[-55.8724833, -1.7563819], [-55.8725139, -1.7563487], [-55.8725599, -1.7563003], [-55.8725854, -1.7562493], [-55.8725905, -1.7562263]]}}, {"type": "Feature", "properties": {"nome": "Sem nome", "tipo": "Caminhos e trilhas", "classe_osm": "path", "comprimento_m": 46}, "geometry": {"type": "LineString", "coordinates": [[-55.8722486, -1.7562544], [-55.8722179, -1.7562314], [-55.8721669, -1.7561778], [-55.8721669, -1.7561421], [-55.8721363, -1.756109], [-55.8721159, -1.7560733], [-55.8720444, -1.7560274], [-55.8719806, -1.7559636]]}}, {"type": "Feature", "properties": {"nome": "Sem nome", "tipo": "Caminhos e trilhas", "classe_osm": "path", "comprimento_m": 69}, "geometry": {"type": "LineString", "coordinates": [[-55.8738791, -1.7547802], [-55.8738306, -1.7547394], [-55.873777, -1.7547037], [-55.8737107, -1.7546501], [-55.8735627, -1.7545303], [-55.8735142, -1.754492], [-55.8733961, -1.7545926]]}}, {"type": "Feature", "properties": {"nome": "Sem nome", "tipo": "Caminhos e trilhas", "classe_osm": "track", "comprimento_m": 562}, "geometry": {"type": "LineString", "coordinates": [[-55.8651567, -1.7370328], [-55.864629, -1.7368476], [-55.8644233, -1.7368248], [-55.8640009, -1.736694], [-55.8635432, -1.7366528], [-55.8634042, -1.7366213], [-55.8632548, -1.7365874], [-55.8622337, -1.7364388], [-55.8625443, -1.7344991], [-55.8625309, -1.734408]]}}, {"type": "Feature", "properties": {"nome": "Sem nome", "tipo": "Caminhos e trilhas", "classe_osm": "track", "comprimento_m": 339}, "geometry": {"type": "LineString", "coordinates": [[-55.8634042, -1.7366213], [-55.8636788, -1.7353287], [-55.8639402, -1.7342157], [-55.8640135, -1.7338762], [-55.864024, -1.7338048], [-55.8640216, -1.7337605], [-55.8640026, -1.7337], [-55.8639768, -1.7336445]]}}, {"type": "Feature", "properties": {"nome": "Sem nome", "tipo": "Caminhos e trilhas", "classe_osm": "track", "comprimento_m": 71}, "geometry": {"type": "LineString", "coordinates": [[-55.8625309, -1.734408], [-55.8625519, -1.7343175], [-55.8625673, -1.7342381], [-55.8625673, -1.7341834], [-55.8625812, -1.7341107], [-55.8625794, -1.7340446], [-55.8625735, -1.7339645], [-55.8625916, -1.7338949], [-55.8626259, -1.7337814]]}}, {"type": "Feature", "properties": {"nome": "Sem nome", "tipo": "Vias locais", "classe_osm": "unclassified", "comprimento_m": 39}, "geometry": {"type": "LineString", "coordinates": [[-55.8778395, -1.7449346], [-55.8775927, -1.7451828]]}}, {"type": "Feature", "properties": {"nome": "Sem nome", "tipo": "Caminhos e trilhas", "classe_osm": "path", "comprimento_m": 133}, "geometry": {"type": "LineString", "coordinates": [[-55.8779872, -1.7342033], [-55.8780721, -1.7340505], [-55.8781476, -1.7339174], [-55.8781579, -1.7338992], [-55.8782192, -1.7338327], [-55.8782839, -1.7337938], [-55.878339, -1.7337905], [-55.8784167, -1.7338218], [-55.8784691, -1.7338583], [-55.8785077, -1.7339225], [-55.8785403, -1.7339761], [-55.8785934, -1.7340354], [-55.8786484, -1.7340686], [-55.878718, -1.7340901], [-55.8787364, -1.7341257], [-55.8787632, -1.7342041]]}}, {"type": "Feature", "properties": {"nome": "Sem nome", "tipo": "Caminhos e trilhas", "classe_osm": "path", "comprimento_m": 51}, "geometry": {"type": "LineString", "coordinates": [[-55.8781476, -1.7339174], [-55.8781618, -1.7338567], [-55.8782229, -1.7337499], [-55.8782725, -1.7336509], [-55.8783254, -1.7335481], [-55.8783529, -1.7335134]]}}, {"type": "Feature", "properties": {"nome": "Sem nome", "tipo": "Caminhos e trilhas", "classe_osm": "track", "comprimento_m": 116}, "geometry": {"type": "LineString", "coordinates": [[-55.87235, -1.7324316], [-55.8729349, -1.7326724], [-55.8733171, -1.7328298]]}}, {"type": "Feature", "properties": {"nome": "Sem nome", "tipo": "Caminhos e trilhas", "classe_osm": "track", "comprimento_m": 21}, "geometry": {"type": "LineString", "coordinates": [[-55.8729349, -1.7326724], [-55.8728812, -1.7327042], [-55.8728589, -1.7327535], [-55.8728575, -1.732828]]}}, {"type": "Feature", "properties": {"nome": "Sem nome", "tipo": "Caminhos e trilhas", "classe_osm": "track", "comprimento_m": 172}, "geometry": {"type": "LineString", "coordinates": [[-55.87235, -1.7324316], [-55.8722249, -1.7323834], [-55.8720986, -1.7323414], [-55.8719897, -1.73231], [-55.8719426, -1.7322868], [-55.8718957, -1.7323267], [-55.8718964, -1.7323912], [-55.8718751, -1.732448], [-55.8717947, -1.7324676], [-55.8716881, -1.7324772], [-55.8715516, -1.7324948], [-55.8710809, -1.73258], [-55.8709766, -1.7326387]]}}, {"type": "Feature", "properties": {"nome": "Sem nome", "tipo": "Vias locais", "classe_osm": "unclassified", "comprimento_m": 122}, "geometry": {"type": "LineString", "coordinates": [[-55.8719158, -1.738014], [-55.8722545, -1.7369682]]}}, {"type": "Feature", "properties": {"nome": "Sem nome", "tipo": "Vias locais", "classe_osm": "unclassified", "comprimento_m": 375}, "geometry": {"type": "LineString", "coordinates": [[-55.8792651, -1.7427915], [-55.8797278, -1.7429144], [-55.8799473, -1.7430218], [-55.8801154, -1.7431851], [-55.8802975, -1.7433112], [-55.8805964, -1.7434419], [-55.880998, -1.7436192], [-55.8814977, -1.74389], [-55.8817172, -1.7440627], [-55.881904, -1.7442074], [-55.8820301, -1.7442774], [-55.8822206, -1.7443313]]}}, {"type": "Feature", "properties": {"nome": "Sem nome", "tipo": "Vias locais", "classe_osm": "unclassified", "comprimento_m": 30}, "geometry": {"type": "LineString", "coordinates": [[-55.8775927, -1.7451828], [-55.8774891, -1.7452844], [-55.877395, -1.7452014]]}}, {"type": "Feature", "properties": {"nome": "Sem nome", "tipo": "Vias locais", "classe_osm": "service", "comprimento_m": 428}, "geometry": {"type": "LineString", "coordinates": [[-55.8778395, -1.7449346], [-55.8782534, -1.7444798], [-55.8789136, -1.7450061], [-55.8790808, -1.7452737], [-55.8807955, -1.7464494]]}}, {"type": "Feature", "properties": {"nome": "Sem nome", "tipo": "Vias locais", "classe_osm": "unclassified", "comprimento_m": 57}, "geometry": {"type": "LineString", "coordinates": [[-55.8782534, -1.7444798], [-55.8783038, -1.7443664], [-55.8783178, -1.7442077], [-55.8783439, -1.7439785]]}}, {"type": "Feature", "properties": {"nome": "Sem nome", "tipo": "Caminhos e trilhas", "classe_osm": "track", "comprimento_m": 169}, "geometry": {"type": "LineString", "coordinates": [[-55.8785025, -1.7437742], [-55.8786268, -1.7437666], [-55.8788005, -1.7437241], [-55.8789545, -1.7436938], [-55.8791055, -1.7436892], [-55.87917, -1.7437021], [-55.8793346, -1.7437711], [-55.8793585, -1.7437989], [-55.8793824, -1.7438265], [-55.8793945, -1.7438856], [-55.8793945, -1.7439577], [-55.8793445, -1.7441268], [-55.8793149, -1.7442125], [-55.8792845, -1.7442891], [-55.8792747, -1.7443581], [-55.8792845, -1.7444013]]}}, {"type": "Feature", "properties": {"nome": "Sem nome", "tipo": "Caminhos e trilhas", "classe_osm": "track", "comprimento_m": 130}, "geometry": {"type": "LineString", "coordinates": [[-55.8793585, -1.7437989], [-55.8793482, -1.7436999], [-55.8793232, -1.743602], [-55.8792921, -1.74353], [-55.8792572, -1.7434997], [-55.879214, -1.7434807], [-55.8791578, -1.7434822], [-55.8790683, -1.7434792], [-55.8789151, -1.7435573], [-55.8787982, -1.7436642], [-55.8786996, -1.7437203], [-55.8785025, -1.7437742]]}}, {"type": "Feature", "properties": {"nome": "Sem nome", "tipo": "Caminhos e trilhas", "classe_osm": "track", "comprimento_m": 359}, "geometry": {"type": "LineString", "coordinates": [[-55.8779908, -1.7415804], [-55.8778519, -1.7415836], [-55.8777607, -1.7415938], [-55.8776571, -1.7415901], [-55.8774946, -1.7415402], [-55.8774318, -1.7415273], [-55.8773557, -1.7415236], [-55.877265, -1.7415649], [-55.8772258, -1.7415863], [-55.877133, -1.741626], [-55.8770156, -1.7416592], [-55.8769329, -1.7417102], [-55.8768004, -1.7417474], [-55.876588, -1.7417281], [-55.8763702, -1.7416756], [-55.8762855, -1.7416531], [-55.8760827, -1.7415265], [-55.8758273, -1.7413796], [-55.875705, -1.7413249], [-55.875381, -1.7411791], [-55.8750979, -1.7410453], [-55.8749883, -1.7409935]]}}, {"type": "Feature", "properties": {"nome": "Sem nome", "tipo": "Caminhos e trilhas", "classe_osm": "track", "comprimento_m": 337}, "geometry": {"type": "LineString", "coordinates": [[-55.8749883, -1.7409935], [-55.874956, -1.7409966], [-55.8749233, -1.7410095], [-55.8748852, -1.7410353], [-55.874835, -1.7410611], [-55.8747645, -1.7410975], [-55.8746937, -1.7411071], [-55.8746621, -1.7411114], [-55.8746458, -1.7411167], [-55.8746095, -1.7411286], [-55.8745392, -1.7411865], [-55.874404, -1.741306], [-55.8743477, -1.7413548], [-55.8743026, -1.7413897], [-55.8742404, -1.741431], [-55.8741476, -1.7414814], [-55.8740591, -1.7415393], [-55.8739808, -1.7416068], [-55.8739341, -1.7416385], [-55.8738966, -1.7417157], [-55.8738574, -1.7417516], [-55.8738236, -1.7417789], [-55.8737984, -1.7417993], [-55.8737388, -1.7418331], [-55.8736281, -1.74184], [-55.8735729, -1.7418591], [-55.8734964, -1.7419146], [-55.8733934, -1.7420379], [-55.8733016, -1.7421479], [-55.8732324, -1.742246], [-55.8732142, -1.7422915], [-55.8731541, -1.7424417], [-55.8730624, -1.7426572], [-55.872969, -1.7428905], [-55.872931, -1.7429908]]}}, {"type": "Feature", "properties": {"nome": "Sem nome", "tipo": "Caminhos e trilhas", "classe_osm": "track", "comprimento_m": 773}, "geometry": {"type": "LineString", "coordinates": [[-55.873156, -1.7422902], [-55.8751698, -1.7437239], [-55.875151, -1.7437502], [-55.8749321, -1.7440735], [-55.874057, -1.7453691], [-55.8740575, -1.7454061], [-55.87408, -1.7454549], [-55.8741283, -1.7454919], [-55.8742426, -1.7455656], [-55.8743799, -1.745608], [-55.8746444, -1.7456251], [-55.8748547, -1.7455913], [-55.8750874, -1.7455333], [-55.8751406, -1.74552], [-55.8753133, -1.7454964], [-55.8753863, -1.7454905], [-55.8754582, -1.7455168], [-55.8755006, -1.7455667], [-55.8755032, -1.7456031], [-55.8754936, -1.7456664], [-55.8753927, -1.7457484], [-55.8752672, -1.7458165], [-55.8751985, -1.7458718], [-55.8751942, -1.7458959], [-55.8752581, -1.7460333], [-55.87531, -1.7461091], [-55.8753385, -1.7461868], [-55.8753446, -1.7462388], [-55.8753449, -1.7462797]]}}, {"type": "Feature", "properties": {"nome": "Sem nome", "tipo": "Caminhos e trilhas", "classe_osm": "track", "comprimento_m": 40}, "geometry": {"type": "LineString", "coordinates": [[-55.8751985, -1.7458718], [-55.8751639, -1.7458338], [-55.8751279, -1.7457308], [-55.8750968, -1.745592], [-55.8750874, -1.7455333]]}}, {"type": "Feature", "properties": {"nome": "Sem nome", "tipo": "Caminhos e trilhas", "classe_osm": "track", "comprimento_m": 311}, "geometry": {"type": "LineString", "coordinates": [[-55.8746937, -1.7411071], [-55.8746062, -1.7410819], [-55.8745221, -1.7410588], [-55.8744681, -1.741044], [-55.8743756, -1.7410205], [-55.8742398, -1.741022], [-55.8741738, -1.7410121], [-55.8740289, -1.7409818], [-55.8738726, -1.740931], [-55.8737573, -1.7409007], [-55.8736776, -1.7408749], [-55.8736101, -1.7408521], [-55.8735706, -1.7408635], [-55.8734826, -1.7409052], [-55.8733719, -1.7409393], [-55.8733226, -1.7409461], [-55.8732027, -1.7409242], [-55.8731306, -1.7409363], [-55.8730464, -1.7409651], [-55.8729516, -1.7410296], [-55.8728363, -1.7410967], [-55.8728044, -1.7411152], [-55.8727149, -1.7411471], [-55.8725965, -1.7411714], [-55.8724486, -1.7412548], [-55.8723287, -1.7413276], [-55.8722811, -1.7413756], [-55.8722476, -1.7414095], [-55.8721197, -1.7415154]]}}, {"type": "Feature", "properties": {"nome": "Sem nome", "tipo": "Caminhos e trilhas", "classe_osm": "track", "comprimento_m": 79}, "geometry": {"type": "LineString", "coordinates": [[-55.8722811, -1.7413756], [-55.8724289, -1.741364], [-55.8725814, -1.7413541], [-55.8727126, -1.7413367], [-55.8727604, -1.7412965], [-55.8728097, -1.741188], [-55.8728363, -1.7410967]]}}, {"type": "Feature", "properties": {"nome": "Sem nome", "tipo": "Caminhos e trilhas", "classe_osm": "track", "comprimento_m": 55}, "geometry": {"type": "LineString", "coordinates": [[-55.8721579, -1.7410336], [-55.8721687, -1.7412199], [-55.8721618, -1.7413822], [-55.8721482, -1.741458], [-55.8721197, -1.7415154]]}}, {"type": "Feature", "properties": {"nome": "Sem nome", "tipo": "Vias locais", "classe_osm": "residential", "comprimento_m": 70}, "geometry": {"type": "LineString", "coordinates": [[-55.8659093, -1.741964], [-55.8653894, -1.7416094]]}}, {"type": "Feature", "properties": {"nome": "Sem nome", "tipo": "Caminhos e trilhas", "classe_osm": "path", "comprimento_m": 110}, "geometry": {"type": "LineString", "coordinates": [[-55.8743026, -1.7413897], [-55.8742326, -1.7413485], [-55.8740716, -1.7414692], [-55.8740153, -1.7415415], [-55.8738624, -1.7414839], [-55.8738209, -1.7416769], [-55.8736385, -1.7418177], [-55.8736281, -1.74184]]}}, {"type": "Feature", "properties": {"nome": "Sem nome", "tipo": "Caminhos e trilhas", "classe_osm": "path", "comprimento_m": 86}, "geometry": {"type": "LineString", "coordinates": [[-55.8735729, -1.7418591], [-55.8737214, -1.7419629], [-55.8739067, -1.7420925], [-55.8740757, -1.7422453], [-55.8739375, -1.7422426]]}}, {"type": "Feature", "properties": {"nome": "Sem nome", "tipo": "Caminhos e trilhas", "classe_osm": "track", "comprimento_m": 334}, "geometry": {"type": "LineString", "coordinates": [[-55.8789921, -1.7431432], [-55.8763702, -1.7416756]]}}, {"type": "Feature", "properties": {"nome": "Sem nome", "tipo": "Caminhos e trilhas", "classe_osm": "path", "comprimento_m": 215}, "geometry": {"type": "LineString", "coordinates": [[-55.86889, -1.7429016], [-55.8689925, -1.7427677], [-55.869265, -1.7424387], [-55.8694973, -1.7421775], [-55.8696118, -1.7419788], [-55.8700602, -1.7413649]]}}, {"type": "Feature", "properties": {"nome": "Sem nome", "tipo": "Caminhos e trilhas", "classe_osm": "path", "comprimento_m": 458}, "geometry": {"type": "LineString", "coordinates": [[-55.8722545, -1.7369682], [-55.8733302, -1.7337343], [-55.8733236, -1.733677], [-55.873279, -1.7335923], [-55.8731927, -1.7334845], [-55.8728399, -1.7332505]]}}, {"type": "Feature", "properties": {"nome": "Sem nome", "tipo": "Caminhos e trilhas", "classe_osm": "footway", "comprimento_m": 154}, "geometry": {"type": "LineString", "coordinates": [[-55.8683205, -1.7417258], [-55.8682831, -1.7418122], [-55.868171, -1.7417328], [-55.8680847, -1.7418285], [-55.8680566, -1.7418892], [-55.8679492, -1.7419569], [-55.8678955, -1.7420362], [-55.8678351, -1.7421662], [-55.8677881, -1.7422673], [-55.8677578, -1.7423233], [-55.8679049, -1.742384], [-55.8680123, -1.7424213], [-55.868146, -1.7424792]]}}, {"type": "Feature", "properties": {"nome": "Sem nome", "tipo": "Caminhos e trilhas", "classe_osm": "footway", "comprimento_m": 54}, "geometry": {"type": "LineString", "coordinates": [[-55.8624306, -1.742402], [-55.862435, -1.7423424], [-55.8624766, -1.7422539], [-55.8625638, -1.742152], [-55.8626348, -1.7420796], [-55.8626576, -1.742093], [-55.8627019, -1.7420475]]}}, {"type": "Feature", "properties": {"nome": "Sem nome", "tipo": "Caminhos e trilhas", "classe_osm": "track", "comprimento_m": 147}, "geometry": {"type": "LineString", "coordinates": [[-55.8614713, -1.7424403], [-55.8615244, -1.7422571], [-55.8616606, -1.7421138], [-55.8618341, -1.7420307], [-55.86205, -1.7420342], [-55.8624306, -1.742402]]}}, {"type": "Feature", "properties": {"nome": "Sem nome", "tipo": "Caminhos e trilhas", "classe_osm": "track", "comprimento_m": 42}, "geometry": {"type": "LineString", "coordinates": [[-55.8795292, -1.7491417], [-55.8792124, -1.748928]]}}, {"type": "Feature", "properties": {"nome": "Sem nome", "tipo": "Caminhos e trilhas", "classe_osm": "track", "comprimento_m": 430}, "geometry": {"type": "LineString", "coordinates": [[-55.8792124, -1.748928], [-55.8784362, -1.748426], [-55.8780139, -1.7480893], [-55.8778263, -1.7479333], [-55.8771456, -1.7473672], [-55.8769795, -1.7472301], [-55.8768342, -1.7472002], [-55.8766703, -1.7472276], [-55.8765444, -1.7472454], [-55.8764155, -1.7472276], [-55.8763041, -1.7471584], [-55.876028, -1.7469345]]}}, {"type": "Feature", "properties": {"nome": "Sem nome", "tipo": "Caminhos e trilhas", "classe_osm": "path", "comprimento_m": 44}, "geometry": {"type": "LineString", "coordinates": [[-55.8740635, -1.758375], [-55.8739542, -1.7583232], [-55.8738654, -1.7582625], [-55.8737166, -1.7581829]]}}, {"type": "Feature", "properties": {"nome": "Sem nome", "tipo": "Caminhos e trilhas", "classe_osm": "path", "comprimento_m": 30}, "geometry": {"type": "LineString", "coordinates": [[-55.8738949, -1.758528], [-55.8738416, -1.7584777], [-55.8738075, -1.7584207], [-55.8737858, -1.7583795], [-55.873755, -1.7583586], [-55.8737175, -1.7583245]]}}, {"type": "Feature", "properties": {"nome": "Sem nome", "tipo": "Caminhos e trilhas", "classe_osm": "path", "comprimento_m": 62}, "geometry": {"type": "LineString", "coordinates": [[-55.8742041, -1.7579908], [-55.8740963, -1.7579275], [-55.8740227, -1.7578829], [-55.8739301, -1.7578348], [-55.8738291, -1.7577805], [-55.8737163, -1.7577148]]}}, {"type": "Feature", "properties": {"nome": "Sem nome", "tipo": "Caminhos e trilhas", "classe_osm": "path", "comprimento_m": 17}, "geometry": {"type": "LineString", "coordinates": [[-55.8743658, -1.7575959], [-55.8743016, -1.7575812], [-55.8742287, -1.7575398]]}}, {"type": "Feature", "properties": {"nome": "Sem nome", "tipo": "Caminhos e trilhas", "classe_osm": "path", "comprimento_m": 57}, "geometry": {"type": "LineString", "coordinates": [[-55.8742504, -1.7577949], [-55.8740523, -1.7577185], [-55.8738802, -1.757592], [-55.8738107, -1.757541]]}}, {"type": "Feature", "properties": {"nome": "Sem nome", "tipo": "Caminhos e trilhas", "classe_osm": "path", "comprimento_m": 24}, "geometry": {"type": "LineString", "coordinates": [[-55.8742076, -1.7578723], [-55.8740523, -1.7577185]]}}, {"type": "Feature", "properties": {"nome": "Sem nome", "tipo": "Caminhos e trilhas", "classe_osm": "path", "comprimento_m": 44}, "geometry": {"type": "LineString", "coordinates": [[-55.8742344, -1.7577418], [-55.8741008, -1.7576387], [-55.8738802, -1.757592]]}}, {"type": "Feature", "properties": {"nome": "Sem nome", "tipo": "Caminhos e trilhas", "classe_osm": "path", "comprimento_m": 47}, "geometry": {"type": "LineString", "coordinates": [[-55.8742728, -1.7576803], [-55.8741399, -1.7575918], [-55.873882, -1.7575384]]}}, {"type": "Feature", "properties": {"nome": "Sem nome", "tipo": "Caminhos e trilhas", "classe_osm": "path", "comprimento_m": 22}, "geometry": {"type": "LineString", "coordinates": [[-55.8723542, -1.7568023], [-55.8724724, -1.7566477]]}}, {"type": "Feature", "properties": {"nome": "Sem nome", "tipo": "Caminhos e trilhas", "classe_osm": "footway", "comprimento_m": 26}, "geometry": {"type": "LineString", "coordinates": [[-55.8718148, -1.7503895], [-55.8717906, -1.7505266], [-55.8717286, -1.7505987]]}}, {"type": "Feature", "properties": {"nome": "Sem nome", "tipo": "Caminhos e trilhas", "classe_osm": "footway", "comprimento_m": 23}, "geometry": {"type": "LineString", "coordinates": [[-55.8714207, -1.7504333], [-55.8714603, -1.7505165], [-55.8714969, -1.7505896], [-55.8715213, -1.750614]]}}, {"type": "Feature", "properties": {"nome": "Sem nome", "tipo": "Caminhos e trilhas", "classe_osm": "footway", "comprimento_m": 41}, "geometry": {"type": "LineString", "coordinates": [[-55.8720571, -1.7505774], [-55.8721482, -1.7505328], [-55.8722278, -1.7504842], [-55.87228, -1.7504258], [-55.8723446, -1.7503604]]}}, {"type": "Feature", "properties": {"nome": "Sem nome", "tipo": "Caminhos e trilhas", "classe_osm": "path", "comprimento_m": 113}, "geometry": {"type": "LineString", "coordinates": [[-55.8633547, -1.7498782], [-55.8637343, -1.7495582], [-55.8638765, -1.7495555], [-55.8639221, -1.7495796], [-55.8639516, -1.7496332], [-55.8640187, -1.7496547], [-55.8641776, -1.7497682]]}}, {"type": "Feature", "properties": {"nome": "Avenida Braz Antônio Mileo", "tipo": "Vias locais", "classe_osm": "residential", "comprimento_m": 680}, "geometry": {"type": "LineString", "coordinates": [[-55.8759952, -1.746976], [-55.8754049, -1.746558], [-55.8753182, -1.7464966], [-55.8752941, -1.7464933], [-55.8752646, -1.7464953], [-55.8752462, -1.7465042], [-55.8745661, -1.7472212], [-55.8741018, -1.7476575], [-55.8735792, -1.7482091], [-55.8726404, -1.7491768], [-55.8722243, -1.7495529], [-55.872113, -1.7496682], [-55.8716049, -1.7502267]]}}, {"type": "Feature", "properties": {"nome": "Avenida Doutor Lauro Sodre", "tipo": "Vias locais", "classe_osm": "residential", "comprimento_m": 402}, "geometry": {"type": "LineString", "coordinates": [[-55.8753729, -1.7513766], [-55.8750238, -1.7511471], [-55.8749435, -1.7510966], [-55.8748746, -1.7510633], [-55.8748321, -1.7510541], [-55.8747984, -1.7510657], [-55.8744591, -1.7514195], [-55.8738331, -1.7520724], [-55.8733981, -1.7525301], [-55.8727606, -1.753201]]}}, {"type": "Feature", "properties": {"nome": "Rua Aciole Ramos", "tipo": "Vias principais", "classe_osm": "tertiary", "comprimento_m": 1383}, "geometry": {"type": "LineString", "coordinates": [[-55.8686288, -1.7487833], [-55.8674491, -1.7498627], [-55.8663189, -1.7509162], [-55.8652518, -1.7519002], [-55.8641699, -1.7528901], [-55.8631346, -1.7538642], [-55.862041, -1.7548767], [-55.8607186, -1.756206], [-55.8596608, -1.7572681], [-55.8595919, -1.7573337]]}}, {"type": "Feature", "properties": {"nome": "Rua Primeiro de Maio", "tipo": "Vias locais", "classe_osm": "residential", "comprimento_m": 322}, "geometry": {"type": "LineString", "coordinates": [[-55.8667287, -1.7426643], [-55.8663051, -1.7429973], [-55.8660913, -1.7432762], [-55.8656372, -1.7437716], [-55.8647146, -1.7447329]]}}, {"type": "Feature", "properties": {"nome": "Travessa Luiz Inácio Lula da Silva", "tipo": "Vias locais", "classe_osm": "residential", "comprimento_m": 363}, "geometry": {"type": "LineString", "coordinates": [[-55.8624306, -1.742402], [-55.862957, -1.7429753], [-55.8635603, -1.7435722], [-55.8640823, -1.7440887], [-55.8647146, -1.7447329]]}}, {"type": "Feature", "properties": {"nome": "Travessa Luiz Inácio Lula da Silva", "tipo": "Vias locais", "classe_osm": "residential", "comprimento_m": 88}, "geometry": {"type": "LineString", "coordinates": [[-55.8727606, -1.753201], [-55.8733398, -1.7537427]]}}, {"type": "Feature", "properties": {"nome": "Sem nome", "tipo": "Caminhos e trilhas", "classe_osm": "path", "comprimento_m": 324}, "geometry": {"type": "LineString", "coordinates": [[-55.8687162, -1.7390624], [-55.8694087, -1.739584], [-55.8701516, -1.7401169], [-55.8710917, -1.740754]]}}, {"type": "Feature", "properties": {"nome": "Sem nome", "tipo": "Caminhos e trilhas", "classe_osm": "path", "comprimento_m": 484}, "geometry": {"type": "LineString", "coordinates": [[-55.8704292, -1.7375384], [-55.8700875, -1.7385316], [-55.8700283, -1.738666], [-55.8694087, -1.739584], [-55.8687799, -1.7404656], [-55.8681949, -1.7412353]]}}, {"type": "Feature", "properties": {"nome": "Sem nome", "tipo": "Vias locais", "classe_osm": "residential", "comprimento_m": 155}, "geometry": {"type": "LineString", "coordinates": [[-55.8711853, -1.7377034], [-55.870632, -1.7389781]]}}, {"type": "Feature", "properties": {"nome": "Sem nome", "tipo": "Caminhos e trilhas", "classe_osm": "path", "comprimento_m": 459}, "geometry": {"type": "LineString", "coordinates": [[-55.8675304, -1.7407567], [-55.8681262, -1.7400032], [-55.8687162, -1.7390624], [-55.8691148, -1.7383106], [-55.8692538, -1.7381193], [-55.8697481, -1.737281]]}}, {"type": "Feature", "properties": {"nome": "Sem nome", "tipo": "Caminhos e trilhas", "classe_osm": "path", "comprimento_m": 291}, "geometry": {"type": "LineString", "coordinates": [[-55.8714442, -1.7395368], [-55.8709053, -1.7391786], [-55.870632, -1.7389781], [-55.8700283, -1.738666], [-55.8692538, -1.7381193]]}}, {"type": "Feature", "properties": {"nome": "Sem nome", "tipo": "Caminhos e trilhas", "classe_osm": "path", "comprimento_m": 363}, "geometry": {"type": "LineString", "coordinates": [[-55.8688598, -1.7417248], [-55.8694619, -1.7409753], [-55.8701516, -1.7401169], [-55.8709053, -1.7391786]]}}, {"type": "Feature", "properties": {"nome": "Sem nome", "tipo": "Vias locais", "classe_osm": "living_street", "comprimento_m": 67}, "geometry": {"type": "LineString", "coordinates": [[-55.8757433, -1.7494748], [-55.8760764, -1.7492099], [-55.8761931, -1.7490765]]}}, {"type": "Feature", "properties": {"nome": "Sem nome", "tipo": "Vias locais", "classe_osm": "living_street", "comprimento_m": 84}, "geometry": {"type": "LineString", "coordinates": [[-55.872249, -1.7511458], [-55.8728085, -1.7516537]]}}, {"type": "Feature", "properties": {"nome": "Sem nome", "tipo": "Vias locais", "classe_osm": "living_street", "comprimento_m": 130}, "geometry": {"type": "LineString", "coordinates": [[-55.8725983, -1.7445263], [-55.8724781, -1.7446926], [-55.8723225, -1.7448697], [-55.8721669, -1.7450499], [-55.8719926, -1.7452887], [-55.8718997, -1.7454608]]}}, {"type": "Feature", "properties": {"nome": "Sem nome", "tipo": "Vias locais", "classe_osm": "living_street", "comprimento_m": 184}, "geometry": {"type": "LineString", "coordinates": [[-55.8735488, -1.7497307], [-55.8736383, -1.7497473], [-55.873751, -1.7497017], [-55.8738851, -1.7497205], [-55.8742472, -1.749876], [-55.8744966, -1.7499886], [-55.8746468, -1.7501548], [-55.874848, -1.750246], [-55.8750304, -1.7503183]]}}, {"type": "Feature", "properties": {"nome": "Sem nome", "tipo": "Vias locais", "classe_osm": "residential", "comprimento_m": 173}, "geometry": {"type": "LineString", "coordinates": [[-55.8733981, -1.7525301], [-55.8745133, -1.7536203]]}}, {"type": "Feature", "properties": {"nome": "Sem nome", "tipo": "Vias locais", "classe_osm": "residential", "comprimento_m": 57}, "geometry": {"type": "LineString", "coordinates": [[-55.8744591, -1.7514195], [-55.8748628, -1.7517424]]}}, {"type": "Feature", "properties": {"nome": "Sem nome", "tipo": "Caminhos e trilhas", "classe_osm": "path", "comprimento_m": 308}, "geometry": {"type": "LineString", "coordinates": [[-55.8700602, -1.7413649], [-55.8694619, -1.7409753], [-55.8687799, -1.7404656], [-55.8681262, -1.7400032], [-55.8678004, -1.7397686]]}}, {"type": "Feature", "properties": {"nome": "Sem nome", "tipo": "Caminhos e trilhas", "classe_osm": "path", "comprimento_m": 38}, "geometry": {"type": "LineString", "coordinates": [[-55.8700602, -1.7413649], [-55.870263, -1.7410873]]}}, {"type": "Feature", "properties": {"nome": "Sem nome", "tipo": "Vias locais", "classe_osm": "residential", "comprimento_m": 53}, "geometry": {"type": "LineString", "coordinates": [[-55.8728248, -1.7459599], [-55.8730295, -1.7455311]]}}, {"type": "Feature", "properties": {"nome": "Beco Nova Vitória", "tipo": "Vias locais", "classe_osm": "residential", "comprimento_m": 84}, "geometry": {"type": "LineString", "coordinates": [[-55.8635603, -1.7435722], [-55.8638906, -1.7432098], [-55.8640355, -1.7429886]]}}, {"type": "Feature", "properties": {"nome": "Sem nome", "tipo": "Vias principais", "classe_osm": "secondary", "comprimento_m": 11311}, "geometry": {"type": "LineString", "coordinates": [[-55.7781049, -1.6461643], [-55.7780573, -1.6464204], [-55.7780345, -1.6465504], [-55.7780278, -1.6466764], [-55.7780439, -1.646907], [-55.7780921, -1.6471282], [-55.7783671, -1.6482227], [-55.7783993, -1.6484379], [-55.778522, -1.6492235], [-55.778581, -1.6495693], [-55.7786078, -1.6498374], [-55.7786078, -1.6499943], [-55.7786098, -1.650261], [-55.7785924, -1.6505104], [-55.7785361, -1.6508965], [-55.7784723, -1.6512791], [-55.7783979, -1.6515426], [-55.7782464, -1.6521123], [-55.7781203, -1.6525829], [-55.7780573, -1.6528939], [-55.7780144, -1.6531687], [-55.7779837, -1.653458], [-55.7779741, -1.6538872], [-55.7779768, -1.6545562], [-55.7779688, -1.6548484], [-55.7779232, -1.6551943], [-55.7778642, -1.6554409], [-55.7777314, -1.6558726], [-55.7775557, -1.6564597], [-55.7772955, -1.6572533], [-55.776912, -1.6584411], [-55.7765821, -1.6591596], [-55.7762173, -1.6596261], [-55.7756017, -1.6602655], [-55.7748373, -1.6610296], [-55.7746945, -1.6611945], [-55.7745878, -1.6613889], [-55.774506, -1.6615913], [-55.7744658, -1.6618165], [-55.7744645, -1.6619881], [-55.7745221, -1.6622207], [-55.7748333, -1.6629131], [-55.7749271, -1.6630498], [-55.7752812, -1.6635807], [-55.7757747, -1.6642805], [-55.776692, -1.6656505], [-55.7769321, -1.6659173], [-55.7770394, -1.6660151], [-55.7771909, -1.6661358], [-55.7783684, -1.6669361], [-55.7785749, -1.6671023], [-55.7787922, -1.6673087], [-55.77898, -1.6675192], [-55.779283, -1.6678852], [-55.7801709, -1.6690943], [-55.7808696, -1.670097], [-55.7812825, -1.6707415], [-55.7813336, -1.6708437], [-55.7813886, -1.6709335], [-55.7818137, -1.671585], [-55.7819317, -1.6717084], [-55.7820524, -1.6718009], [-55.7822107, -1.6718974], [-55.782609, -1.6721105], [-55.7829228, -1.6722794], [-55.7832366, -1.6724658], [-55.7836939, -1.6727754], [-55.7841687, -1.6731535], [-55.7846059, -1.67351], [-55.7853998, -1.6741173], [-55.7863078, -1.6747903], [-55.786576, -1.6750155], [-55.7868241, -1.6752434], [-55.7870762, -1.6754846], [-55.7878473, -1.6762099], [-55.7884602, -1.6767112], [-55.7892756, -1.677344], [-55.7901688, -1.6780799], [-55.790657, -1.6784861], [-55.7910781, -1.6788373], [-55.7914589, -1.6792247], [-55.7915944, -1.6794003], [-55.7917567, -1.6796363], [-55.7920745, -1.6801832], [-55.792395, -1.6808615], [-55.7929529, -1.6821779], [-55.7933553, -1.6832074], [-55.7940003, -1.6847906], [-55.7943195, -1.6855145], [-55.7943839, -1.6856646], [-55.7951671, -1.6870346], [-55.7962856, -1.6889543], [-55.7968301, -1.6897103], [-55.7971264, -1.6901634], [-55.7972914, -1.6903792], [-55.7973987, -1.6904865], [-55.7974684, -1.6905401], [-55.7975757, -1.6906085], [-55.7976696, -1.6906594], [-55.7980377, -1.6908688], [-55.7981215, -1.6908913], [-55.7986741, -1.6911473], [-55.7990228, -1.6913136], [-55.7991837, -1.6914088], [-55.7997215, -1.6918002], [-55.7999951, -1.6919731], [-55.800502, -1.692335], [-55.8016312, -1.69326], [-55.8024184, -1.6938525], [-55.8025713, -1.6939437], [-55.80327, -1.6942801], [-55.8037823, -1.6944879], [-55.8044288, -1.6947426], [-55.8046554, -1.6948472], [-55.8049276, -1.6950067], [-55.805157, -1.6951542], [-55.8053461, -1.695319], [-55.8055264, -1.6954651], [-55.8059831, -1.6958351], [-55.8061011, -1.6959209], [-55.8074221, -1.6967722], [-55.8075911, -1.6969009], [-55.8077842, -1.6970564], [-55.8079573, -1.6972124], [-55.8081114, -1.6973754], [-55.8083883, -1.6977495], [-55.8085325, -1.6979679], [-55.8086827, -1.6982977], [-55.8088115, -1.6986435], [-55.8088858, -1.6989819], [-55.809018, -1.6997588], [-55.8091092, -1.700346], [-55.8092675, -1.7008661], [-55.809415, -1.7011583], [-55.8096162, -1.7014666], [-55.8098093, -1.701665], [-55.8100185, -1.7018152], [-55.8101928, -1.701909], [-55.8104503, -1.7019921], [-55.8106542, -1.7020082], [-55.8109278, -1.7019975], [-55.8112872, -1.7019734], [-55.8117217, -1.7018876], [-55.8120409, -1.7018152], [-55.8123305, -1.701716], [-55.8127007, -1.7015927], [-55.8130145, -1.7014532], [-55.8134088, -1.7013085], [-55.8136985, -1.7012146], [-55.8139747, -1.7011503], [-55.8142805, -1.7011342], [-55.814597, -1.7011154], [-55.8149779, -1.7010618], [-55.815686, -1.7008956], [-55.816488, -1.7007669], [-55.816952, -1.7007347], [-55.817349, -1.7007267], [-55.817703, -1.7007749], [-55.8180195, -1.7008446], [-55.8183923, -1.7009465], [-55.8194196, -1.7012951], [-55.8202109, -1.7014854], [-55.8213964, -1.7017428], [-55.821788, -1.7018608], [-55.8220536, -1.7019814], [-55.8223298, -1.7021369], [-55.8225551, -1.7023112], [-55.8227778, -1.7025444], [-55.8229843, -1.7028259], [-55.8231506, -1.7030913], [-55.8237836, -1.7042201], [-55.8240942, -1.7048402], [-55.8247704, -1.70619], [-55.8263233, -1.7094069], [-55.8280242, -1.7129575], [-55.8286813, -1.7143087], [-55.8291315, -1.7153121], [-55.8294699, -1.7161747], [-55.8298312, -1.7172051]]}}, {"type": "Feature", "properties": {"nome": "Rua Décima Oitava", "tipo": "Vias locais", "classe_osm": "residential", "comprimento_m": 429}, "geometry": {"type": "LineString", "coordinates": [[-55.8541033, -1.7513452], [-55.8537653, -1.751655], [-55.8533469, -1.752053], [-55.8532967, -1.7521008], [-55.8525785, -1.7527452], [-55.8518868, -1.7533777], [-55.85159, -1.7536371], [-55.851346, -1.7538076], [-55.8512018, -1.7538679]]}}, {"type": "Feature", "properties": {"nome": "Sem nome", "tipo": "Vias principais", "classe_osm": "secondary", "comprimento_m": 823}, "geometry": {"type": "LineString", "coordinates": [[-55.8490849, -1.7458981], [-55.849121, -1.7459374], [-55.849353, -1.7461901], [-55.8494597, -1.7463063], [-55.8495304, -1.7463857], [-55.8500384, -1.746947], [-55.8509731, -1.7479631], [-55.8512668, -1.7482889], [-55.851812, -1.748886], [-55.8528775, -1.7500167], [-55.8541033, -1.7513452]]}}, {"type": "Feature", "properties": {"nome": "Sem nome", "tipo": "Vias locais", "classe_osm": "unclassified", "comprimento_m": 334}, "geometry": {"type": "LineString", "coordinates": [[-55.8306364, -1.7179897], [-55.8309596, -1.7178655], [-55.8311476, -1.7177833], [-55.8313121, -1.7177007], [-55.8313776, -1.717663], [-55.8314326, -1.7176271], [-55.8315312, -1.7175546], [-55.8316398, -1.7174676], [-55.8317335, -1.71739], [-55.8318315, -1.7173034], [-55.8319154, -1.7172137], [-55.8319683, -1.7171466], [-55.8320113, -1.7170876], [-55.8320479, -1.7170397], [-55.8320782, -1.7169929], [-55.832559, -1.7158777]]}}, {"type": "Feature", "properties": {"nome": "Sem nome", "tipo": "Vias locais", "classe_osm": "residential", "comprimento_m": 303}, "geometry": {"type": "LineString", "coordinates": [[-55.8538562, -1.7527159], [-55.8531222, -1.7533479], [-55.8518505, -1.7545597]]}}, {"type": "Feature", "properties": {"nome": "Sem nome", "tipo": "Vias locais", "classe_osm": "residential", "comprimento_m": 346}, "geometry": {"type": "LineString", "coordinates": [[-55.851833, -1.7558566], [-55.8505736, -1.754464], [-55.849734, -1.7535643]]}}, {"type": "Feature", "properties": {"nome": "Travessa Manoel Figueiredo", "tipo": "Vias locais", "classe_osm": "residential", "comprimento_m": 321}, "geometry": {"type": "LineString", "coordinates": [[-55.8515292, -1.7561468], [-55.8502427, -1.7547604], [-55.8495486, -1.7540438]]}}, {"type": "Feature", "properties": {"nome": "Sem nome", "tipo": "Vias locais", "classe_osm": "residential", "comprimento_m": 412}, "geometry": {"type": "LineString", "coordinates": [[-55.8518523, -1.7572442], [-55.8512496, -1.7565096], [-55.8512034, -1.75646], [-55.8499032, -1.7550644], [-55.8493749, -1.7544931]]}}, {"type": "Feature", "properties": {"nome": "Sem nome", "tipo": "Vias locais", "classe_osm": "residential", "comprimento_m": 275}, "geometry": {"type": "LineString", "coordinates": [[-55.8508753, -1.7567666], [-55.8495659, -1.7553666], [-55.8491972, -1.7549526]]}}, {"type": "Feature", "properties": {"nome": "Sem nome", "tipo": "Vias locais", "classe_osm": "residential", "comprimento_m": 126}, "geometry": {"type": "LineString", "coordinates": [[-55.8513655, -1.7579619], [-55.850606, -1.7571155]]}}, {"type": "Feature", "properties": {"nome": "Sem nome", "tipo": "Vias locais", "classe_osm": "residential", "comprimento_m": 213}, "geometry": {"type": "LineString", "coordinates": [[-55.8502159, -1.757361], [-55.8489033, -1.7559625]]}}, {"type": "Feature", "properties": {"nome": "Sem nome", "tipo": "Vias locais", "classe_osm": "residential", "comprimento_m": 151}, "geometry": {"type": "LineString", "coordinates": [[-55.8508286, -1.7587429], [-55.8499318, -1.7577249]]}}, {"type": "Feature", "properties": {"nome": "Travessa Professora Leonor Marinho", "tipo": "Vias locais", "classe_osm": "residential", "comprimento_m": 163}, "geometry": {"type": "LineString", "coordinates": [[-55.8505701, -1.7591226], [-55.8496037, -1.7580176]]}}, {"type": "Feature", "properties": {"nome": "Sem nome", "tipo": "Vias locais", "classe_osm": "residential", "comprimento_m": 59}, "geometry": {"type": "LineString", "coordinates": [[-55.8472127, -1.7594068], [-55.8475823, -1.7597862]]}}, {"type": "Feature", "properties": {"nome": "Rua Décima Oitava", "tipo": "Vias locais", "classe_osm": "residential", "comprimento_m": 706}, "geometry": {"type": "LineString", "coordinates": [[-55.8541897, -1.7514444], [-55.8551466, -1.7505918], [-55.8567211, -1.749183], [-55.8571108, -1.7488163], [-55.8578088, -1.7481595], [-55.8578422, -1.7481052], [-55.857865, -1.7480422], [-55.8581468, -1.7476872], [-55.8587803, -1.7470818]]}}, {"type": "Feature", "properties": {"nome": "Passagem D", "tipo": "Vias locais", "classe_osm": "residential", "comprimento_m": 859}, "geometry": {"type": "LineString", "coordinates": [[-55.856385, -1.7467257], [-55.8553009, -1.7477245], [-55.8545002, -1.7484701], [-55.8538149, -1.7491374], [-55.8528775, -1.7500167], [-55.8525348, -1.7503137], [-55.8520567, -1.7507687], [-55.8513456, -1.7514202], [-55.8507344, -1.7519953]]}}, {"type": "Feature", "properties": {"nome": "Passagem A", "tipo": "Vias locais", "classe_osm": "residential", "comprimento_m": 465}, "geometry": {"type": "LineString", "coordinates": [[-55.8537653, -1.751655], [-55.8531243, -1.7509497], [-55.8525348, -1.7503137], [-55.8509302, -1.7485851]]}}, {"type": "Feature", "properties": {"nome": "Passagem B", "tipo": "Vias locais", "classe_osm": "residential", "comprimento_m": 466}, "geometry": {"type": "LineString", "coordinates": [[-55.8532967, -1.7521008], [-55.8520567, -1.7507687], [-55.8516014, -1.7502889], [-55.8509081, -1.7495456], [-55.8504468, -1.7490332]]}}, {"type": "Feature", "properties": {"nome": "Sem nome", "tipo": "Vias locais", "classe_osm": "residential", "comprimento_m": 232}, "geometry": {"type": "LineString", "coordinates": [[-55.8512668, -1.7482889], [-55.8509302, -1.7485851], [-55.8504468, -1.7490332], [-55.8497404, -1.7497065]]}}, {"type": "Feature", "properties": {"nome": "Rua Valter Marinho", "tipo": "Vias locais", "classe_osm": "residential", "comprimento_m": 529}, "geometry": {"type": "LineString", "coordinates": [[-55.851812, -1.748886], [-55.8522847, -1.7484497], [-55.852789, -1.7480127], [-55.8535025, -1.7473344], [-55.8542562, -1.7465918], [-55.854781, -1.7460802], [-55.8552599, -1.7456133]]}}, {"type": "Feature", "properties": {"nome": "Travessa Santa Luzia", "tipo": "Vias locais", "classe_osm": "residential", "comprimento_m": 401}, "geometry": {"type": "LineString", "coordinates": [[-55.8578088, -1.7481595], [-55.8573526, -1.747724], [-55.8567975, -1.7471352], [-55.856385, -1.7467257], [-55.8559734, -1.7463171], [-55.855743, -1.7460898], [-55.8554601, -1.7458107], [-55.8552599, -1.7456133]]}}, {"type": "Feature", "properties": {"nome": "Sem nome", "tipo": "Vias locais", "classe_osm": "residential", "comprimento_m": 168}, "geometry": {"type": "LineString", "coordinates": [[-55.8535025, -1.7473344], [-55.8545002, -1.7484701]]}}, {"type": "Feature", "properties": {"nome": "Beco Fenômeno", "tipo": "Vias locais", "classe_osm": "residential", "comprimento_m": 231}, "geometry": {"type": "LineString", "coordinates": [[-55.8560224, -1.7484658], [-55.8554296, -1.7490013], [-55.8545076, -1.7498887]]}}, {"type": "Feature", "properties": {"nome": "Rua Tucumari", "tipo": "Vias locais", "classe_osm": "residential", "comprimento_m": 171}, "geometry": {"type": "LineString", "coordinates": [[-55.8585478, -1.744775], [-55.8588193, -1.7444209], [-55.8592353, -1.7437765], [-55.859401, -1.7434948]]}}, {"type": "Feature", "properties": {"nome": "Sem nome", "tipo": "Vias principais", "classe_osm": "secondary", "comprimento_m": 3392}, "geometry": {"type": "LineString", "coordinates": [[-55.8313027, -1.7211757], [-55.8313876, -1.7214225], [-55.8314794, -1.72165], [-55.8315515, -1.7218531], [-55.8316471, -1.7220809], [-55.8316968, -1.7221932], [-55.8317283, -1.7222539], [-55.8317521, -1.7223042], [-55.8318503, -1.7224965], [-55.8319616, -1.7226788], [-55.8320917, -1.7228759], [-55.8322157, -1.7230414], [-55.8370967, -1.7299135], [-55.8395228, -1.7333277], [-55.8405101, -1.7347009], [-55.84066, -1.7349095], [-55.8418536, -1.7365127], [-55.8433624, -1.7385831], [-55.844969, -1.7407667], [-55.8458407, -1.7419296], [-55.847674, -1.7443318], [-55.8479858, -1.7446903], [-55.8483519, -1.7450858], [-55.8485309, -1.7452842], [-55.8488491, -1.7456368], [-55.8490849, -1.7458981]]}}, {"type": "Feature", "properties": {"nome": "Sem nome", "tipo": "Vias locais", "classe_osm": "unclassified", "comprimento_m": 195}, "geometry": {"type": "LineString", "coordinates": [[-55.8332052, -1.7143291], [-55.8332327, -1.7143476], [-55.8332459, -1.7143568], [-55.8332554, -1.7143681], [-55.8332625, -1.7143845], [-55.8332649, -1.7144028], [-55.8332622, -1.7144277], [-55.8332501, -1.7144546], [-55.8332136, -1.7145129], [-55.8331416, -1.7146299], [-55.8329423, -1.7151325], [-55.8328407, -1.7154081], [-55.8327558, -1.7156385], [-55.8327361, -1.7156881], [-55.8327125, -1.7157324], [-55.8326373, -1.715824], [-55.832559, -1.7158777]]}}, {"type": "Feature", "properties": {"nome": "Sem nome", "tipo": "Vias locais", "classe_osm": "unclassified", "comprimento_m": 57}, "geometry": {"type": "LineString", "coordinates": [[-55.830129, -1.7179998], [-55.830173, -1.7179901], [-55.830218, -1.7179927], [-55.8302606, -1.7180075], [-55.8302848, -1.7180226], [-55.8303079, -1.7180437], [-55.8303265, -1.7180688], [-55.8303401, -1.7180969], [-55.830348, -1.7181271], [-55.8303502, -1.7181583], [-55.8303463, -1.7181893], [-55.8303376, -1.7182169], [-55.830324, -1.7182426], [-55.8302894, -1.7182812], [-55.8302445, -1.7183071]]}}, {"type": "Feature", "properties": {"nome": "Sem nome", "tipo": "Vias locais", "classe_osm": "unclassified", "comprimento_m": 39}, "geometry": {"type": "LineString", "coordinates": [[-55.8306364, -1.7179897], [-55.8305532, -1.7180565], [-55.8304548, -1.7181247], [-55.8303463, -1.7181893]]}}, {"type": "Feature", "properties": {"nome": "Sem nome", "tipo": "Vias locais", "classe_osm": "unclassified", "comprimento_m": 40}, "geometry": {"type": "LineString", "coordinates": [[-55.8302848, -1.7180226], [-55.8303732, -1.717998], [-55.8304601, -1.7179917], [-55.8305392, -1.7179847], [-55.8306364, -1.7179897]]}}, {"type": "Feature", "properties": {"nome": "Sem nome", "tipo": "Vias locais", "classe_osm": "residential", "comprimento_m": 133}, "geometry": {"type": "LineString", "coordinates": [[-55.8521618, -1.7523104], [-55.8518235, -1.7526248], [-55.8517543, -1.752689], [-55.8514969, -1.7529277], [-55.8512936, -1.7531321]]}}, {"type": "Feature", "properties": {"nome": "Sem nome", "tipo": "Vias locais", "classe_osm": "residential", "comprimento_m": 200}, "geometry": {"type": "LineString", "coordinates": [[-55.8518868, -1.7533777], [-55.8514969, -1.7529277], [-55.8510717, -1.7524666], [-55.8510556, -1.7524492], [-55.8508999, -1.7522291], [-55.8507344, -1.7519953]]}}, {"type": "Feature", "properties": {"nome": "Sem nome", "tipo": "Vias locais", "classe_osm": "residential", "comprimento_m": 73}, "geometry": {"type": "LineString", "coordinates": [[-55.8518235, -1.7526248], [-55.851376, -1.7521413]]}}, {"type": "Feature", "properties": {"nome": "Sem nome", "tipo": "Vias locais", "classe_osm": "residential", "comprimento_m": 265}, "geometry": {"type": "LineString", "coordinates": [[-55.8516014, -1.7502889], [-55.8509128, -1.7509604], [-55.8507492, -1.7511065], [-55.8505728, -1.7512527], [-55.850208, -1.7516964], [-55.850035, -1.7520556]]}}, {"type": "Feature", "properties": {"nome": "Sem nome", "tipo": "Vias principais", "classe_osm": "tertiary", "comprimento_m": 698}, "geometry": {"type": "LineString", "coordinates": [[-55.8521079, -1.7557123], [-55.851892, -1.7559219], [-55.851589, -1.7562112], [-55.8512496, -1.7565096], [-55.8509204, -1.7568148], [-55.850778, -1.7569584], [-55.850606, -1.7571155], [-55.8502666, -1.7574117], [-55.8499318, -1.7577249], [-55.8496037, -1.7580176], [-55.8492803, -1.758324], [-55.8489556, -1.7586259], [-55.8486322, -1.7589209], [-55.8482838, -1.759239], [-55.8479487, -1.759552], [-55.8476334, -1.7598386], [-55.8475569, -1.7599129], [-55.8474784, -1.7599539]]}}, {"type": "Feature", "properties": {"nome": "Sem nome", "tipo": "Vias principais", "classe_osm": "tertiary", "comprimento_m": 92}, "geometry": {"type": "LineString", "coordinates": [[-55.8521742, -1.7554671], [-55.8522192, -1.7554745], [-55.8522589, -1.7554967], [-55.8522888, -1.755531], [-55.8523052, -1.7555735], [-55.8523062, -1.755619], [-55.8522917, -1.7556621], [-55.8522634, -1.7556977], [-55.8522283, -1.7557201], [-55.852188, -1.7557305], [-55.8521465, -1.7557278], [-55.8521079, -1.7557123], [-55.8520761, -1.7556856], [-55.8520541, -1.7556504], [-55.8520441, -1.75561], [-55.8520473, -1.7555685], [-55.8520632, -1.7555301], [-55.8520902, -1.7554986], [-55.8521295, -1.7554755], [-55.8521742, -1.7554671]]}}, {"type": "Feature", "properties": {"nome": "Sem nome", "tipo": "Vias locais", "classe_osm": "residential", "comprimento_m": 360}, "geometry": {"type": "LineString", "coordinates": [[-55.8520902, -1.7554986], [-55.8508833, -1.7541709], [-55.8499121, -1.7531036]]}}, {"type": "Feature", "properties": {"nome": "Sem nome", "tipo": "Vias locais", "classe_osm": "residential", "comprimento_m": 868}, "geometry": {"type": "LineString", "coordinates": [[-55.8502513, -1.7522671], [-55.8502308, -1.752301], [-55.8502194, -1.7523197], [-55.8502097, -1.7523358], [-55.8500884, -1.7526342], [-55.8499121, -1.7531036], [-55.8498187, -1.7533453], [-55.849734, -1.7535643], [-55.8496535, -1.7537724], [-55.8495486, -1.7540438], [-55.8494673, -1.7542541], [-55.8493749, -1.7544931], [-55.8492161, -1.7549038], [-55.8491972, -1.7549526], [-55.8487767, -1.7560769], [-55.8487016, -1.7562344], [-55.8486513, -1.7563624], [-55.848471, -1.7568206], [-55.8482802, -1.7573055], [-55.8480955, -1.757775], [-55.8479178, -1.7582267], [-55.8478175, -1.7584751], [-55.8477285, -1.7586852], [-55.8476143, -1.7588498], [-55.8474596, -1.759018], [-55.847216, -1.7593002], [-55.8472056, -1.7593317], [-55.8472038, -1.759364], [-55.8472127, -1.7594068]]}}, {"type": "Feature", "properties": {"nome": "Sem nome", "tipo": "Vias locais", "classe_osm": "residential", "comprimento_m": 365}, "geometry": {"type": "LineString", "coordinates": [[-55.8487767, -1.7560769], [-55.8489033, -1.7559625], [-55.8492314, -1.7556662], [-55.8495659, -1.7553666], [-55.8499032, -1.7550644], [-55.850074, -1.7549114], [-55.8502427, -1.7547604], [-55.8504047, -1.7546153], [-55.8505736, -1.754464], [-55.8507423, -1.7543044], [-55.8508833, -1.7541709], [-55.8511344, -1.753931], [-55.8512018, -1.7538679]]}}, {"type": "Feature", "properties": {"nome": "Travessa Balduino Melo", "tipo": "Vias locais", "classe_osm": "residential", "comprimento_m": 149}, "geometry": {"type": "LineString", "coordinates": [[-55.8510149, -1.7536024], [-55.8509383, -1.7535583], [-55.8508813, -1.753504], [-55.8500884, -1.7526342]]}}, {"type": "Feature", "properties": {"nome": "Sem nome", "tipo": "Vias locais", "classe_osm": "residential", "comprimento_m": 173}, "geometry": {"type": "LineString", "coordinates": [[-55.8503019, -1.7594973], [-55.8492803, -1.758324]]}}, {"type": "Feature", "properties": {"nome": "Sem nome", "tipo": "Vias locais", "classe_osm": "residential", "comprimento_m": 184}, "geometry": {"type": "LineString", "coordinates": [[-55.8500444, -1.7598726], [-55.8489556, -1.7586259]]}}, {"type": "Feature", "properties": {"nome": "Rua João Batista de Oliveira", "tipo": "Vias principais", "classe_osm": "tertiary", "comprimento_m": 614}, "geometry": {"type": "LineString", "coordinates": [[-55.8562994, -1.7517287], [-55.8553448, -1.7526673], [-55.8538095, -1.7540938], [-55.852447, -1.7553532], [-55.8522589, -1.7554967]]}}, {"type": "Feature", "properties": {"nome": "Sem nome", "tipo": "Vias locais", "classe_osm": "residential", "comprimento_m": 371}, "geometry": {"type": "LineString", "coordinates": [[-55.8509731, -1.7479631], [-55.8516812, -1.7473224], [-55.8521801, -1.7468653], [-55.8529278, -1.7461406], [-55.8534281, -1.7457058]]}}, {"type": "Feature", "properties": {"nome": "Sem nome", "tipo": "Vias locais", "classe_osm": "residential", "comprimento_m": 118}, "geometry": {"type": "LineString", "coordinates": [[-55.8521801, -1.7468653], [-55.8516222, -1.7463519], [-55.8515739, -1.7462969], [-55.8515391, -1.7462446], [-55.8514722, -1.7460924]]}}, {"type": "Feature", "properties": {"nome": "Sem nome", "tipo": "Vias locais", "classe_osm": "residential", "comprimento_m": 366}, "geometry": {"type": "LineString", "coordinates": [[-55.8494597, -1.7463063], [-55.8500773, -1.7456816], [-55.8501596, -1.7455972], [-55.8505279, -1.7452192], [-55.851232, -1.7445221], [-55.8512503, -1.7445055], [-55.8518083, -1.7440013]]}}, {"type": "Feature", "properties": {"nome": "Sem nome", "tipo": "Vias locais", "classe_osm": "residential", "comprimento_m": 805}, "geometry": {"type": "LineString", "coordinates": [[-55.8483519, -1.7450858], [-55.8493319, -1.7423403], [-55.8494784, -1.7418712], [-55.8497564, -1.7408119], [-55.84977, -1.740682], [-55.8497769, -1.7403608], [-55.8499466, -1.7397002], [-55.8500115, -1.7393722], [-55.8501299, -1.7392013], [-55.8503577, -1.7390237], [-55.8510001, -1.7385954]]}}, {"type": "Feature", "properties": {"nome": "Sem nome", "tipo": "Vias locais", "classe_osm": "residential", "comprimento_m": 316}, "geometry": {"type": "LineString", "coordinates": [[-55.8505279, -1.7452192], [-55.8499608, -1.7446164], [-55.8499525, -1.7446014], [-55.8499502, -1.7445804], [-55.8499505, -1.7445566], [-55.8499539, -1.7445358], [-55.8500049, -1.744435], [-55.8501376, -1.7442017], [-55.8502221, -1.7441106], [-55.850312, -1.7440382], [-55.8503562, -1.7439846], [-55.8504179, -1.7438773], [-55.8505078, -1.743695], [-55.8506727, -1.7435094], [-55.8511044, -1.7430024]]}}, {"type": "Feature", "properties": {"nome": "Sem nome", "tipo": "Vias locais", "classe_osm": "residential", "comprimento_m": 323}, "geometry": {"type": "LineString", "coordinates": [[-55.8552599, -1.7456133], [-55.8552761, -1.7455684], [-55.8552861, -1.7455261], [-55.8552969, -1.745497], [-55.8553131, -1.7454708], [-55.8554374, -1.7453398], [-55.8554873, -1.7452869], [-55.8555074, -1.7452731], [-55.8555201, -1.7452684], [-55.8555369, -1.7452654], [-55.855559, -1.7452721], [-55.8556087, -1.745311], [-55.8559057, -1.7454873], [-55.8559728, -1.7455167], [-55.856016, -1.7455345], [-55.8560703, -1.7455479], [-55.856132, -1.7455566], [-55.856188, -1.745559], [-55.8562856, -1.7455596], [-55.8563365, -1.745566], [-55.8563912, -1.7455797], [-55.8565139, -1.7456273], [-55.8572193, -1.7458914], [-55.8575483, -1.7460067], [-55.8575942, -1.7460121], [-55.8576408, -1.7460067], [-55.8576954, -1.7459759], [-55.8578029, -1.7459112]]}}, {"type": "Feature", "properties": {"nome": "Sem nome", "tipo": "Vias locais", "classe_osm": "unclassified", "comprimento_m": 10216}, "geometry": {"type": "LineString", "coordinates": [[-55.8433624, -1.7385831], [-55.8435971, -1.7377098], [-55.843876, -1.7369363], [-55.8439323, -1.7367674], [-55.8439551, -1.7366722], [-55.8439632, -1.7365677], [-55.8439444, -1.7364309], [-55.8438975, -1.7361816], [-55.8438371, -1.7359068], [-55.8437929, -1.735632], [-55.8437218, -1.7353398], [-55.8435085, -1.7346521], [-55.8433047, -1.7339725], [-55.843188, -1.733573], [-55.8431451, -1.7334135], [-55.8430975, -1.7332647], [-55.8430445, -1.7331253], [-55.8429419, -1.7328746], [-55.8428192, -1.7325542], [-55.8427119, -1.7322674], [-55.8425993, -1.732002], [-55.8424853, -1.7317727], [-55.842374, -1.7315636], [-55.8422546, -1.7313505], [-55.8420172, -1.7310167], [-55.8414848, -1.7302419], [-55.8409712, -1.7294416], [-55.8409028, -1.7293156], [-55.8408465, -1.7291775], [-55.8408196, -1.7291078], [-55.8408009, -1.7290194], [-55.8407848, -1.7289403], [-55.8407821, -1.7288665], [-55.8407901, -1.7287875], [-55.8410838, -1.7275448], [-55.8413628, -1.7263786], [-55.8419355, -1.7239965], [-55.8424772, -1.7217927], [-55.8427763, -1.7205286], [-55.8428916, -1.7200246], [-55.8429372, -1.7198048], [-55.8429601, -1.7196023], [-55.8429667, -1.7194241], [-55.8429641, -1.7192632], [-55.8429667, -1.718912], [-55.8429506, -1.7187243], [-55.8429238, -1.7185635], [-55.8428783, -1.7183007], [-55.8427615, -1.7177216], [-55.8427106, -1.7173503], [-55.8426771, -1.7169978], [-55.8426568, -1.7168384], [-55.8426355, -1.7166707], [-55.8426114, -1.7164374], [-55.8425161, -1.7148784], [-55.8425161, -1.7140701], [-55.8425134, -1.7136599], [-55.8424974, -1.7132658], [-55.8424947, -1.7117564], [-55.8425376, -1.7109776], [-55.8425617, -1.7105781], [-55.8425698, -1.7104548], [-55.8425792, -1.7104146], [-55.8425892, -1.7103757], [-55.8426026, -1.7103321], [-55.842618, -1.7102926], [-55.8426583, -1.7102161], [-55.842716, -1.7101317], [-55.8427535, -1.7100855], [-55.8427924, -1.710054], [-55.8429185, -1.7099695], [-55.8431478, -1.7098368], [-55.843817, -1.7094909], [-55.844458, -1.7091424], [-55.8446203, -1.709074], [-55.8447504, -1.7090244], [-55.8448805, -1.7089842], [-55.8450133, -1.7089655], [-55.8465381, -1.7089333], [-55.8472663, -1.70894], [-55.847332, -1.7089333], [-55.8474045, -1.7089051], [-55.8474568, -1.7088622], [-55.8474983, -1.7087845], [-55.8475533, -1.7080713], [-55.8475922, -1.7079172], [-55.8476432, -1.7077376], [-55.8477116, -1.7075231], [-55.8478189, -1.7072442], [-55.8480334, -1.7068341], [-55.8483607, -1.7062308], [-55.8487093, -1.7056759], [-55.8488864, -1.7054641], [-55.8490285, -1.7052817], [-55.8496481, -1.7044158], [-55.8497567, -1.7042817], [-55.8498546, -1.7041772], [-55.8500773, -1.7039774], [-55.8504193, -1.7036879], [-55.8506365, -1.7035337], [-55.8508176, -1.7034184], [-55.8513015, -1.7031571], [-55.8518824, -1.7028434], [-55.8528869, -1.7022844], [-55.8530881, -1.7021624], [-55.8533268, -1.7019975], [-55.8541435, -1.7014559], [-55.8545673, -1.7011771], [-55.8552137, -1.700716], [-55.8556938, -1.7003621], [-55.8563241, -1.6999894], [-55.8565441, -1.6998446], [-55.8568096, -1.6995953], [-55.8584619, -1.6978043], [-55.859406, -1.6972467], [-55.8608651, -1.6964531], [-55.8617878, -1.6958525], [-55.8628178, -1.6955523], [-55.8645773, -1.6953592], [-55.8659935, -1.6952091], [-55.8674312, -1.6957882], [-55.8693409, -1.6965174], [-55.8715725, -1.6971394], [-55.8720446, -1.6971823], [-55.8724308, -1.6970108], [-55.8739758, -1.6951877], [-55.876894, -1.6928927], [-55.8780742, -1.6917988], [-55.87919, -1.6912197], [-55.879941, -1.690469], [-55.8808851, -1.6885816], [-55.8807993, -1.6879167], [-55.8808208, -1.6864582], [-55.8802843, -1.6839487], [-55.8804131, -1.6836055], [-55.8813143, -1.6828334], [-55.8823014, -1.6822328], [-55.8825588, -1.6816752], [-55.8826661, -1.6806028], [-55.8844686, -1.6791657], [-55.8870006, -1.6785223]]}}, {"type": "Feature", "properties": {"nome": "Sem nome", "tipo": "Vias locais", "classe_osm": "residential", "comprimento_m": 362}, "geometry": {"type": "LineString", "coordinates": [[-55.8518083, -1.7440013], [-55.8518093, -1.7439819], [-55.8518063, -1.7439608], [-55.8517992, -1.743938], [-55.8511044, -1.7430024], [-55.8503202, -1.7422073], [-55.8502051, -1.7421217], [-55.8494784, -1.7418712]]}}, {"type": "Feature", "properties": {"nome": "Ramal Maria da Fé", "tipo": "Vias locais", "classe_osm": "unclassified", "comprimento_m": 811}, "geometry": {"type": "LineString", "coordinates": [[-55.8461693, -1.7499517], [-55.846113, -1.7500107], [-55.8460151, -1.7501206], [-55.8456027, -1.7506032], [-55.8451514, -1.7511092], [-55.8449126, -1.7513874], [-55.8447975, -1.7514976], [-55.8445715, -1.7517344], [-55.8444688, -1.7518344], [-55.8442676, -1.7520784], [-55.8441281, -1.7522475], [-55.8438827, -1.7525449], [-55.8435125, -1.7529495], [-55.843467, -1.7529993], [-55.8434234, -1.7530395], [-55.8433845, -1.7530817], [-55.84318, -1.7532982], [-55.8427978, -1.753752], [-55.8426999, -1.753872], [-55.8424048, -1.7542064], [-55.8423404, -1.7542949], [-55.841985, -1.7547084], [-55.8418492, -1.7548512], [-55.8417571, -1.754948], [-55.8413585, -1.75543]]}}, {"type": "Feature", "properties": {"nome": "Travessa Carlos Maria Teixeira", "tipo": "Vias principais", "classe_osm": "secondary", "comprimento_m": 581}, "geometry": {"type": "LineString", "coordinates": [[-55.8541033, -1.7513452], [-55.8541897, -1.7514444], [-55.854574, -1.7518612], [-55.8553448, -1.7526673], [-55.8559359, -1.7533378], [-55.8565162, -1.7539826], [-55.8575135, -1.7550463], [-55.8576491, -1.7551877]]}}, {"type": "Feature", "properties": {"nome": "Sem nome", "tipo": "Vias principais", "classe_osm": "secondary", "comprimento_m": 37}, "geometry": {"type": "LineString", "coordinates": [[-55.8303656, -1.7186182], [-55.8302445, -1.7183071]]}}, {"type": "Feature", "properties": {"nome": "Sem nome", "tipo": "Vias locais", "classe_osm": "unclassified", "comprimento_m": 7860}, "geometry": {"type": "LineString", "coordinates": [[-55.8405101, -1.7347009], [-55.8398755, -1.7350087], [-55.8375245, -1.7360811], [-55.8344078, -1.7375368], [-55.8342254, -1.7376106], [-55.834161, -1.737624], [-55.8340913, -1.7376226], [-55.8340229, -1.7376052], [-55.8339612, -1.7375623], [-55.8338982, -1.7374886], [-55.832482, -1.735687], [-55.8322594, -1.7354215], [-55.831967, -1.7351106], [-55.8308941, -1.7340864], [-55.8299312, -1.7330757], [-55.8292982, -1.7323679], [-55.829207, -1.7322875], [-55.8291185, -1.7322553], [-55.8290541, -1.7322553], [-55.8289897, -1.7322714], [-55.8289441, -1.7322955], [-55.8288838, -1.7323424], [-55.8285338, -1.7326642], [-55.8283205, -1.732829], [-55.8280858, -1.7329899], [-55.8279893, -1.7330408], [-55.8277962, -1.7331025], [-55.8267501, -1.7334591], [-55.8260125, -1.7337138], [-55.8256343, -1.73388], [-55.8252695, -1.7340462], [-55.8243442, -1.7345556], [-55.8237058, -1.7348988], [-55.8233786, -1.7350489], [-55.8223941, -1.7354577], [-55.8223245, -1.7354933], [-55.8222574, -1.7355341], [-55.8221474, -1.7356039], [-55.8220616, -1.7356682], [-55.8220026, -1.7357245], [-55.8219436, -1.7357902], [-55.8219194, -1.7358224], [-55.8219007, -1.7358586], [-55.8218732, -1.735935], [-55.8217894, -1.7362325], [-55.8217102, -1.736561], [-55.8216674, -1.7366775], [-55.821662, -1.7366923], [-55.8216056, -1.7368076], [-55.8214608, -1.7370114], [-55.8212596, -1.7372299], [-55.8211248, -1.7373552], [-55.8210732, -1.7373988], [-55.8210102, -1.7374417], [-55.8209599, -1.7374678], [-55.8209029, -1.7374832], [-55.8208264, -1.7374926], [-55.8207661, -1.7374973], [-55.8206977, -1.7374926], [-55.8206239, -1.7374785], [-55.8205508, -1.737455], [-55.8202793, -1.7373465], [-55.8200902, -1.7372687], [-55.8200499, -1.7372473], [-55.820007, -1.7372191], [-55.8199775, -1.737193], [-55.819949, -1.7371618], [-55.8199125, -1.7371045], [-55.8198568, -1.7369846], [-55.8197965, -1.7368197], [-55.8195806, -1.7362902], [-55.819484, -1.7360274], [-55.8194438, -1.7358988], [-55.8194062, -1.7357714], [-55.8193894, -1.735699], [-55.8193741, -1.735628], [-55.8193506, -1.7354786], [-55.8193418, -1.7353947], [-55.8193365, -1.7353089], [-55.8193385, -1.7352433], [-55.8193432, -1.735187], [-55.8193506, -1.7351132], [-55.8193639, -1.7350341], [-55.8193921, -1.7349215], [-55.8194149, -1.7347922], [-55.8194216, -1.7347225], [-55.8194223, -1.7346669], [-55.8194203, -1.7346307], [-55.8194169, -1.7345945], [-55.8194076, -1.7345589], [-55.8193928, -1.7345194], [-55.8193687, -1.7344791], [-55.8193304, -1.7344316], [-55.8192634, -1.7343725], [-55.8190213, -1.7341763], [-55.818446, -1.7336789], [-55.8183937, -1.73364], [-55.8183199, -1.7336012], [-55.8181751, -1.7335609], [-55.8180195, -1.7335341], [-55.8178318, -1.7335207], [-55.8173838, -1.7335261], [-55.8171156, -1.7335542], [-55.8170351, -1.733567], [-55.8169433, -1.7335837], [-55.8168501, -1.7336159], [-55.8166918, -1.7336776], [-55.8166455, -1.7336883], [-55.8165819, -1.733695], [-55.8164672, -1.7336843], [-55.8163364, -1.7336682], [-55.8162466, -1.7336427], [-55.8161755, -1.7336025], [-55.816091, -1.7335395], [-55.8160186, -1.7334577], [-55.8159743, -1.7333894], [-55.8159489, -1.7333431], [-55.8159294, -1.7332875], [-55.81591, -1.7332272], [-55.8158603, -1.7330529], [-55.8158134, -1.7329229], [-55.8157651, -1.7328585], [-55.8156954, -1.7327727], [-55.8155841, -1.7326789], [-55.8152474, -1.7324242], [-55.8149457, -1.7321829], [-55.814888, -1.7321146], [-55.8148331, -1.7320515], [-55.8146533, -1.7318317], [-55.8145688, -1.7317446], [-55.8145139, -1.731695], [-55.8144602, -1.7316548], [-55.8143758, -1.7316092], [-55.8142322, -1.7315583], [-55.8138648, -1.7314631], [-55.8136448, -1.7314028], [-55.8135027, -1.7313357], [-55.8132184, -1.7312419], [-55.8129609, -1.7311481], [-55.8128428, -1.7310998], [-55.8125505, -1.7309658], [-55.8124727, -1.7309175], [-55.8123735, -1.7308532], [-55.8118236, -1.7305207], [-55.8116546, -1.7304349], [-55.8115259, -1.7303974], [-55.8113328, -1.7303706], [-55.8110833, -1.7303491], [-55.8108915, -1.7303478], [-55.8106998, -1.7303545], [-55.8105522, -1.7303639], [-55.8104195, -1.7303773], [-55.810213, -1.7304041], [-55.8099836, -1.7304336], [-55.8097423, -1.7304671], [-55.8095826, -1.7304738], [-55.809478, -1.7304738], [-55.8093801, -1.7304778], [-55.8093017, -1.7304865], [-55.809189, -1.7305113], [-55.809073, -1.7305569], [-55.808959, -1.7306145], [-55.8088625, -1.7306682], [-55.8087713, -1.7307379], [-55.8086747, -1.7308263], [-55.8086103, -1.7309027], [-55.8085567, -1.7309926], [-55.8084896, -1.7311534], [-55.8084347, -1.7313062], [-55.8083582, -1.7316776], [-55.8083448, -1.7318277], [-55.8083233, -1.7320247], [-55.8083086, -1.7321253], [-55.8082871, -1.7322191], [-55.8082549, -1.7323036], [-55.8081651, -1.7324711], [-55.8078392, -1.7329524], [-55.807642, -1.7332044], [-55.8075227, -1.7333304], [-55.8074898, -1.7333619], [-55.8074503, -1.7333907], [-55.807398, -1.7334269], [-55.8073343, -1.7334644], [-55.8072276, -1.7335294], [-55.8071177, -1.7336092], [-55.807054, -1.7336608], [-55.8069943, -1.7337144], [-55.8068897, -1.733821], [-55.8067985, -1.7339336], [-55.8066349, -1.7340931], [-55.8064364, -1.7342513], [-55.8063599, -1.7343089], [-55.8062942, -1.7343559], [-55.806254, -1.73438], [-55.8062258, -1.7343934], [-55.8061789, -1.7344068], [-55.8061306, -1.7344175], [-55.8060649, -1.7344282], [-55.8060046, -1.7344282], [-55.8058114, -1.7344175], [-55.805161, -1.7343277], [-55.8050001, -1.7343183], [-55.804709, -1.7343223], [-55.8046366, -1.734317], [-55.804528, -1.7343036], [-55.8042504, -1.7342459], [-55.8041914, -1.7342352], [-55.8041391, -1.7342312], [-55.8040774, -1.7342312], [-55.8039822, -1.7342419], [-55.8038481, -1.7342674], [-55.8034913, -1.7343813], [-55.802979, -1.7345971], [-55.8024748, -1.7348599], [-55.8020684, -1.7350543], [-55.8008829, -1.735628], [-55.79981, -1.7360717], [-55.7992829, -1.7362835], [-55.7992266, -1.7363116], [-55.7990871, -1.7363867], [-55.7985346, -1.7367634], [-55.798485, -1.736813], [-55.7984622, -1.7368505], [-55.7984394, -1.7369095], [-55.7984166, -1.7369886], [-55.7984059, -1.7370409], [-55.7984045, -1.7371039], [-55.7984139, -1.7373317], [-55.79843, -1.7374564], [-55.7984568, -1.7375838], [-55.7984877, -1.7376776], [-55.7985735, -1.7378961], [-55.7987934, -1.7385328], [-55.7988618, -1.7387151], [-55.7988779, -1.7387607], [-55.798894, -1.7388264], [-55.7989168, -1.7389591], [-55.7989537, -1.7393224], [-55.7989691, -1.7394417], [-55.7989839, -1.7395221], [-55.799012, -1.7396427], [-55.7990724, -1.7398693], [-55.7991368, -1.7400985], [-55.7991931, -1.740309], [-55.7992212, -1.740443], [-55.7992347, -1.740494], [-55.7993393, -1.7408478], [-55.7993728, -1.7409511], [-55.7994077, -1.7410462], [-55.7994278, -1.7410911], [-55.7994506, -1.7411374], [-55.7994908, -1.7412011], [-55.7995297, -1.741254], [-55.7995847, -1.741321], [-55.7996316, -1.7413746], [-55.799688, -1.7414269], [-55.7997859, -1.7415127], [-55.7998878, -1.7416079], [-55.7999468, -1.7416749], [-55.7999977, -1.7417379], [-55.8000755, -1.7418492], [-55.8001627, -1.7419765], [-55.800219, -1.7420583], [-55.8002673, -1.7421508], [-55.800329, -1.7422795], [-55.8004296, -1.7424886], [-55.8004886, -1.7425938], [-55.8005094, -1.7426226], [-55.8005375, -1.7426582], [-55.8005771, -1.7426923], [-55.8006247, -1.7427232], [-55.800681, -1.742752], [-55.8009345, -1.7428472], [-55.8010465, -1.7428887], [-55.8010894, -1.7429088], [-55.801129, -1.742931], [-55.8011712, -1.7429564], [-55.8012081, -1.7429859], [-55.8012342, -1.7430161], [-55.8012497, -1.7430409], [-55.8012597, -1.7430637], [-55.8012731, -1.7431059], [-55.8012986, -1.7432017], [-55.80131, -1.7432574], [-55.8013181, -1.7433137], [-55.8013234, -1.7433995], [-55.8013804, -1.7442661], [-55.8013791, -1.7443961], [-55.8013764, -1.7445114], [-55.8013536, -1.7449243], [-55.8013536, -1.7450864], [-55.8013563, -1.7451629], [-55.8013603, -1.7452178], [-55.801369, -1.7452714], [-55.8013838, -1.7453398], [-55.8014508, -1.745571], [-55.8014777, -1.7456635], [-55.8015105, -1.7457842], [-55.8015246, -1.745823], [-55.8015407, -1.7458566], [-55.8015601, -1.7458847], [-55.8015843, -1.7459108], [-55.8016272, -1.7459544], [-55.80177, -1.7460844], [-55.801996, -1.7462607], [-55.8021086, -1.7463599], [-55.8021851, -1.7464377], [-55.8022682, -1.7465355], [-55.8023219, -1.7466072], [-55.8023655, -1.7466789], [-55.8024506, -1.7468324], [-55.8025083, -1.7469309], [-55.8025633, -1.7470255], [-55.8026035, -1.7471092], [-55.8026424, -1.7472111], [-55.8026974, -1.7473666], [-55.802739, -1.747506], [-55.8027966, -1.7477433], [-55.8028221, -1.7478921], [-55.8028865, -1.7483237], [-55.8029388, -1.7486709], [-55.8030166, -1.7491133], [-55.8030877, -1.749447], [-55.803207, -1.7498921], [-55.8032633, -1.7501146], [-55.8033371, -1.7504551], [-55.8034471, -1.7509899], [-55.8034699, -1.7510985], [-55.8034953, -1.7511964], [-55.803557, -1.751376], [-55.8035979, -1.7514691], [-55.8036402, -1.7515529], [-55.8037274, -1.751699], [-55.8038132, -1.7518304], [-55.803899, -1.7519638], [-55.8039252, -1.752006], [-55.8039366, -1.7520295], [-55.8039414, -1.7520435], [-55.8039433, -1.7520596], [-55.8039433, -1.7520811], [-55.8039386, -1.7521461], [-55.8039299, -1.7522325]]}}, {"type": "Feature", "properties": {"nome": "Sem nome", "tipo": "Vias locais", "classe_osm": "unclassified", "comprimento_m": 1776}, "geometry": {"type": "LineString", "coordinates": [[-55.8291315, -1.7153121], [-55.828688, -1.7154307], [-55.8279128, -1.715672], [-55.8277452, -1.7157136], [-55.8272691, -1.7158168], [-55.8270921, -1.7158637], [-55.8268856, -1.7159213], [-55.82673, -1.715975], [-55.8265731, -1.7160407], [-55.8261734, -1.7162176], [-55.8257094, -1.7164294], [-55.8256075, -1.7164736], [-55.8255056, -1.7165071], [-55.8253701, -1.716542], [-55.8251072, -1.7166037], [-55.8248001, -1.7166693], [-55.8243804, -1.7167806], [-55.824202, -1.7168436], [-55.8241309, -1.7168637], [-55.823974, -1.7168972], [-55.8237205, -1.7169442], [-55.8234778, -1.716987], [-55.8229668, -1.7170447], [-55.8228274, -1.7170688], [-55.8224975, -1.7171318], [-55.8222386, -1.7171707], [-55.8219798, -1.7172109], [-55.8218819, -1.717223], [-55.8217746, -1.7172337], [-55.8215694, -1.7172471], [-55.8212087, -1.7172686], [-55.8209284, -1.7172833], [-55.8206306, -1.7172967], [-55.8204469, -1.7173088], [-55.8201706, -1.7173436], [-55.8199695, -1.7173731], [-55.8197978, -1.7174147], [-55.819661, -1.7174602], [-55.8196168, -1.7174817], [-55.8195618, -1.7175125], [-55.8195148, -1.7175434], [-55.8194692, -1.7175822], [-55.8194277, -1.7176358], [-55.8193861, -1.7176948], [-55.8193271, -1.7178034], [-55.819146, -1.7181144], [-55.8190736, -1.7182498], [-55.8190173, -1.7183624], [-55.8189596, -1.7184817], [-55.8189234, -1.7185715], [-55.8188912, -1.7186654], [-55.8188175, -1.7188584], [-55.8187705, -1.7189804], [-55.8187383, -1.7190447], [-55.8185519, -1.7193571], [-55.8182716, -1.7198088], [-55.8180423, -1.7201252], [-55.817762, -1.7205689], [-55.8175823, -1.7208517], [-55.8175032, -1.7209549], [-55.8174294, -1.7210327], [-55.8173288, -1.7211144], [-55.8172162, -1.7211694], [-55.8170713, -1.7212351], [-55.81696, -1.7212834], [-55.8169198, -1.7213075], [-55.816893, -1.7213262], [-55.8168333, -1.7213792], [-55.8167595, -1.7214643], [-55.8167341, -1.7215019], [-55.8167059, -1.7215494], [-55.8166878, -1.721593], [-55.8166771, -1.7216369], [-55.8166697, -1.7216875], [-55.8166653, -1.7217271], [-55.816662, -1.7217448], [-55.8166569, -1.7217626], [-55.8166445, -1.7217827], [-55.8166248, -1.7218028], [-55.8166067, -1.7218172], [-55.8165862, -1.7218269], [-55.8165567, -1.7218336], [-55.8165242, -1.7218356], [-55.816492, -1.7218323], [-55.8164638, -1.7218263], [-55.8164129, -1.7218061], [-55.8163445, -1.7217673], [-55.8162573, -1.7216976], [-55.8160923, -1.7215521], [-55.8159871, -1.7214569]]}}, {"type": "Feature", "properties": {"nome": "Travessa Rosivaldo Silva", "tipo": "Vias locais", "classe_osm": "residential", "comprimento_m": 169}, "geometry": {"type": "LineString", "coordinates": [[-55.8457851, -1.7537184], [-55.8455853, -1.7536871], [-55.8452801, -1.753555], [-55.8443598, -1.7531917]]}}, {"type": "Feature", "properties": {"nome": "Sem nome", "tipo": "Vias locais", "classe_osm": "residential", "comprimento_m": 128}, "geometry": {"type": "LineString", "coordinates": [[-55.8489233, -1.7549001], [-55.8478968, -1.7543858]]}}, {"type": "Feature", "properties": {"nome": "Sem nome", "tipo": "Vias locais", "classe_osm": "residential", "comprimento_m": 313}, "geometry": {"type": "LineString", "coordinates": [[-55.8489233, -1.7549001], [-55.8487657, -1.7552621], [-55.8487533, -1.7552704], [-55.8487244, -1.75527], [-55.8477374, -1.7548879], [-55.8464965, -1.7544457]]}}, {"type": "Feature", "properties": {"nome": "Sem nome", "tipo": "Vias locais", "classe_osm": "residential", "comprimento_m": 230}, "geometry": {"type": "LineString", "coordinates": [[-55.8484298, -1.7557398], [-55.8475786, -1.7553227], [-55.8465287, -1.7549372]]}}, {"type": "Feature", "properties": {"nome": "Sem nome", "tipo": "Vias locais", "classe_osm": "residential", "comprimento_m": 224}, "geometry": {"type": "LineString", "coordinates": [[-55.8483555, -1.7561499], [-55.8474566, -1.7558137], [-55.8464586, -1.7554725]]}}, {"type": "Feature", "properties": {"nome": "Sem nome", "tipo": "Vias locais", "classe_osm": "residential", "comprimento_m": 213}, "geometry": {"type": "LineString", "coordinates": [[-55.848204, -1.756498], [-55.8473289, -1.7561797], [-55.8464061, -1.7558399]]}}, {"type": "Feature", "properties": {"nome": "Sem nome", "tipo": "Vias locais", "classe_osm": "residential", "comprimento_m": 104}, "geometry": {"type": "LineString", "coordinates": [[-55.848071, -1.7569309], [-55.847191, -1.7566105]]}}, {"type": "Feature", "properties": {"nome": "Sem nome", "tipo": "Vias locais", "classe_osm": "residential", "comprimento_m": 102}, "geometry": {"type": "LineString", "coordinates": [[-55.8479047, -1.7573599], [-55.8470377, -1.7570475]]}}, {"type": "Feature", "properties": {"nome": "Sem nome", "tipo": "Vias locais", "classe_osm": "residential", "comprimento_m": 174}, "geometry": {"type": "LineString", "coordinates": [[-55.849312, -1.7492444], [-55.8481559, -1.7503041]]}}, {"type": "Feature", "properties": {"nome": "Sem nome", "tipo": "Vias locais", "classe_osm": "residential", "comprimento_m": 118}, "geometry": {"type": "LineString", "coordinates": [[-55.848248, -1.7539068], [-55.8490461, -1.7546134]]}}, {"type": "Feature", "properties": {"nome": "Sem nome", "tipo": "Vias locais", "classe_osm": "residential", "comprimento_m": 698}, "geometry": {"type": "LineString", "coordinates": [[-55.8462559, -1.7591363], [-55.8464922, -1.7585475], [-55.8470377, -1.7570475], [-55.847191, -1.7566105], [-55.8473289, -1.7561797], [-55.8474566, -1.7558137], [-55.8475786, -1.7553227], [-55.8476973, -1.7550329], [-55.8477374, -1.7548879], [-55.8477888, -1.7546651], [-55.8478968, -1.7543858], [-55.8479746, -1.7542575], [-55.848248, -1.7539068], [-55.8485584, -1.7533345]]}}, {"type": "Feature", "properties": {"nome": "Sem nome", "tipo": "Vias locais", "classe_osm": "residential", "comprimento_m": 343}, "geometry": {"type": "LineString", "coordinates": [[-55.8518505, -1.7545597], [-55.8512018, -1.7538679], [-55.8511605, -1.7538244], [-55.8510475, -1.7536729], [-55.8510149, -1.7536024], [-55.8502848, -1.7523177], [-55.8502513, -1.7522671], [-55.850206, -1.7522339], [-55.8500075, -1.7521427]]}}, {"type": "Feature", "properties": {"nome": "Sem nome", "tipo": "Vias locais", "classe_osm": "residential", "comprimento_m": 445}, "geometry": {"type": "LineString", "coordinates": [[-55.850035, -1.7520556], [-55.8499633, -1.7520275], [-55.8486562, -1.7507811], [-55.8486019, -1.7507293], [-55.8481559, -1.7503041], [-55.8472073, -1.749325], [-55.8471456, -1.7492982]]}}, {"type": "Feature", "properties": {"nome": "Sem nome", "tipo": "Vias locais", "classe_osm": "residential", "comprimento_m": 305}, "geometry": {"type": "LineString", "coordinates": [[-55.8490461, -1.7546134], [-55.8491134, -1.7544424], [-55.8493066, -1.753958], [-55.849534, -1.7533467], [-55.8498009, -1.7526741], [-55.8500075, -1.7521427], [-55.850035, -1.7520556]]}}, {"type": "Feature", "properties": {"nome": "Sem nome", "tipo": "Vias locais", "classe_osm": "unclassified", "comprimento_m": 493}, "geometry": {"type": "LineString", "coordinates": [[-55.8426568, -1.7168384], [-55.8384365, -1.7154884]]}}, {"type": "Feature", "properties": {"nome": "Sem nome", "tipo": "Vias locais", "classe_osm": "unclassified", "comprimento_m": 378}, "geometry": {"type": "LineString", "coordinates": [[-55.8513015, -1.7031571], [-55.8508873, -1.7017937], [-55.8500075, -1.7008607], [-55.8494711, -1.700421]]}}, {"type": "Feature", "properties": {"nome": "Sem nome", "tipo": "Vias locais", "classe_osm": "service", "comprimento_m": 11}, "geometry": {"type": "LineString", "coordinates": [[-55.8328407, -1.7154081], [-55.8329368, -1.7154296]]}}, {"type": "Feature", "properties": {"nome": "Sem nome", "tipo": "Vias locais", "classe_osm": "service", "comprimento_m": 36}, "geometry": {"type": "LineString", "coordinates": [[-55.8329368, -1.7154296], [-55.8331445, -1.7154468], [-55.8332531, -1.7154776]]}}, {"type": "Feature", "properties": {"nome": "Sem nome", "tipo": "Caminhos e trilhas", "classe_osm": "track", "comprimento_m": 1627}, "geometry": {"type": "LineString", "coordinates": [[-55.8412904, -1.7052898], [-55.837436, -1.7153141], [-55.8362907, -1.7182766], [-55.8360708, -1.7189629]]}}, {"type": "Feature", "properties": {"nome": "Sem nome", "tipo": "Caminhos e trilhas", "classe_osm": "track", "comprimento_m": 833}, "geometry": {"type": "LineString", "coordinates": [[-55.8314794, -1.72165], [-55.8346707, -1.7228075], [-55.8347565, -1.7224], [-55.8360708, -1.7189629]]}}, {"type": "Feature", "properties": {"nome": "Sem nome", "tipo": "Caminhos e trilhas", "classe_osm": "track", "comprimento_m": 120}, "geometry": {"type": "LineString", "coordinates": [[-55.837436, -1.7153141], [-55.8377606, -1.7154884], [-55.837951, -1.7154079], [-55.8382729, -1.7155098], [-55.8384365, -1.7154884]]}}, {"type": "Feature", "properties": {"nome": "Sem nome", "tipo": "Caminhos e trilhas", "classe_osm": "track", "comprimento_m": 349}, "geometry": {"type": "LineString", "coordinates": [[-55.8435059, -1.7060941], [-55.8416176, -1.704641], [-55.8414781, -1.7047804], [-55.8414352, -1.7050967], [-55.8412904, -1.7052898]]}}, {"type": "Feature", "properties": {"nome": "Sem nome", "tipo": "Caminhos e trilhas", "classe_osm": "track", "comprimento_m": 502}, "geometry": {"type": "LineString", "coordinates": [[-55.842618, -1.7102926], [-55.8425832, -1.7073005], [-55.8431196, -1.7067214], [-55.8435059, -1.7060941]]}}, {"type": "Feature", "properties": {"nome": "Sem nome", "tipo": "Caminhos e trilhas", "classe_osm": "track", "comprimento_m": 951}, "geometry": {"type": "LineString", "coordinates": [[-55.8494711, -1.700421], [-55.8486343, -1.7016329], [-55.8462954, -1.7033594], [-55.8447933, -1.7038849], [-55.8437634, -1.7053327], [-55.8435059, -1.7060941]]}}, {"type": "Feature", "properties": {"nome": "Sem nome", "tipo": "Caminhos e trilhas", "classe_osm": "track", "comprimento_m": 4331}, "geometry": {"type": "LineString", "coordinates": [[-55.850941, -1.6668757], [-55.852561, -1.6681948], [-55.8546531, -1.6701252], [-55.8565199, -1.6713478], [-55.8577538, -1.6730958], [-55.8571422, -1.6746616], [-55.8567345, -1.6774499], [-55.8562946, -1.6781469], [-55.8563268, -1.6793588], [-55.8562517, -1.68071], [-55.8565951, -1.6842383], [-55.8561015, -1.6867585], [-55.8558869, -1.6886567], [-55.8554471, -1.689654], [-55.853827, -1.6920026], [-55.8534515, -1.6937614], [-55.852561, -1.6948338], [-55.8517242, -1.6954236], [-55.8508659, -1.6964638], [-55.8503294, -1.6987266], [-55.8494711, -1.700421]]}}, {"type": "Feature", "properties": {"nome": "Sem nome", "tipo": "Caminhos e trilhas", "classe_osm": "path", "comprimento_m": 45}, "geometry": {"type": "LineString", "coordinates": [[-55.8378828, -1.7566107], [-55.837896, -1.7565783], [-55.8379171, -1.7565427], [-55.8379178, -1.7565163], [-55.837909, -1.7564806], [-55.8378928, -1.7564592], [-55.8378835, -1.7564281], [-55.8378865, -1.7564005], [-55.837894, -1.7563772], [-55.8379133, -1.7563705], [-55.8379443, -1.7563746], [-55.8379631, -1.7563716], [-55.8379701, -1.7563501], [-55.8379818, -1.7563313], [-55.8380112, -1.7563092]]}}, {"type": "Feature", "properties": {"nome": "Sem nome", "tipo": "Caminhos e trilhas", "classe_osm": "track", "comprimento_m": 57}, "geometry": {"type": "LineString", "coordinates": [[-55.8389306, -1.7534205], [-55.8389742, -1.753386], [-55.839041, -1.7533469], [-55.839137, -1.7532952], [-55.8392461, -1.7532411], [-55.8393846, -1.7531753]]}}, {"type": "Feature", "properties": {"nome": "Sem nome", "tipo": "Caminhos e trilhas", "classe_osm": "path", "comprimento_m": 19}, "geometry": {"type": "LineString", "coordinates": [[-55.841775, -1.7505226], [-55.8418469, -1.7506777]]}}, {"type": "Feature", "properties": {"nome": "Sem nome", "tipo": "Caminhos e trilhas", "classe_osm": "track", "comprimento_m": 128}, "geometry": {"type": "LineString", "coordinates": [[-55.8435146, -1.7498495], [-55.8423748, -1.7500271]]}}, {"type": "Feature", "properties": {"nome": "Sem nome", "tipo": "Caminhos e trilhas", "classe_osm": "track", "comprimento_m": 153}, "geometry": {"type": "LineString", "coordinates": [[-55.8435146, -1.7498495], [-55.8448794, -1.7496497]]}}, {"type": "Feature", "properties": {"nome": "Sem nome", "tipo": "Caminhos e trilhas", "classe_osm": "track", "comprimento_m": 152}, "geometry": {"type": "LineString", "coordinates": [[-55.8448794, -1.7496497], [-55.8455157, -1.7495684], [-55.8458933, -1.7495084], [-55.8462284, -1.7494393]]}}, {"type": "Feature", "properties": {"nome": "Sem nome", "tipo": "Caminhos e trilhas", "classe_osm": "path", "comprimento_m": 19}, "geometry": {"type": "LineString", "coordinates": [[-55.8460278, -1.7481193], [-55.8458789, -1.748201]]}}, {"type": "Feature", "properties": {"nome": "Sem nome", "tipo": "Caminhos e trilhas", "classe_osm": "track", "comprimento_m": 52}, "geometry": {"type": "LineString", "coordinates": [[-55.8421349, -1.7517181], [-55.8419663, -1.7518996], [-55.8419085, -1.7519523], [-55.8418751, -1.7519786], [-55.841804, -1.7520475]]}}, {"type": "Feature", "properties": {"nome": "Sem nome", "tipo": "Caminhos e trilhas", "classe_osm": "track", "comprimento_m": 139}, "geometry": {"type": "LineString", "coordinates": [[-55.841804, -1.7520475], [-55.8417608, -1.7521007], [-55.8416934, -1.7521496], [-55.8414945, -1.752235], [-55.8413629, -1.7522864], [-55.8412569, -1.7523319], [-55.8412027, -1.7523214], [-55.8411078, -1.7523194], [-55.8410502, -1.7523649], [-55.8409859, -1.7524541], [-55.8409142, -1.7525234], [-55.8408076, -1.7525936], [-55.8407568, -1.7526341]]}}, {"type": "Feature", "properties": {"nome": "Sem nome", "tipo": "Caminhos e trilhas", "classe_osm": "track", "comprimento_m": 171}, "geometry": {"type": "LineString", "coordinates": [[-55.8393846, -1.7531753], [-55.839446, -1.7531582], [-55.8395104, -1.7531547], [-55.8396241, -1.7531553], [-55.8397497, -1.7531633], [-55.8398584, -1.7531734], [-55.8399505, -1.7531599], [-55.8400822, -1.7530749], [-55.8402159, -1.7529958], [-55.8403119, -1.7529505], [-55.8403751, -1.7528929], [-55.8404805, -1.7528181], [-55.8406207, -1.7527272], [-55.8407568, -1.7526341]]}}, {"type": "Feature", "properties": {"nome": "Sem nome", "tipo": "Caminhos e trilhas", "classe_osm": "track", "comprimento_m": 210}, "geometry": {"type": "LineString", "coordinates": [[-55.8403119, -1.7529505], [-55.8403604, -1.7529512], [-55.840403, -1.752985], [-55.840432, -1.7530436], [-55.8404558, -1.7531281], [-55.8404544, -1.753194], [-55.8404467, -1.7532829], [-55.8404384, -1.7533681], [-55.8404451, -1.7534414], [-55.8404568, -1.7535523], [-55.8404568, -1.7536264], [-55.8404548, -1.7537173], [-55.8404063, -1.7535983], [-55.8403563, -1.7534973], [-55.840314, -1.7534184], [-55.8402889, -1.7533511], [-55.8402275, -1.7532894], [-55.8402045, -1.7532358], [-55.8401883, -1.7531687], [-55.8401312, -1.7531028], [-55.840055, -1.7530552], [-55.8399573, -1.7530213], [-55.8398944, -1.7530137], [-55.8398256, -1.7529742]]}}, {"type": "Feature", "properties": {"nome": "Sem nome", "tipo": "Caminhos e trilhas", "classe_osm": "path", "comprimento_m": 89}, "geometry": {"type": "LineString", "coordinates": [[-55.8402159, -1.7529958], [-55.8401502, -1.7529713], [-55.8400809, -1.7529374], [-55.8400369, -1.7528894], [-55.839972, -1.7528563], [-55.8399189, -1.7528397], [-55.839849, -1.7528165], [-55.839788, -1.7528121], [-55.8397298, -1.7528135], [-55.8396511, -1.7528114], [-55.839638, -1.7527759], [-55.8396503, -1.7527349], [-55.8396528, -1.7526655], [-55.8396332, -1.7526376]]}}, {"type": "Feature", "properties": {"nome": "Sem nome", "tipo": "Caminhos e trilhas", "classe_osm": "track", "comprimento_m": 150}, "geometry": {"type": "LineString", "coordinates": [[-55.8380622, -1.7547989], [-55.8380387, -1.7548518], [-55.838014, -1.7548882], [-55.837999, -1.7549307], [-55.8380014, -1.7550034], [-55.8379947, -1.7550533], [-55.8379937, -1.7550965], [-55.837982, -1.7551332], [-55.837957, -1.7551751], [-55.8379333, -1.7552126], [-55.8379214, -1.7552449], [-55.8378408, -1.7555961], [-55.8377966, -1.7558176], [-55.8377671, -1.7559413], [-55.8377614, -1.7560057], [-55.8377658, -1.7560997]]}}, {"type": "Feature", "properties": {"nome": "Sem nome", "tipo": "Caminhos e trilhas", "classe_osm": "track", "comprimento_m": 97}, "geometry": {"type": "LineString", "coordinates": [[-55.8389306, -1.7534205], [-55.8388996, -1.7534441], [-55.8388457, -1.7534853], [-55.8387875, -1.7535304], [-55.8387305, -1.7535764], [-55.8386579, -1.7536544], [-55.8386263, -1.753701], [-55.8386051, -1.7537418], [-55.8382229, -1.7536029]]}}, {"type": "Feature", "properties": {"nome": "Sem nome", "tipo": "Caminhos e trilhas", "classe_osm": "track", "comprimento_m": 133}, "geometry": {"type": "LineString", "coordinates": [[-55.8386051, -1.7537418], [-55.8385651, -1.7537952], [-55.8384882, -1.7539181], [-55.8384426, -1.7539783], [-55.8383671, -1.7540684], [-55.8383197, -1.7541491], [-55.8382801, -1.7542282], [-55.8382402, -1.7543108], [-55.8382097, -1.7543783], [-55.8381625, -1.7544773], [-55.8381263, -1.7545927], [-55.8381062, -1.7546601], [-55.8380622, -1.7547989]]}}, {"type": "Feature", "properties": {"nome": "Sem nome", "tipo": "Caminhos e trilhas", "classe_osm": "track", "comprimento_m": 110}, "geometry": {"type": "LineString", "coordinates": [[-55.8381319, -1.7536692], [-55.8381246, -1.7538005], [-55.8381246, -1.7539282], [-55.8381246, -1.7540726], [-55.8381246, -1.7541946], [-55.8381148, -1.7542832], [-55.8381063, -1.7544335], [-55.8380942, -1.754519], [-55.8381062, -1.7546601]]}}, {"type": "Feature", "properties": {"nome": "Sem nome", "tipo": "Caminhos e trilhas", "classe_osm": "track", "comprimento_m": 58}, "geometry": {"type": "LineString", "coordinates": [[-55.8388996, -1.7534441], [-55.8389405, -1.7534692], [-55.8389847, -1.7534953], [-55.8390439, -1.7535174], [-55.8391227, -1.7535414], [-55.8391849, -1.7535747], [-55.8392423, -1.7535989], [-55.8392828, -1.7536144], [-55.8393345, -1.7536326], [-55.8393753, -1.7536535]]}}, {"type": "Feature", "properties": {"nome": "Sem nome", "tipo": "Caminhos e trilhas", "classe_osm": "track", "comprimento_m": 53}, "geometry": {"type": "LineString", "coordinates": [[-55.8392423, -1.7535989], [-55.8392411, -1.7536284], [-55.839217, -1.753661], [-55.8391558, -1.7537203], [-55.839076, -1.753791], [-55.8390193, -1.7538391], [-55.8389888, -1.7538718], [-55.8389685, -1.7539058], [-55.8389306, -1.7539527]]}}, {"type": "Feature", "properties": {"nome": "Sem nome", "tipo": "Caminhos e trilhas", "classe_osm": "track", "comprimento_m": 163}, "geometry": {"type": "LineString", "coordinates": [[-55.8393835, -1.7565933], [-55.8392891, -1.7565717], [-55.8392197, -1.7565394], [-55.8391507, -1.7564936], [-55.8390873, -1.7564493], [-55.8390177, -1.7564204], [-55.8389374, -1.756406], [-55.8388554, -1.7564067], [-55.8387899, -1.7564216], [-55.8386848, -1.7564501], [-55.8386328, -1.7564818], [-55.8385857, -1.7565266], [-55.8385547, -1.756545], [-55.838521, -1.7566004], [-55.8385281, -1.7566363], [-55.8385658, -1.7566718], [-55.8386111, -1.7566914], [-55.8386406, -1.756728], [-55.8386399, -1.7567618], [-55.8386108, -1.7568325], [-55.8385871, -1.7568837], [-55.8385864, -1.7569188], [-55.8386583, -1.7569899]]}}, {"type": "Feature", "properties": {"nome": "Sem nome", "tipo": "Caminhos e trilhas", "classe_osm": "track", "comprimento_m": 42}, "geometry": {"type": "LineString", "coordinates": [[-55.8392411, -1.7579293], [-55.839242, -1.7580037], [-55.839254, -1.7580616], [-55.8392613, -1.7580802], [-55.8392724, -1.7581083], [-55.8392905, -1.7581443], [-55.8392981, -1.7581595], [-55.8393303, -1.7582068], [-55.8393856, -1.7582646]]}}, {"type": "Feature", "properties": {"nome": "Sem nome", "tipo": "Caminhos e trilhas", "classe_osm": "track", "comprimento_m": 16}, "geometry": {"type": "LineString", "coordinates": [[-55.8392905, -1.7581443], [-55.8392749, -1.7581378], [-55.8392566, -1.7581372], [-55.8392394, -1.7581388], [-55.839229, -1.7581446], [-55.8392187, -1.7581558], [-55.8392046, -1.7581718], [-55.8391981, -1.7581871], [-55.8391869, -1.7582093]]}}, {"type": "Feature", "properties": {"nome": "Sem nome", "tipo": "Caminhos e trilhas", "classe_osm": "track", "comprimento_m": 8}, "geometry": {"type": "LineString", "coordinates": [[-55.8392613, -1.7580802], [-55.8392508, -1.7581061], [-55.8392422, -1.7581216], [-55.839229, -1.7581446]]}}, {"type": "Feature", "properties": {"nome": "Sem nome", "tipo": "Caminhos e trilhas", "classe_osm": "track", "comprimento_m": 83}, "geometry": {"type": "LineString", "coordinates": [[-55.8395693, -1.7589072], [-55.8395653, -1.7589559], [-55.8395632, -1.759015], [-55.8395632, -1.7590587], [-55.8395735, -1.7590911], [-55.8395904, -1.759124], [-55.8396215, -1.7591581], [-55.8397834, -1.7592797], [-55.8398313, -1.7593077], [-55.8398747, -1.7593394], [-55.8399099, -1.7593699], [-55.8399357, -1.7594055], [-55.8399488, -1.7594316], [-55.8399706, -1.7594714]]}}, {"type": "Feature", "properties": {"nome": "Sem nome", "tipo": "Caminhos e trilhas", "classe_osm": "track", "comprimento_m": 85}, "geometry": {"type": "LineString", "coordinates": [[-55.8395693, -1.7589072], [-55.8395701, -1.7588396], [-55.8395716, -1.758766], [-55.8395793, -1.7586693], [-55.8395891, -1.7585917], [-55.8395997, -1.7585414], [-55.8396114, -1.7584953], [-55.8396127, -1.7584526], [-55.8396018, -1.7584159], [-55.8395812, -1.7583863], [-55.8395396, -1.7583497], [-55.8395045, -1.7583309], [-55.8394739, -1.7583222], [-55.8394378, -1.7583042], [-55.8393856, -1.7582646]]}}, {"type": "Feature", "properties": {"nome": "Sem nome", "tipo": "Caminhos e trilhas", "classe_osm": "track", "comprimento_m": 118}, "geometry": {"type": "LineString", "coordinates": [[-55.8465468, -1.748433], [-55.846592, -1.7484981], [-55.8466147, -1.7485353], [-55.8466286, -1.7485581], [-55.8466649, -1.7486224], [-55.8467327, -1.7486921], [-55.8468116, -1.7487791], [-55.8468919, -1.7488657], [-55.8469438, -1.7489397], [-55.8470093, -1.7490237], [-55.8470608, -1.7490997], [-55.8471018, -1.749166], [-55.8471282, -1.7492195], [-55.8471413, -1.7492593], [-55.8471456, -1.7492982]]}}, {"type": "Feature", "properties": {"nome": "Sem nome", "tipo": "Caminhos e trilhas", "classe_osm": "track", "comprimento_m": 165}, "geometry": {"type": "LineString", "coordinates": [[-55.8393753, -1.7536535], [-55.8394487, -1.7536834], [-55.8395134, -1.7537088], [-55.8395886, -1.7537336], [-55.8397071, -1.7537734], [-55.8398612, -1.7538171], [-55.8400214, -1.7538712], [-55.8401761, -1.7539203], [-55.8403103, -1.7539741], [-55.8404367, -1.7540277], [-55.8405349, -1.7540698], [-55.8406407, -1.7541181], [-55.8406708, -1.7541319], [-55.8407593, -1.75418]]}}, {"type": "Feature", "properties": {"nome": "Sem nome", "tipo": "Caminhos e trilhas", "classe_osm": "track", "comprimento_m": 96}, "geometry": {"type": "LineString", "coordinates": [[-55.8404548, -1.7537173], [-55.8404848, -1.7537815], [-55.8405323, -1.7538541], [-55.8405832, -1.7539366], [-55.8406253, -1.7540511], [-55.8406407, -1.7541181], [-55.8406647, -1.7541596], [-55.8407121, -1.7542017], [-55.8407459, -1.7542371], [-55.8407861, -1.7543053], [-55.8408265, -1.7543751], [-55.8408773, -1.7544633]]}}, {"type": "Feature", "properties": {"nome": "Ramal Maria da Fé", "tipo": "Vias locais", "classe_osm": "unclassified", "comprimento_m": 186}, "geometry": {"type": "LineString", "coordinates": [[-55.8393835, -1.7565933], [-55.8394437, -1.7566037], [-55.8395627, -1.7566261], [-55.8396728, -1.7566368], [-55.8397082, -1.7566403], [-55.8400684, -1.7566745], [-55.8401641, -1.7566711], [-55.8402584, -1.7566673], [-55.8402977, -1.7566532], [-55.8407974, -1.7560954]]}}, {"type": "Feature", "properties": {"nome": "Sem nome", "tipo": "Caminhos e trilhas", "classe_osm": "track", "comprimento_m": 141}, "geometry": {"type": "LineString", "coordinates": [[-55.8400684, -1.7566745], [-55.8400247, -1.7567022], [-55.839968, -1.7567352], [-55.8399265, -1.7567702], [-55.8398663, -1.7568271], [-55.839816, -1.7568913], [-55.8397695, -1.7569673], [-55.8397384, -1.7570139], [-55.8396936, -1.7570719], [-55.8396525, -1.7571275], [-55.8396278, -1.7571773], [-55.8395899, -1.757221], [-55.8395668, -1.7572541], [-55.8395818, -1.7572819], [-55.8396579, -1.757294], [-55.8396993, -1.7573268], [-55.8397274, -1.7573825], [-55.8397287, -1.7574474], [-55.8396102, -1.757611]]}}, {"type": "Feature", "properties": {"nome": "Sem nome", "tipo": "Caminhos e trilhas", "classe_osm": "track", "comprimento_m": 33}, "geometry": {"type": "LineString", "coordinates": [[-55.8399303, -1.7572258], [-55.8397287, -1.7574474]]}}, {"type": "Feature", "properties": {"nome": "Sem nome", "tipo": "Caminhos e trilhas", "classe_osm": "track", "comprimento_m": 33}, "geometry": {"type": "LineString", "coordinates": [[-55.8399265, -1.7567702], [-55.83986, -1.7567631], [-55.8398082, -1.7567425], [-55.8397631, -1.7566987], [-55.8397195, -1.7566775], [-55.8396728, -1.7566368]]}}, {"type": "Feature", "properties": {"nome": "Ramal Maria da Fé", "tipo": "Vias locais", "classe_osm": "unclassified", "comprimento_m": 97}, "geometry": {"type": "LineString", "coordinates": [[-55.8413585, -1.75543], [-55.8407974, -1.7560954]]}}, {"type": "Feature", "properties": {"nome": "Sem nome", "tipo": "Caminhos e trilhas", "classe_osm": "track", "comprimento_m": 63}, "geometry": {"type": "LineString", "coordinates": [[-55.8417571, -1.754948], [-55.8417108, -1.7549493], [-55.8416574, -1.7549493], [-55.8415798, -1.7549345], [-55.8414675, -1.7548989], [-55.841371, -1.7548566], [-55.8412936, -1.754823], [-55.8412207, -1.7547898]]}}, {"type": "Feature", "properties": {"nome": "Sem nome", "tipo": "Caminhos e trilhas", "classe_osm": "track", "comprimento_m": 146}, "geometry": {"type": "LineString", "coordinates": [[-55.8418492, -1.7548512], [-55.8417959, -1.7548652], [-55.8417322, -1.7548645], [-55.841682, -1.7548371], [-55.8416455, -1.7548043], [-55.8415455, -1.7547164], [-55.8413779, -1.7545542], [-55.8412463, -1.7544652], [-55.8411159, -1.7543932], [-55.8409867, -1.7543212], [-55.8409012, -1.7542663], [-55.8407593, -1.75418]]}}, {"type": "Feature", "properties": {"nome": "Sem nome", "tipo": "Caminhos e trilhas", "classe_osm": "track", "comprimento_m": 57}, "geometry": {"type": "LineString", "coordinates": [[-55.8412207, -1.7547898], [-55.8411533, -1.7547524], [-55.8410517, -1.7547069], [-55.8409714, -1.7546724], [-55.8409193, -1.7546356], [-55.8409031, -1.7545789], [-55.8408773, -1.7544633]]}}, {"type": "Feature", "properties": {"nome": "Sem nome", "tipo": "Caminhos e trilhas", "classe_osm": "track", "comprimento_m": 163}, "geometry": {"type": "LineString", "coordinates": [[-55.8421349, -1.7517181], [-55.8422127, -1.7516477], [-55.8422853, -1.7515799], [-55.842348, -1.7515391], [-55.8424153, -1.7515063], [-55.8424815, -1.7514809], [-55.8425915, -1.751466], [-55.8426832, -1.7514529], [-55.8427857, -1.7514368], [-55.8428783, -1.7514275], [-55.8429817, -1.7514112], [-55.8430703, -1.7514044], [-55.8431577, -1.7513884], [-55.8432432, -1.7513782], [-55.843307, -1.7513652], [-55.8433897, -1.7513513], [-55.8434628, -1.751337], [-55.8435125, -1.7513261]]}}, {"type": "Feature", "properties": {"nome": "Sem nome", "tipo": "Caminhos e trilhas", "classe_osm": "track", "comprimento_m": 71}, "geometry": {"type": "LineString", "coordinates": [[-55.8476276, -1.746198], [-55.8470003, -1.7463343]]}}, {"type": "Feature", "properties": {"nome": "Sem nome", "tipo": "Caminhos e trilhas", "classe_osm": "track", "comprimento_m": 104}, "geometry": {"type": "LineString", "coordinates": [[-55.8486719, -1.7485602], [-55.8488907, -1.7487883], [-55.8489997, -1.7488981], [-55.849312, -1.7492444]]}}, {"type": "Feature", "properties": {"nome": "Sem nome", "tipo": "Caminhos e trilhas", "classe_osm": "track", "comprimento_m": 84}, "geometry": {"type": "LineString", "coordinates": [[-55.8488907, -1.7487883], [-55.8483388, -1.7493044]]}}, {"type": "Feature", "properties": {"nome": "Sem nome", "tipo": "Caminhos e trilhas", "classe_osm": "track", "comprimento_m": 169}, "geometry": {"type": "LineString", "coordinates": [[-55.8476276, -1.746198], [-55.8477251, -1.7461764], [-55.8478404, -1.7461534], [-55.8479706, -1.7461235], [-55.8480538, -1.7461013], [-55.8481426, -1.74609], [-55.8482641, -1.7460754], [-55.8484056, -1.7460509], [-55.8485573, -1.7460294], [-55.8487404, -1.746005], [-55.8488683, -1.745981], [-55.8489693, -1.7459649], [-55.849121, -1.7459374]]}}, {"type": "Feature", "properties": {"nome": "Sem nome", "tipo": "Caminhos e trilhas", "classe_osm": "track", "comprimento_m": 25}, "geometry": {"type": "LineString", "coordinates": [[-55.8480538, -1.7461013], [-55.8480309, -1.7460583], [-55.8480187, -1.7460288], [-55.848003, -1.745997], [-55.8479887, -1.7459608], [-55.8479729, -1.7459274], [-55.8479516, -1.7459004]]}}, {"type": "Feature", "properties": {"nome": "Sem nome", "tipo": "Caminhos e trilhas", "classe_osm": "track", "comprimento_m": 24}, "geometry": {"type": "LineString", "coordinates": [[-55.8485309, -1.7452842], [-55.8485683, -1.7452386], [-55.8485883, -1.7452059], [-55.848603, -1.745161], [-55.8486043, -1.7451119], [-55.8485944, -1.7450901]]}}, {"type": "Feature", "properties": {"nome": "Sem nome", "tipo": "Caminhos e trilhas", "classe_osm": "track", "comprimento_m": 102}, "geometry": {"type": "LineString", "coordinates": [[-55.8443598, -1.7531917], [-55.8443243, -1.7531629], [-55.8443053, -1.7531439], [-55.8442582, -1.753116], [-55.8441556, -1.7530728], [-55.8440881, -1.7530609], [-55.8440388, -1.7530534], [-55.8440036, -1.7530345], [-55.8439684, -1.7530031], [-55.8439201, -1.752997], [-55.8438482, -1.7530021], [-55.8437388, -1.75302], [-55.843649, -1.7530016], [-55.8435125, -1.7529495]]}}, {"type": "Feature", "properties": {"nome": "Sem nome", "tipo": "Caminhos e trilhas", "classe_osm": "path", "comprimento_m": 55}, "geometry": {"type": "LineString", "coordinates": [[-55.8441281, -1.7522475], [-55.8442385, -1.7523096], [-55.8442992, -1.752349], [-55.8443473, -1.7523814], [-55.8443653, -1.7523974], [-55.8444006, -1.7524165], [-55.8444688, -1.7524422], [-55.8445671, -1.7524735]]}}, {"type": "Feature", "properties": {"nome": "Sem nome", "tipo": "Caminhos e trilhas", "classe_osm": "path", "comprimento_m": 19}, "geometry": {"type": "LineString", "coordinates": [[-55.8447064, -1.7525333], [-55.8447385, -1.7525571], [-55.8447612, -1.7525791], [-55.8447816, -1.7525866], [-55.8447985, -1.7525906], [-55.8448191, -1.7525906], [-55.8448589, -1.7525944]]}}, {"type": "Feature", "properties": {"nome": "Sem nome", "tipo": "Caminhos e trilhas", "classe_osm": "path", "comprimento_m": 12}, "geometry": {"type": "LineString", "coordinates": [[-55.8447985, -1.7525906], [-55.8447902, -1.7526038], [-55.8447841, -1.7526318], [-55.844779, -1.7526591], [-55.8447816, -1.7526921]]}}, {"type": "Feature", "properties": {"nome": "Sem nome", "tipo": "Caminhos e trilhas", "classe_osm": "track", "comprimento_m": 164}, "geometry": {"type": "LineString", "coordinates": [[-55.8435125, -1.7513261], [-55.8444247, -1.7511484], [-55.8449126, -1.7513874]]}}, {"type": "Feature", "properties": {"nome": "Sem nome", "tipo": "Caminhos e trilhas", "classe_osm": "track", "comprimento_m": 55}, "geometry": {"type": "LineString", "coordinates": [[-55.8495272, -1.7443127], [-55.849546, -1.7443427], [-55.8496043, -1.744394], [-55.8496866, -1.7444397], [-55.8498078, -1.7444804], [-55.849903, -1.7445321], [-55.8499505, -1.7445566]]}}, {"type": "Feature", "properties": {"nome": "Avenida Brasil", "tipo": "Vias locais", "classe_osm": "residential", "comprimento_m": 1002}, "geometry": {"type": "LineString", "coordinates": [[-55.8453006, -1.7518374], [-55.8447816, -1.7525866], [-55.8443598, -1.7531917], [-55.8438017, -1.7540038], [-55.8432208, -1.7548558], [-55.8426217, -1.7557055], [-55.8419314, -1.7566258], [-55.8418722, -1.7566326], [-55.8413938, -1.7565802], [-55.8413164, -1.7565916], [-55.8412435, -1.756628], [-55.841141, -1.7567852], [-55.84092, -1.757095], [-55.840207, -1.7577921], [-55.8398903, -1.7581634], [-55.8396127, -1.7584526]]}}, {"type": "Feature", "properties": {"nome": "Sem nome", "tipo": "Caminhos e trilhas", "classe_osm": "track", "comprimento_m": 129}, "geometry": {"type": "LineString", "coordinates": [[-55.8562624, -1.7389116], [-55.856318, -1.7389504], [-55.8563555, -1.7390027], [-55.8563855, -1.7390523], [-55.8564304, -1.7391056], [-55.8564705, -1.7391384], [-55.8565294, -1.7391671], [-55.8566434, -1.7392161], [-55.856785, -1.739274], [-55.8568789, -1.7393051], [-55.8569509, -1.7393408], [-55.8569969, -1.7393749], [-55.8570463, -1.7393964], [-55.8571098, -1.739435], [-55.8571664, -1.7394677], [-55.8572369, -1.7394981]]}}, {"type": "Feature", "properties": {"nome": "Sem nome", "tipo": "Caminhos e trilhas", "classe_osm": "track", "comprimento_m": 20}, "geometry": {"type": "LineString", "coordinates": [[-55.8536701, -1.7409328], [-55.8536963, -1.7411117]]}}, {"type": "Feature", "properties": {"nome": "Sem nome", "tipo": "Caminhos e trilhas", "classe_osm": "track", "comprimento_m": 315}, "geometry": {"type": "LineString", "coordinates": [[-55.8536963, -1.7411117], [-55.8539395, -1.741914], [-55.8540742, -1.7425843], [-55.8540974, -1.7428542], [-55.8541125, -1.7429173], [-55.8541323, -1.7431226], [-55.8541824, -1.7433633], [-55.8542425, -1.7435391], [-55.8542983, -1.7436893], [-55.8543627, -1.7438587]]}}, {"type": "Feature", "properties": {"nome": "Sem nome", "tipo": "Caminhos e trilhas", "classe_osm": "track", "comprimento_m": 44}, "geometry": {"type": "LineString", "coordinates": [[-55.8517393, -1.743616], [-55.8517682, -1.7436806], [-55.8517868, -1.7437409], [-55.8518069, -1.7438122], [-55.8518374, -1.7439692], [-55.8518093, -1.7439819]]}}, {"type": "Feature", "properties": {"nome": "Sem nome", "tipo": "Caminhos e trilhas", "classe_osm": "track", "comprimento_m": 154}, "geometry": {"type": "LineString", "coordinates": [[-55.8517393, -1.743616], [-55.8516967, -1.74347], [-55.8516537, -1.7433424], [-55.8516233, -1.7432142], [-55.8516024, -1.7431038], [-55.8515752, -1.7429534], [-55.8515554, -1.7428533], [-55.8515209, -1.742712], [-55.8515153, -1.7426133], [-55.8514991, -1.7425298], [-55.8514567, -1.7424507], [-55.8513978, -1.7423627], [-55.8513374, -1.7423141]]}}, {"type": "Feature", "properties": {"nome": "Sem nome", "tipo": "Caminhos e trilhas", "classe_osm": "track", "comprimento_m": 90}, "geometry": {"type": "LineString", "coordinates": [[-55.8512503, -1.7445055], [-55.8511965, -1.7444431], [-55.8511365, -1.7443702], [-55.851061, -1.7442704], [-55.8510362, -1.7442036], [-55.8510174, -1.7441262], [-55.8509883, -1.7440625], [-55.850959, -1.7439725], [-55.8509051, -1.7438797], [-55.8508499, -1.7438201]]}}, {"type": "Feature", "properties": {"nome": "Sem nome", "tipo": "Vias locais", "classe_osm": "unclassified", "comprimento_m": 590}, "geometry": {"type": "LineString", "coordinates": [[-55.822932, -1.7508391], [-55.8236829, -1.7509561], [-55.8242582, -1.7511169], [-55.8246386, -1.7511998], [-55.8260867, -1.7515605], [-55.826745, -1.7516726], [-55.8269839, -1.7517603], [-55.827947, -1.7523824]]}}, {"type": "Feature", "properties": {"nome": "Sem nome", "tipo": "Vias locais", "classe_osm": "residential", "comprimento_m": 518}, "geometry": {"type": "LineString", "coordinates": [[-55.848248, -1.7539068], [-55.8467288, -1.7525824], [-55.8472479, -1.7521366], [-55.847724, -1.7517278], [-55.848225, -1.751219], [-55.8486562, -1.7507811]]}}, {"type": "Feature", "properties": {"nome": "Sem nome", "tipo": "Vias locais", "classe_osm": "unclassified", "comprimento_m": 238}, "geometry": {"type": "LineString", "coordinates": [[-55.848225, -1.751219], [-55.8498009, -1.7526741]]}}, {"type": "Feature", "properties": {"nome": "Rua São Jorge", "tipo": "Vias locais", "classe_osm": "residential", "comprimento_m": 507}, "geometry": {"type": "LineString", "coordinates": [[-55.8471456, -1.7492982], [-55.8471188, -1.7493961], [-55.8469793, -1.7500891], [-55.846931, -1.7505047], [-55.8469138, -1.7509077], [-55.8468194, -1.7520625], [-55.8467288, -1.7525824], [-55.846598, -1.753615], [-55.8465725, -1.7538163]]}}, {"type": "Feature", "properties": {"nome": "Sem nome", "tipo": "Vias locais", "classe_osm": "residential", "comprimento_m": 306}, "geometry": {"type": "LineString", "coordinates": [[-55.8472479, -1.7521366], [-55.8485584, -1.7533345], [-55.8493066, -1.753958]]}}, {"type": "Feature", "properties": {"nome": "Sem nome", "tipo": "Caminhos e trilhas", "classe_osm": "path", "comprimento_m": 164}, "geometry": {"type": "LineString", "coordinates": [[-55.8587161, -1.7383738], [-55.8587313, -1.7384557], [-55.8587131, -1.7385308], [-55.8586713, -1.7386377], [-55.8586395, -1.738756], [-55.8585879, -1.738844], [-55.8585416, -1.7389281], [-55.8585287, -1.7389729], [-55.8585151, -1.7390017], [-55.8584915, -1.7390146], [-55.8584733, -1.7390419], [-55.858421, -1.7391382], [-55.8583504, -1.7392936], [-55.8583186, -1.7393315], [-55.8582298, -1.7394407], [-55.8581729, -1.7395393], [-55.8581266, -1.739603], [-55.8581099, -1.7396417], [-55.8580917, -1.7396697]]}}, {"type": "Feature", "properties": {"nome": "Sem nome", "tipo": "Caminhos e trilhas", "classe_osm": "track", "comprimento_m": 332}, "geometry": {"type": "LineString", "coordinates": [[-55.8580917, -1.7396697], [-55.8579294, -1.7387596], [-55.8579052, -1.7386237], [-55.8578015, -1.7382054], [-55.8577651, -1.7379809], [-55.8577211, -1.7377428], [-55.857674, -1.7375092], [-55.8576103, -1.73735], [-55.8575769, -1.7372742], [-55.857536, -1.7371908], [-55.8574844, -1.7370255], [-55.8574738, -1.7369375], [-55.8574358, -1.7367646]]}}, {"type": "Feature", "properties": {"nome": "Sem nome", "tipo": "Caminhos e trilhas", "classe_osm": "track", "comprimento_m": 186}, "geometry": {"type": "LineString", "coordinates": [[-55.8572369, -1.7394981], [-55.8573039, -1.7396153], [-55.8573897, -1.739759], [-55.8575045, -1.7399734], [-55.8576322, -1.740115], [-55.8576955, -1.7401826], [-55.8578296, -1.740426], [-55.8579519, -1.7405847], [-55.8582367, -1.7408113]]}}, {"type": "Feature", "properties": {"nome": "Sem nome", "tipo": "Caminhos e trilhas", "classe_osm": "track", "comprimento_m": 420}, "geometry": {"type": "LineString", "coordinates": [[-55.8580917, -1.7396697], [-55.8581279, -1.7400903], [-55.8581982, -1.7405287], [-55.8582367, -1.7408113], [-55.8582146, -1.7418087], [-55.8581995, -1.7421522], [-55.8581102, -1.7434291]]}}, {"type": "Feature", "properties": {"nome": "Sem nome", "tipo": "Caminhos e trilhas", "classe_osm": "track", "comprimento_m": 35}, "geometry": {"type": "LineString", "coordinates": [[-55.8488491, -1.7456368], [-55.848952, -1.7455556], [-55.8490386, -1.7455137], [-55.8490923, -1.7454435]]}}, {"type": "Feature", "properties": {"nome": "Sem nome", "tipo": "Caminhos e trilhas", "classe_osm": "track", "comprimento_m": 93}, "geometry": {"type": "LineString", "coordinates": [[-55.8500576, -1.7468538], [-55.8499192, -1.7466838], [-55.8498299, -1.7465741], [-55.8497354, -1.7464696], [-55.8497099, -1.7464033], [-55.8497354, -1.7463344], [-55.8497635, -1.7462706], [-55.8498043, -1.7462171], [-55.8498324, -1.7461763]]}}, {"type": "Feature", "properties": {"nome": "Sem nome", "tipo": "Caminhos e trilhas", "classe_osm": "track", "comprimento_m": 114}, "geometry": {"type": "LineString", "coordinates": [[-55.8515739, -1.7462969], [-55.8515055, -1.7464026], [-55.8514178, -1.7464737], [-55.8513488, -1.7464799], [-55.851308, -1.7464541], [-55.8512544, -1.7464198], [-55.8511838, -1.7463397], [-55.851106, -1.7462933], [-55.8509969, -1.7462697], [-55.8508896, -1.7462332], [-55.8507187, -1.7461629]]}}, {"type": "Feature", "properties": {"nome": "Sem nome", "tipo": "Caminhos e trilhas", "classe_osm": "track", "comprimento_m": 108}, "geometry": {"type": "LineString", "coordinates": [[-55.8504468, -1.7490332], [-55.8502582, -1.7488306], [-55.85007, -1.7486516], [-55.8498637, -1.7484514], [-55.8497551, -1.7483565]]}}, {"type": "Feature", "properties": {"nome": "Sem nome", "tipo": "Vias locais", "classe_osm": "unclassified", "comprimento_m": 1566}, "geometry": {"type": "LineString", "coordinates": [[-55.8439632, -1.7365677], [-55.8441456, -1.7363834], [-55.8444759, -1.7356568], [-55.8446787, -1.7350895], [-55.8448655, -1.7342695], [-55.8447971, -1.7333856], [-55.84487, -1.7329482], [-55.8454213, -1.7318229], [-55.845763, -1.731422], [-55.8464236, -1.7307522], [-55.8471754, -1.7302465], [-55.8478087, -1.7297317], [-55.8484647, -1.729103], [-55.8488748, -1.7284104], [-55.8491208, -1.7276997], [-55.8495582, -1.727153], [-55.8498771, -1.7264969], [-55.8502234, -1.7260049], [-55.8506881, -1.725768], [-55.8514261, -1.7254855]]}}, {"type": "Feature", "properties": {"nome": "Sem nome", "tipo": "Vias locais", "classe_osm": "unclassified", "comprimento_m": 262}, "geometry": {"type": "LineString", "coordinates": [[-55.8518083, -1.7440013], [-55.8519131, -1.7440767], [-55.8520345, -1.7441817], [-55.8521302, -1.7442727], [-55.8522686, -1.7443933], [-55.852413, -1.7445426], [-55.8525768, -1.7447099], [-55.8529202, -1.7450647], [-55.8534281, -1.7457058]]}}, {"type": "Feature", "properties": {"nome": "Sem nome", "tipo": "Caminhos e trilhas", "classe_osm": "track", "comprimento_m": 45}, "geometry": {"type": "LineString", "coordinates": [[-55.8523404, -1.7480188], [-55.8523562, -1.7478501], [-55.8524406, -1.7477588], [-55.8525038, -1.7476657]]}}, {"type": "Feature", "properties": {"nome": "Sem nome", "tipo": "Caminhos e trilhas", "classe_osm": "track", "comprimento_m": 184}, "geometry": {"type": "LineString", "coordinates": [[-55.8523562, -1.7478501], [-55.8523387, -1.747743], [-55.852358, -1.747685], [-55.8523966, -1.7476183], [-55.8524705, -1.7475094], [-55.8526339, -1.7473214], [-55.8530099, -1.7469684], [-55.8531699, -1.7468349], [-55.8532735, -1.7467155], [-55.8533473, -1.7465925]]}}, {"type": "Feature", "properties": {"nome": "Sem nome", "tipo": "Caminhos e trilhas", "classe_osm": "track", "comprimento_m": 128}, "geometry": {"type": "LineString", "coordinates": [[-55.8523404, -1.7480188], [-55.8522221, -1.748145], [-55.8520393, -1.7483135], [-55.852011, -1.7483582], [-55.851879, -1.7483264], [-55.8517482, -1.7484395], [-55.8514829, -1.7481791]]}}, {"type": "Feature", "properties": {"nome": "Sem nome", "tipo": "Vias locais", "classe_osm": "residential", "comprimento_m": 170}, "geometry": {"type": "LineString", "coordinates": [[-55.8497404, -1.7497065], [-55.8486019, -1.7507293]]}}, {"type": "Feature", "properties": {"nome": "Sem nome", "tipo": "Caminhos e trilhas", "classe_osm": "path", "comprimento_m": 168}, "geometry": {"type": "LineString", "coordinates": [[-55.8567975, -1.7471352], [-55.8567596, -1.7471905], [-55.8566818, -1.7472488], [-55.8565987, -1.7473051], [-55.856529, -1.7473453], [-55.8564914, -1.7473935], [-55.8564431, -1.7474633], [-55.8563922, -1.7475303], [-55.8562956, -1.7476107], [-55.856199, -1.7476831], [-55.8560864, -1.7477474], [-55.8559818, -1.7478252], [-55.8559147, -1.7478654], [-55.8558048, -1.7479271], [-55.8557055, -1.7480021], [-55.8556241, -1.7480566]]}}, {"type": "Feature", "properties": {"nome": "Alameda Rafael Printes Cole", "tipo": "Vias locais", "classe_osm": "residential", "comprimento_m": 145}, "geometry": {"type": "LineString", "coordinates": [[-55.8548367, -1.7470244], [-55.8551299, -1.7467378], [-55.8552756, -1.746584], [-55.8554761, -1.7463725], [-55.855743, -1.7460898]]}}, {"type": "Feature", "properties": {"nome": "Rua Aciole Ramos", "tipo": "Vias locais", "classe_osm": "residential", "comprimento_m": 398}, "geometry": {"type": "LineString", "coordinates": [[-55.8595919, -1.7573337], [-55.8581319, -1.7587922], [-55.8570424, -1.7598411]]}}, {"type": "Feature", "properties": {"nome": "Rua Primeiro de Maio", "tipo": "Vias locais", "classe_osm": "residential", "comprimento_m": 461}, "geometry": {"type": "LineString", "coordinates": [[-55.8559359, -1.7533378], [-55.8544459, -1.7547905], [-55.8529743, -1.7562429]]}}, {"type": "Feature", "properties": {"nome": "Sem nome", "tipo": "Vias locais", "classe_osm": "residential", "comprimento_m": 72}, "geometry": {"type": "LineString", "coordinates": [[-55.8478942, -1.7594926], [-55.8474596, -1.759018]]}}, {"type": "Feature", "properties": {"nome": "Sem nome", "tipo": "Vias locais", "classe_osm": "residential", "comprimento_m": 103}, "geometry": {"type": "LineString", "coordinates": [[-55.8485795, -1.7588697], [-55.8479178, -1.7582267]]}}, {"type": "Feature", "properties": {"nome": "Sem nome", "tipo": "Vias locais", "classe_osm": "residential", "comprimento_m": 126}, "geometry": {"type": "LineString", "coordinates": [[-55.8489018, -1.7585726], [-55.8480955, -1.757775]]}}, {"type": "Feature", "properties": {"nome": "Sem nome", "tipo": "Vias locais", "classe_osm": "residential", "comprimento_m": 150}, "geometry": {"type": "LineString", "coordinates": [[-55.8492244, -1.7582671], [-55.8482802, -1.7573055]]}}, {"type": "Feature", "properties": {"nome": "Travessa Professora Leonor Marinho", "tipo": "Vias locais", "classe_osm": "residential", "comprimento_m": 175}, "geometry": {"type": "LineString", "coordinates": [[-55.8495534, -1.7579644], [-55.848471, -1.7568206]]}}, {"type": "Feature", "properties": {"nome": "Sem nome", "tipo": "Vias locais", "classe_osm": "residential", "comprimento_m": 199}, "geometry": {"type": "LineString", "coordinates": [[-55.8498798, -1.7576697], [-55.8486513, -1.7563624]]}}, {"type": "Feature", "properties": {"nome": "Sem nome", "tipo": "Vias locais", "classe_osm": "residential", "comprimento_m": 140}, "geometry": {"type": "LineString", "coordinates": [[-55.8510853, -1.7583713], [-55.8502666, -1.7574117]]}}, {"type": "Feature", "properties": {"nome": "Sem nome", "tipo": "Vias locais", "classe_osm": "residential", "comprimento_m": 214}, "geometry": {"type": "LineString", "coordinates": [[-55.850554, -1.7570607], [-55.8492314, -1.7556662]]}}, {"type": "Feature", "properties": {"nome": "Sem nome", "tipo": "Vias locais", "classe_osm": "residential", "comprimento_m": 116}, "geometry": {"type": "LineString", "coordinates": [[-55.8515974, -1.7576115], [-55.8509204, -1.7568148]]}}, {"type": "Feature", "properties": {"nome": "Travessa Manoel Figueiredo", "tipo": "Vias locais", "classe_osm": "residential", "comprimento_m": 93}, "geometry": {"type": "LineString", "coordinates": [[-55.8521174, -1.7568593], [-55.851589, -1.7562112]]}}, {"type": "Feature", "properties": {"nome": "Sem nome", "tipo": "Vias locais", "classe_osm": "residential", "comprimento_m": 83}, "geometry": {"type": "LineString", "coordinates": [[-55.8523887, -1.7564798], [-55.851892, -1.7559219]]}}, {"type": "Feature", "properties": {"nome": "Sem nome", "tipo": "Vias principais", "classe_osm": "tertiary", "comprimento_m": 699}, "geometry": {"type": "LineString", "coordinates": [[-55.8474784, -1.7599539], [-55.8475285, -1.7598503], [-55.8475823, -1.7597862], [-55.8478942, -1.7594926], [-55.8482367, -1.7591921], [-55.8485795, -1.7588697], [-55.8489018, -1.7585726], [-55.8492244, -1.7582671], [-55.8495534, -1.7579644], [-55.8498798, -1.7576697], [-55.8502159, -1.757361], [-55.850554, -1.7570607], [-55.8508753, -1.7567666], [-55.8512034, -1.75646], [-55.8515292, -1.7561468], [-55.851833, -1.7558566], [-55.8520541, -1.7556504]]}}, {"type": "Feature", "properties": {"nome": "Sem nome", "tipo": "Vias locais", "classe_osm": "residential", "comprimento_m": 104}, "geometry": {"type": "LineString", "coordinates": [[-55.849344, -1.7506551], [-55.8500051, -1.7499896]]}}, {"type": "Feature", "properties": {"nome": "Travessa Menino Jesus", "tipo": "Vias locais", "classe_osm": "residential", "comprimento_m": 162}, "geometry": {"type": "LineString", "coordinates": [[-55.8435989, -1.7561109], [-55.8426217, -1.7557055], [-55.8422777, -1.755505]]}}, {"type": "Feature", "properties": {"nome": "Travessa das Flores", "tipo": "Vias locais", "classe_osm": "residential", "comprimento_m": 113}, "geometry": {"type": "LineString", "coordinates": [[-55.8441454, -1.7552717], [-55.8432208, -1.7548558]]}}, {"type": "Feature", "properties": {"nome": "Travessa das Flores", "tipo": "Vias locais", "classe_osm": "residential", "comprimento_m": 152}, "geometry": {"type": "LineString", "coordinates": [[-55.845426, -1.7557553], [-55.8447083, -1.7555392], [-55.844173, -1.7552293]]}}, {"type": "Feature", "properties": {"nome": "Travessa Esperança", "tipo": "Vias locais", "classe_osm": "residential", "comprimento_m": 217}, "geometry": {"type": "LineString", "coordinates": [[-55.8456221, -1.7546722], [-55.8450341, -1.7545596], [-55.8446878, -1.7544252], [-55.8438017, -1.7540038]]}}, {"type": "Feature", "properties": {"nome": "Sem nome", "tipo": "Vias locais", "classe_osm": "residential", "comprimento_m": 146}, "geometry": {"type": "LineString", "coordinates": [[-55.8459808, -1.7519217], [-55.8459305, -1.7519114], [-55.8458416, -1.7519274], [-55.8457755, -1.7519274], [-55.8453006, -1.7518374], [-55.8449748, -1.7516779], [-55.844845, -1.7515732], [-55.8447975, -1.7514976]]}}, {"type": "Feature", "properties": {"nome": "Rua Manoel Alexandre", "tipo": "Vias locais", "classe_osm": "residential", "comprimento_m": 533}, "geometry": {"type": "LineString", "coordinates": [[-55.8432663, -1.7566987], [-55.8435989, -1.7561109], [-55.8441454, -1.7552717], [-55.844173, -1.7552293], [-55.8446878, -1.7544252], [-55.8452801, -1.753555], [-55.8457289, -1.7528739], [-55.8458131, -1.7527418], [-55.8458961, -1.7527137]]}}, {"type": "Feature", "properties": {"nome": "Sem nome", "tipo": "Vias locais", "classe_osm": "unclassified", "comprimento_m": 192}, "geometry": {"type": "LineString", "coordinates": [[-55.832559, -1.7158777], [-55.8330363, -1.7145742], [-55.833069, -1.7144667], [-55.8330928, -1.7143997], [-55.8331196, -1.714346], [-55.8331378, -1.7143315], [-55.8331559, -1.7143255], [-55.8331807, -1.7143248], [-55.8332052, -1.7143291]]}}, {"type": "Feature", "properties": {"nome": "Sem nome", "tipo": "Vias locais", "classe_osm": "unclassified", "comprimento_m": 57}, "geometry": {"type": "LineString", "coordinates": [[-55.8302445, -1.7183071], [-55.8302062, -1.7183166], [-55.8301667, -1.7183167], [-55.8301283, -1.7183074], [-55.8300932, -1.7182892], [-55.8300533, -1.7182505], [-55.8300286, -1.7182007], [-55.830022, -1.7181455], [-55.8300283, -1.7181078], [-55.8300432, -1.7180726], [-55.8300658, -1.7180419], [-55.8300949, -1.7180171], [-55.830129, -1.7179998]]}}, {"type": "Feature", "properties": {"nome": "Sem nome", "tipo": "Vias principais", "classe_osm": "secondary", "comprimento_m": 37}, "geometry": {"type": "LineString", "coordinates": [[-55.830129, -1.7179998], [-55.8300033, -1.7176964]]}}, {"type": "Feature", "properties": {"nome": "Sem nome", "tipo": "Vias principais", "classe_osm": "secondary", "comprimento_m": 37}, "geometry": {"type": "LineString", "coordinates": [[-55.8302445, -1.7183071], [-55.830129, -1.7179998]]}}, {"type": "Feature", "properties": {"nome": "Sem nome", "tipo": "Vias principais", "classe_osm": "secondary", "comprimento_m": 303}, "geometry": {"type": "LineString", "coordinates": [[-55.8303656, -1.7186182], [-55.8313027, -1.7211757]]}}, {"type": "Feature", "properties": {"nome": "Sem nome", "tipo": "Vias principais", "classe_osm": "secondary", "comprimento_m": 58}, "geometry": {"type": "LineString", "coordinates": [[-55.8298312, -1.7172051], [-55.8300033, -1.7176964]]}}, {"type": "Feature", "properties": {"nome": "Sem nome", "tipo": "Vias locais", "classe_osm": "unclassified", "comprimento_m": 699}, "geometry": {"type": "LineString", "coordinates": [[-55.8240942, -1.7048402], [-55.8227598, -1.7048377], [-55.8217939, -1.7050746], [-55.8208827, -1.7051384], [-55.8199442, -1.705111], [-55.8190694, -1.7052295], [-55.8188052, -1.7053388], [-55.818632, -1.7055849], [-55.8185045, -1.7062136]]}}, {"type": "Feature", "properties": {"nome": "Sem nome", "tipo": "Vias locais", "classe_osm": "unclassified", "comprimento_m": 1484}, "geometry": {"type": "LineString", "coordinates": [[-55.8225551, -1.7023112], [-55.8228053, -1.7019583], [-55.8233338, -1.6996438], [-55.8234432, -1.69917], [-55.8234341, -1.6986597], [-55.8230878, -1.6971927], [-55.8227051, -1.6959808], [-55.8224317, -1.6955981], [-55.8220946, -1.6940308], [-55.8221219, -1.6932017], [-55.8220217, -1.6930194], [-55.8220673, -1.6923634], [-55.8220673, -1.6919442], [-55.8218941, -1.6914886], [-55.8214932, -1.6908781], [-55.8212927, -1.69014], [-55.8210923, -1.6895842]]}}, {"type": "Feature", "properties": {"nome": "Sem nome", "tipo": "Vias locais", "classe_osm": "service", "comprimento_m": 21}, "geometry": {"type": "LineString", "coordinates": [[-55.849353, -1.7461901], [-55.8494935, -1.7460572]]}}, {"type": "Feature", "properties": {"nome": "Sem nome", "tipo": "Vias locais", "classe_osm": "residential", "comprimento_m": 108}, "geometry": {"type": "LineString", "coordinates": [[-55.8479746, -1.7542575], [-55.8472913, -1.7535653]]}}, {"type": "Feature", "properties": {"nome": "Sem nome", "tipo": "Vias locais", "classe_osm": "residential", "comprimento_m": 35}, "geometry": {"type": "LineString", "coordinates": [[-55.8490461, -1.7546134], [-55.8489587, -1.7548176], [-55.8489233, -1.7549001]]}}, {"type": "Feature", "properties": {"nome": "Rua São Jorge", "tipo": "Vias locais", "classe_osm": "residential", "comprimento_m": 204}, "geometry": {"type": "LineString", "coordinates": [[-55.8466061, -1.7545476], [-55.8465834, -1.7546816], [-55.8465287, -1.7549372], [-55.8464586, -1.7554725], [-55.8464061, -1.7558399], [-55.8463319, -1.7563565]]}}, {"type": "Feature", "properties": {"nome": "Sem nome", "tipo": "Vias locais", "classe_osm": "residential", "comprimento_m": 30}, "geometry": {"type": "LineString", "coordinates": [[-55.8492161, -1.7549038], [-55.8489587, -1.7548176]]}}, {"type": "Feature", "properties": {"nome": "Sem nome", "tipo": "Vias locais", "classe_osm": "residential", "comprimento_m": 78}, "geometry": {"type": "LineString", "coordinates": [[-55.8552756, -1.746584], [-55.8549669, -1.7462768], [-55.854781, -1.7460802]]}}, {"type": "Feature", "properties": {"nome": "Alameda Ivanildes Corrêa dos Reis", "tipo": "Vias locais", "classe_osm": "residential", "comprimento_m": 157}, "geometry": {"type": "LineString", "coordinates": [[-55.8544226, -1.7467722], [-55.8549669, -1.7462768], [-55.8554601, -1.7458107]]}}, {"type": "Feature", "properties": {"nome": "Rua Vigésima Primeira", "tipo": "Vias locais", "classe_osm": "residential", "comprimento_m": 70}, "geometry": {"type": "LineString", "coordinates": [[-55.8577511, -1.7448854], [-55.8576492, -1.7450811], [-55.8575821, -1.7453411], [-55.8575553, -1.7454832]]}}, {"type": "Feature", "properties": {"nome": "Rua Vigésima Primeira", "tipo": "Vias locais", "classe_osm": "residential", "comprimento_m": 91}, "geometry": {"type": "LineString", "coordinates": [[-55.8581102, -1.7434291], [-55.8579613, -1.7441476], [-55.8579539, -1.74419], [-55.8579536, -1.7442041], [-55.8579583, -1.7442346]]}}, {"type": "Feature", "properties": {"nome": "Sem nome", "tipo": "Vias locais", "classe_osm": "residential", "comprimento_m": 398}, "geometry": {"type": "LineString", "coordinates": [[-55.849534, -1.7533467], [-55.847724, -1.7517278], [-55.8476366, -1.7516364], [-55.8469138, -1.7509077]]}}, {"type": "Feature", "properties": {"nome": "Sem nome", "tipo": "Vias locais", "classe_osm": "residential", "comprimento_m": 177}, "geometry": {"type": "LineString", "coordinates": [[-55.8477888, -1.7546651], [-55.8471794, -1.7541027], [-55.846598, -1.753615]]}}]}